{"type": "FeatureCollection", "features": [{"type": "Feature", "properties": {"mandal": "Aswapuram", "district": "Khammam", "state": "Telangana"}, "geometry": {"type": "Polygon", "coordinates": [[[80.88355552552272, 17.93470132452618], [80.88336461572595, 17.933451777988555], [80.88336374193113, 17.93344605674899], [80.88229624565376, 17.930543698943808], [80.88157862747283, 17.927649823017887], [80.88157721925462, 17.92764414154229], [80.8815569941911, 17.927562581403436], [80.88048935406928, 17.92379706164231], [80.88016037721022, 17.920580171353606], [80.88024153378161, 17.916735181049805], [80.8800761115817, 17.911085626999647], [80.88007529878648, 17.907594258141653], [80.8800752849943, 17.907535691226805], [80.88007399301227, 17.90198330016934], [80.88040183299144, 17.900492116747383], [80.88081147267344, 17.897980767158387], [80.88138524856122, 17.895704678227084], [80.8817950364695, 17.893899540129873], [80.8817915826162, 17.89384470726171], [80.88154796138693, 17.889976301390572], [80.88140073676666, 17.88889875758353], [80.88139879132305, 17.888884515995112], [80.88105484890525, 17.886367141761657], [80.87990509419224, 17.881267614805296], [80.87826316156085, 17.876090013964088], [80.8763752632946, 17.871148000621627], [80.87580045942025, 17.868480498512533], [80.87481510525967, 17.863851574873415], [80.87407594974866, 17.85953631313058], [80.87423959554529, 17.857495941831992], [80.87424467921242, 17.857455339652617], [80.87448528105529, 17.855533971099096], [80.87579680146987, 17.851138512424704], [80.87669817647628, 17.8469003219906], [80.87724631441615, 17.844669207556063], [80.87724646921693, 17.844668579256577], [80.87772798739263, 17.842708585306575], [80.87833271496464, 17.840247017033498], [80.87833717000572, 17.840228880354868], [80.87948124934361, 17.83669295286363], [80.87949854343391, 17.836639503543314], [80.88013736483384, 17.834665079543804], [80.88014034638233, 17.83465586378102], [80.88175065838563, 17.827173879240707], [80.88177889340925, 17.827042683901297], [80.88169610171532, 17.823437143804664], [80.88169600813404, 17.82343303767246], [80.88169375722345, 17.823382714533526], [80.88136618500701, 17.816056918895196], [80.87898571461578, 17.806642225531935], [80.87840229641517, 17.805363975308584], [80.87839866279302, 17.805356013431332], [80.87703178868729, 17.802361158156728], [80.87701659683883, 17.80232787216546], [80.87340741050923, 17.797622482392157], [80.87000929407289, 17.79373303262292], [80.86991880854985, 17.79362946045608], [80.86990604247958, 17.79361484795511], [80.86758401766365, 17.790956953744832], [80.86490775692819, 17.787544888045225], [80.86487745086916, 17.787506249091077], [80.86438526240637, 17.786251053186444], [80.86422099031746, 17.7844462814207], [80.86471266477768, 17.7824055730029], [80.86528617807554, 17.779423106230837], [80.86594175601958, 17.776989888673018], [80.86684335290474, 17.77487036762327], [80.86815469420132, 17.771573395424745], [80.86962974887693, 17.767020682439863], [80.86963435311186, 17.767001681802746], [80.87069481988514, 17.762625230446837], [80.87159606073992, 17.75925007247263], [80.87184148519543, 17.756424767224363], [80.8718415861647, 17.756424027695587], [80.8710191693472, 17.755929112626372], [80.87044629995194, 17.75532659257665], [80.86998830388688, 17.754789523812907], [80.86776036004176, 17.75217694287256], [80.86530984907614, 17.750398942978705], [80.86324931855971, 17.749510638800444], [80.86157860635008, 17.748733261942878], [80.86013076143618, 17.748567589220105], [80.85907274526103, 17.7485684703677], [80.85818178510797, 17.748569212128835], [80.85717944358824, 17.748514420747416], [80.85656686204005, 17.74829242641702], [80.85606552328616, 17.747458448809073], [80.8555641267258, 17.746346340518137], [80.8550068022582, 17.74406612668849], [80.85417087859365, 17.740951750392014], [80.85383636405957, 17.73900510865067], [80.85378005414739, 17.736001335455228], [80.85383514892258, 17.733164348133034], [80.85411334267854, 17.73205159105114], [80.85466982271292, 17.730271085836478], [80.85578303824077, 17.72793385359553], [80.8576197882741, 17.723815978153933], [80.85784243512323, 17.723370781800682], [80.85823198829557, 17.722202305132246], [80.8583987537277, 17.72081150878807], [80.85839848749131, 17.71953210388688], [80.85873214701459, 17.7173624007491], [80.85900973962003, 17.7133570765321], [80.85772943475739, 17.715527568375165], [80.85678315947436, 17.717308398467587], [80.85644922267795, 17.718143070437357], [80.8559483925997, 17.719756650638818], [80.85567009489787, 17.720368771918224], [80.85461241500578, 17.721982815750916], [80.85333199493482, 17.72359704470869], [80.85177313787159, 17.7251558790346], [80.84988020509083, 17.726881871439726], [80.84765338243828, 17.729665040758956], [80.84642868214905, 17.731446102646174], [80.84498131067575, 17.733561107242558], [80.84336690819255, 17.73578750386475], [80.84236484325659, 17.737067743776418], [80.84119578129119, 17.73862625294032], [80.83991540802232, 17.74046298732544], [80.8387555168609, 17.741493039622405], [80.83584128738782, 17.741272961568328], [80.83353970186423, 17.741571552195307], [80.83034718533379, 17.742019221363822], [80.82633801719074, 17.742764244608768], [80.82284863781737, 17.74380550835349], [80.82047312930793, 17.745661696178225], [80.81735495232384, 17.746554312941576], [80.81428306583604, 17.746899900230453], [80.8114431058442, 17.746791012601076], [80.80849177494542, 17.746682217100968], [80.80359157308216, 17.747075682084752], [80.80086312138978, 17.7476342163938], [80.79874711273078, 17.747747231358396], [80.79640835276405, 17.74780480504646], [80.79512766637609, 17.748139629040345], [80.79345727692063, 17.74891978808305], [80.7925849321846, 17.74918010355295], [80.79174985346148, 17.750126445424232], [80.79074756904093, 17.750349785565607], [80.78980087601396, 17.750128068241185], [80.78868697815106, 17.749183349349693], [80.78690458145472, 17.746904155132825], [80.7851777428011, 17.744013026338813], [80.78417497140066, 17.741900062887964], [80.78311649146737, 17.739675892703882], [80.78099967145957, 17.735895068080538], [80.7791612767774, 17.73211401148462], [80.77793556784594, 17.729055586332734], [80.77670945288817, 17.72405024161944], [80.77598472497621, 17.720101379810888], [80.77537170231163, 17.71776558595669], [80.77297647981831, 17.714096246515236], [80.77186217520567, 17.71120460753716], [80.7700794883342, 17.707534757022447], [80.76913220453854, 17.704476100996317], [80.76879698138781, 17.699136257311174], [80.76734998166009, 17.698593874748653], [80.76543265746213, 17.697642428894895], [80.76287626267936, 17.69635113805911], [80.76026653906916, 17.694311571219604], [80.75829347915526, 17.693232360734417], [80.75691181257828, 17.69247660831506], [80.75467511104522, 17.691253131257643], [80.75339678952555, 17.6910834581664], [80.75108727013705, 17.694178278349042], [80.75037676502741, 17.694824502230784], [80.74884868595436, 17.69730705300629], [80.74806703362094, 17.698191302837998], [80.74685925590849, 17.69900764303419], [80.74529609757383, 17.700368094337957], [80.74426606220977, 17.70074234916536], [80.74192174951958, 17.70176292160447], [80.73989684947428, 17.703157429617548], [80.73872452148582, 17.703973714241723], [80.73577576411338, 17.70628641889242], [80.73417720051275, 17.707170759400526], [80.73360905022068, 17.70703484735287], [80.73229564374277, 17.70587899158881], [80.73084090062478, 17.703397059637705], [80.72967060318966, 17.70033703277182], [80.72810969272652, 17.697311053879687], [80.72740095594439, 17.694556958640824], [80.72725193464674, 17.6934466322602], [80.7223201791742, 17.693053106909705], [80.7132293318055, 17.695229808263655], [80.7058019465862, 17.696701811915236], [80.70261677024175, 17.697857039845236], [80.70293113636099, 17.699791388761767], [80.7042538841518, 17.704385438450977], [80.70582979381467, 17.708133181810638], [80.7072148629804, 17.71417794650302], [80.70802790174962, 17.72620704801384], [80.71010445025763, 17.737450179316074], [80.7106250613662, 17.741108214036064], [80.7109217225442, 17.743192620203555], [80.71180170085327, 17.74972084546863], [80.7126812119176, 17.757095298145632], [80.71330727604773, 17.76592044972533], [80.71341448740976, 17.770729423414686], [80.71400161758802, 17.77451733869385], [80.7152561888747, 17.788621275892744], [80.71559016991904, 17.7933762983159], [80.71659555056974, 17.802080335963105], [80.71725134513976, 17.80585850803477], [80.72662006995635, 17.8097004166142], [80.73763220452592, 17.815721562275623], [80.74510491404523, 17.820237212391987], [80.75021837652946, 17.822494598545376], [80.75454556267644, 17.823622777651522], [80.75651283561606, 17.82324581011957], [80.76359460233293, 17.82286729838387], [80.76603077959471, 17.821913083639114], [80.77225098652202, 17.819476549636452], [80.7895611330922, 17.82022264018114], [80.791527068031, 17.82549182489709], [80.7899516449168, 17.83302111845001], [80.78837477427585, 17.846196773768966], [80.79033898928613, 17.860123651177602], [80.79387797594428, 17.87216758742598], [80.79387485833557, 17.88722435042763], [80.78902963878967, 17.89795291803647], [80.79067494843193, 17.898906011735317], [80.79380091335342, 17.900011987549636], [80.79823885756102, 17.902741431693702], [80.8010560962817, 17.90421656504078], [80.80279272130633, 17.905433810691328], [80.80672921239758, 17.90775728672915], [80.8085432007078, 17.90819929363899], [80.81109056004482, 17.90845633645743], [80.8130203762106, 17.90871368331884], [80.8159150960316, 17.90922886383264], [80.81811511719958, 17.90933836788535], [80.81973618258736, 17.909485093103093], [80.82039234351463, 17.909337068679804], [80.82174326652174, 17.90893025554278], [80.8234029944007, 17.907895748829784], [80.82456093297161, 17.907193735594383], [80.82732738378719, 17.90513476068809], [80.83025874510916, 17.90382493543613], [80.8327713552819, 17.90277693533702], [80.8346035503659, 17.902409342819965], [80.83580764690649, 17.902565226669537], [80.83727352873699, 17.90287777976219], [80.83921063237854, 17.903503712938658], [80.84051952802156, 17.904130167961284], [80.84308478339142, 17.9044941009687], [80.84538828568277, 17.904858251780386], [80.84654000992433, 17.904909588676613], [80.84742998053017, 17.904961143411327], [80.8486863953917, 17.904960097618755], [80.84947164319068, 17.90490714921167], [80.85067560872828, 17.90443548821073], [80.85146072625716, 17.90375499360552], [80.85365908064362, 17.901975119352436], [80.85501989098981, 17.900509714577108], [80.85669477215345, 17.898887161758452], [80.8579509795229, 17.897892503043238], [80.86020178254202, 17.896583243092774], [80.86151042776666, 17.89600690443372], [80.8628714446974, 17.895535112473343], [80.86077245623137, 17.89983119347783], [80.85952017005967, 17.902836056063222], [80.85772512975426, 17.9066757657601], [80.8561807321409, 17.91080730428231], [80.85492870694992, 17.915063758359665], [80.85350969605437, 17.919654109534818], [80.85284191987624, 17.92178237177994], [80.85271677686862, 17.92249171123127], [80.85365941931553, 17.92455597124723], [80.85424696589678, 17.925728850061187], [80.85450412463041, 17.92675533231579], [80.8547981582053, 17.92858847410695], [80.85490865151401, 17.930385100822576], [80.85494564128066, 17.931741775863692], [80.85505601234073, 17.932951719341265], [80.85498304311433, 17.935078508753154], [80.85472640339222, 17.936545430965094], [80.8544330117189, 17.937792378341946], [80.85428651495506, 17.93936921243423], [80.85421336202697, 17.940615976075346], [80.8551675526618, 17.93977182479186], [80.85590148984907, 17.938854520429633], [80.85670873281214, 17.937423807515817], [80.85736924151819, 17.936433228681306], [80.85784634817267, 17.93606615470772], [80.85865385051967, 17.935882144012957], [80.85971832825172, 17.935844590205626], [80.8607461684921, 17.936137076670967], [80.86140695968584, 17.936503203733935], [80.86203096089665, 17.936466016764182], [80.862544835645, 17.93639225395433], [80.86342577382128, 17.93631818465772], [80.8646737224252, 17.935987136608716], [80.86603179020986, 17.93565599726671], [80.86724306323775, 17.935471649732218], [80.86911500512515, 17.935066746948618], [80.87032625440054, 17.934772396838014], [80.87168425407688, 17.93411124802554], [80.87307896735332, 17.933486735190264], [80.87432693883969, 17.933265690414494], [80.87531804130874, 17.933411536268768], [80.87645592475872, 17.93333725352032], [80.87836475611769, 17.9338123453779], [80.880127474218, 17.93425107107751], [80.88262285736639, 17.93457882393629], [80.88355552552272, 17.93470132452618]]]}}, {"type": "Feature", "properties": {"mandal": "Aswaraopeta", "district": "Khammam", "state": "Telangana"}, "geometry": {"type": "Polygon", "coordinates": [[[81.05311945435315, 17.214330376053887], [81.05238586645069, 17.215610596229528], [81.05033029820942, 17.220362336338493], [81.04920094610648, 17.224123288556672], [81.04848373269355, 17.227883550262916], [81.04848835318946, 17.22803744464852], [81.04570033907747, 17.226799968065606], [81.0437416456263, 17.226011778621277], [81.04054654378417, 17.22532449052679], [81.03848473950657, 17.22443749511316], [81.03559941892549, 17.224343174304632], [81.03034528230293, 17.22543960967703], [81.0264300895438, 17.22594031146497], [81.02364789117193, 17.225944592706426], [81.02024742675017, 17.225949776482544], [81.01591956319575, 17.22595629475703], [81.0122089814542, 17.22487365973585], [81.00839496063098, 17.22329649410888], [81.00587006929433, 17.222912388903296], [81.00592167037016, 17.223003323518967], [81.00850290527042, 17.228836027969322], [81.01149631076899, 17.2344702348027], [81.01387022382926, 17.238621471463553], [81.01511010710686, 17.242180834659116], [81.01651284049551, 17.246685717832143], [81.01775235185966, 17.24692177465163], [81.01776497967244, 17.246954695989654], [81.02347812848117, 17.24741135808152], [81.02938730369827, 17.248061709067443], [81.03213665538283, 17.249244471738262], [81.03557443660237, 17.251745066868853], [81.03832483378648, 17.2538510172846], [81.04148878016778, 17.257143326636676], [81.041593941386, 17.257254594899567], [81.04671650094362, 17.26267443330542], [81.05029328021217, 17.26622971356206], [81.0549714966773, 17.271497718174583], [81.0610251542876, 17.277554634000406], [81.06501815781263, 17.284010612521133], [81.07066194185316, 17.29151876628214], [81.07616709183722, 17.297708058106466], [81.08208559339727, 17.304424018904918], [81.08607426441854, 17.306527070581463], [81.08800143782555, 17.308765728643245], [81.08883160031039, 17.312984779555535], [81.08883757271838, 17.31760101276228], [81.08884166800401, 17.320766424775996], [81.08760810621806, 17.323538426662974], [81.08513717802508, 17.326180781430672], [81.08294044604722, 17.328295040224692], [81.08000818665539, 17.330580053090852], [81.07996473239963, 17.330439984133413], [81.07392010694926, 17.333616154552026], [81.06897425935671, 17.336130778770766], [81.06155517496568, 17.339836547372784], [81.0548237756661, 17.344068463787924], [81.05055555064378, 17.347891778535356], [81.05056625453308, 17.34790040082623], [81.0500297911605, 17.348332304272116], [81.04383560687808, 17.35331896753378], [81.03888942688806, 17.356360432683584], [81.03366945974437, 17.360721111163045], [81.03060413953396, 17.363285048025705], [81.03064738537297, 17.36336365891977], [81.02762613684644, 17.36692938725779], [81.02487874394247, 17.369439530630608], [81.02323085711507, 17.3715522884994], [81.02089695698103, 17.375248745453238], [81.01952538387862, 17.37881131752], [81.01774166252788, 17.382903074337637], [81.01650573079253, 17.38461948227401], [81.01430833129531, 17.38752431032765], [81.01142380414123, 17.39095767797483], [81.00826380609408, 17.39399573956632], [81.00620265476783, 17.395713281581234], [81.00221753144945, 17.39888432837857], [81.00098091711767, 17.400073083825816], [81.0002945696308, 17.40152482502025], [81.00029712907406, 17.404558235172253], [81.00126255025832, 17.407854045932996], [81.00144596118554, 17.412163466623976], [81.00250212979947, 17.419011377171845], [81.00422047058369, 17.426980709302935], [81.0071641948179, 17.437996244950185], [81.01034942189894, 17.445259936036116], [81.0140265266831, 17.45533636132363], [81.01574435371968, 17.461898707320767], [81.01648451113942, 17.468931404800973], [81.01673385271256, 17.474089139097917], [81.0157627458192, 17.481827729245556], [81.01430111333937, 17.488160271895936], [81.01210371485399, 17.492383758537684], [81.01201808167541, 17.49265555215011], [81.01701710499493, 17.491050301715582], [81.0230690139537, 17.489458556849495], [81.03159626042502, 17.486939596443996], [81.04424766886974, 17.481775968129064], [81.05332311970014, 17.47793640575746], [81.05643300854402, 17.475444479248956], [81.05813562163296, 17.47581818755619], [81.06157266630501, 17.473965979621177], [81.06679533531626, 17.469868607421876], [81.06940666704021, 17.46788581224311], [81.0695282000327, 17.467813119033817], [81.07449274114543, 17.46484354934797], [81.07779220909438, 17.463255080973333], [81.08150529070755, 17.462457118981934], [81.08176337165452, 17.462319097470957], [81.08521682708127, 17.460472138073143], [81.09071615956752, 17.458220031728747], [81.095116689598, 17.45728867742151], [81.09841657215443, 17.45622742009659], [81.10171481685724, 17.45647414971253], [81.10392178554324, 17.45845902899656], [81.10653733964641, 17.459904753403663], [81.11066902568807, 17.463457656647563], [81.11438893092945, 17.467538815834995], [81.11755816289286, 17.47122533795137], [81.11976397427611, 17.474518066288397], [81.12238159854112, 17.477150531489563], [81.12431358457548, 17.481235047303606], [81.12706775283662, 17.483075876844083], [81.12954801484136, 17.48570851991472], [81.12967977702156, 17.48573631320522], [81.12983661216902, 17.485769394953397], [81.13326371828077, 17.486492253566208], [81.13564172026723, 17.486378818238148], [81.13615258199998, 17.486354446413092], [81.137801031283, 17.484768455112302], [81.14068986646568, 17.484630586393607], [81.1449515106919, 17.482643442075673], [81.14976208131544, 17.479863748962035], [81.15388746268808, 17.478799891569487], [81.15663992806539, 17.479453397606562], [81.15669535075365, 17.479400062447358], [81.16034840019486, 17.47588453129047], [81.1635047113716, 17.471261733048856], [81.16350335816476, 17.471260267355134], [81.16361944270731, 17.47104952644484], [81.16473901712294, 17.469017008064707], [81.16624930686856, 17.46729920200392], [81.1687193473021, 17.463732888571375], [81.16962415522583, 17.461225087096366], [81.16981463850856, 17.460697128360454], [81.16678326402555, 17.457670481995933], [81.16402797309425, 17.455170723468456], [81.1615441216587, 17.45042829377742], [81.15920055152111, 17.447268142756926], [81.15864470554665, 17.443840330209202], [81.16056529581735, 17.440802802067836], [81.16317529462884, 17.438818832202212], [81.1659236710359, 17.437362067099475], [81.16963612917397, 17.436694447591204], [81.17252264688076, 17.435632947778604], [81.17430768766415, 17.433914445308794], [81.17650576466902, 17.432458770498656], [81.1814533591372, 17.430337415983796], [81.18736287178724, 17.427818077327064], [81.19217270010637, 17.425696785865092], [81.19547104267598, 17.42437023993542], [81.19808047073408, 17.42238582794907], [81.20082909555731, 17.421324261213027], [81.20439852654364, 17.42105245779435], [81.20716017537491, 17.423815062358624], [81.20757602271709, 17.42552859218678], [81.20854376724391, 17.42816400257247], [81.20978434066338, 17.42961177333026], [81.21088916599453, 17.43198306680629], [81.21130708667091, 17.434751665872884], [81.21502061988089, 17.434742682415223], [81.21832411350448, 17.43605349501119], [81.22327734920478, 17.43696453480847], [81.2271251548654, 17.43800861269544], [81.22904633789956, 17.433125533837323], [81.23192447804678, 17.428106660042584], [81.23410811533847, 17.419792315632613], [81.23643637330696, 17.4150385081813], [81.23958828674412, 17.40962313342049], [81.24315449617805, 17.405129853566734], [81.24507505575264, 17.402882833916664], [81.24782093366811, 17.400765553767375], [81.25139546863562, 17.400360628380255], [81.25469326818151, 17.39916503884285], [81.25661335411029, 17.396786022389797], [81.2579662635151, 17.395947197615797], [81.25853595493815, 17.395593974219334], [81.2616932546681, 17.39307975841625], [81.26395687514545, 17.392946026103218], [81.26403061943793, 17.3929416687531], [81.26746805040318, 17.392800614193145], [81.27131536432013, 17.391471403680335], [81.27488643036891, 17.389615316992717], [81.27777139011636, 17.38842048176254], [81.28093282244105, 17.38788429415631], [81.28305548244106, 17.387425816690584], [81.28720608707454, 17.38519993883529], [81.29064336691837, 17.38505851010401], [81.29490380640348, 17.384123385530224], [81.29944045721244, 17.38371495232745], [81.30424673524308, 17.381063537430276], [81.30795448167724, 17.379074606876017], [81.31165671038286, 17.374843504112697], [81.31494629978205, 17.370613523619532], [81.31589454123853, 17.36878298867141], [81.31578913002109, 17.36870321600303], [81.3158988404734, 17.367761441641367], [81.31614891009158, 17.366685998797937], [81.3160915993067, 17.3657999534614], [81.31586518627302, 17.36482722358095], [81.3154855352382, 17.364017574748488], [81.3145854459728, 17.36312535577568], [81.31365524615113, 17.362450214745323], [81.31258456283055, 17.361849958600665], [81.31174307621129, 17.361100026034144], [81.31151816608171, 17.3607919102145], [81.31129325415239, 17.360482665615994], [81.31113948798496, 17.359878263178604], [81.31098336683105, 17.359273863481825], [81.31056102076525, 17.358039292861594], [81.30999897129371, 17.35696551164907], [81.30940354825901, 17.355966394640593], [81.30867396363985, 17.354972072546516], [81.30793346647782, 17.353826302691417], [81.30793329924454, 17.353826043510207], [81.3078590556537, 17.35371116508756], [81.30732692799009, 17.35258305794146], [81.30679345368482, 17.351911601112523], [81.306426997725, 17.351186677974756], [81.30600587349919, 17.350219977215055], [81.30555556722213, 17.349092828824737], [81.30513321451119, 17.348099000287437], [81.30468356151366, 17.346997845094812], [81.30459811925745, 17.346137844208936], [81.30423285909626, 17.345412913119123], [81.30361444227358, 17.344634235915755], [81.30308195212035, 17.343857645641943], [81.30243706298091, 17.343079016785985], [81.30176363733898, 17.342434952175164], [81.30111758211481, 17.341656322109447], [81.30047265020723, 17.340850559831058], [81.2999749464673, 17.340367774385562], [81.29925077293424, 17.339783073780325], [81.29924457629234, 17.339778070190203], [81.298418569478, 17.339421845948998], [81.29837579760759, 17.339403399936472], [81.29734008758307, 17.338841423125956], [81.296807549025, 17.338572330255822], [81.29638595944374, 17.33790288084149], [81.29544907894888, 17.336495216691592], [81.29473083001201, 17.33578226668253], [81.29374844177663, 17.33454762248287], [81.292766907466, 17.3334316557816], [81.29186997886389, 17.332251089905185], [81.29147177044958, 17.331811385239636], [81.29114038302107, 17.33144546187256], [81.29085145221734, 17.33116231356072], [81.29010259360437, 17.330426800465894], [81.28917630956124, 17.32954129389096], [81.28844656509725, 17.328655402666644], [81.28740947870753, 17.327957738317505], [81.28668202790789, 17.327598569716674], [81.28657677421913, 17.32754678689822], [81.28654242885716, 17.327529890143413], [81.28553944473806, 17.327095516496552], [81.28469404497727, 17.32688803240117], [81.28378098600183, 17.3265969082304], [81.28377079447264, 17.326593658864844], [81.28300057253723, 17.326214113230726], [81.282957361305, 17.32619282005407], [81.28280012391066, 17.32612982250511], [81.28202333794623, 17.325818897795706], [81.28198508290167, 17.32580358479973], [81.2818990742733, 17.325755144829778], [81.28045106054388, 17.324933893662262], [81.27968113103128, 17.324508092032183], [81.27850314019457, 17.323937247852577], [81.27768933886335, 17.32334649352067], [81.27693506404881, 17.32222549797301], [81.27667579410884, 17.321467533858474], [81.27627941102611, 17.320699654429703], [81.27611873083495, 17.320387984150905], [81.27553246270365, 17.31941135045904], [81.27504330569528, 17.31873406823355], [81.27497146208391, 17.318694980509914], [81.27397726004104, 17.318154062431063], [81.273929426153, 17.318128036746582], [81.27282342376678, 17.317922122905554], [81.27155744380013, 17.31803864630735], [81.26991771016641, 17.31867919973805], [81.26885519410644, 17.319326586641157], [81.26815688300232, 17.3196771491367], [81.26764118294983, 17.319838606364886], [81.26720427817051, 17.3199750518067], [81.26627552955651, 17.320140657416562], [81.26614318805773, 17.320164637363135], [81.26514810922946, 17.320410613415813], [81.26404400006945, 17.320865895416073], [81.2632330789399, 17.32110926549226], [81.26230929027585, 17.32140709357362], [81.26124041962152, 17.321835168814214], [81.26043591910569, 17.32205590985517], [81.25903675446138, 17.322084433563067], [81.25808504706438, 17.32195050669739], [81.2570500916369, 17.32227563962972], [81.25615447881302, 17.32254626237891], [81.2552298219443, 17.322708421316094], [81.25434954455736, 17.32300048535784], [81.25397252363663, 17.32308633885437], [81.25397244552975, 17.32308635617425], [81.2531338439368, 17.323277316528948], [81.25201429478038, 17.323681697160417], [81.25109224103392, 17.323978343743537], [81.25013943233557, 17.32419478694479], [81.24913210495505, 17.324518701197068], [81.24829336599316, 17.325003953558888], [81.24762331746317, 17.325704799780304], [81.24669986587591, 17.325894048168212], [81.24551868408655, 17.32613363898527], [81.24549702083397, 17.32613803339278], [81.24527311118588, 17.325972264051632], [81.24518793836123, 17.325738433703236], [81.24504835089218, 17.325354363870254], [81.24479494540245, 17.324521750181432], [81.24441320630653, 17.323534840332933], [81.2443999682857, 17.323500616054947], [81.24404743825768, 17.32352006268897], [81.24391340654806, 17.323527456538173], [81.24339272144317, 17.323556615564232], [81.24307970285544, 17.323563938438177], [81.24233128798352, 17.323584445442624], [81.2412100874795, 17.323746882144235], [81.23986774525547, 17.32396394756149], [81.23899337046774, 17.32389128951308], [81.23892143999547, 17.32388531219242], [81.23897544680436, 17.322863400574416], [81.23909886441847, 17.32183119692987], [81.238866119705, 17.321235305421183], [81.2388623842631, 17.32122574285905], [81.23823359333394, 17.321019964771235], [81.23762835625948, 17.320823187391625], [81.23684578888475, 17.32082451763529], [81.23628603004317, 17.321040230516306], [81.23600693875122, 17.321256596952054], [81.23536239564243, 17.321123178347616], [81.23491139558848, 17.32096682434915], [81.2347465389567, 17.320909455769534], [81.23412391191344, 17.320853989336428], [81.23385085048847, 17.320829582023094], [81.23353488153668, 17.320830113866393], [81.23275878646912, 17.320831418211693], [81.23172350177747, 17.320994790376552], [81.23066006839075, 17.32121133189834], [81.22970931556277, 17.321267172504555], [81.228813376786, 17.32137491313959], [81.22840612670954, 17.32130205945615], [81.2284058771475, 17.321302014656776], [81.2279181338869, 17.32121476015575], [81.22668680854943, 17.321324177356512], [81.22591986631596, 17.321509685799803], [81.22567990249779, 17.321567727748988], [81.22467867152407, 17.3220260270721], [81.22361425558354, 17.32202777101664], [81.22246671430058, 17.322271536161594], [81.22185858703803, 17.32209732546286], [81.22162781649767, 17.32203101138923], [81.22145051310805, 17.322079889506952], [81.22131435050424, 17.32211742624192], [81.2206568407119, 17.322301607468496], [81.21959117116108, 17.322596089190107], [81.21921723449947, 17.32276059156796], [81.21919048785934, 17.322772339575714], [81.21829767671461, 17.323164472814263], [81.21737571437542, 17.323542356270256], [81.21634049486661, 17.32375877981655], [81.21505394751716, 17.324271746122], [81.21488633751765, 17.324321748056512], [81.21387832404653, 17.324622890943083], [81.21303926441648, 17.32497236527836], [81.2121455746457, 17.325377309761645], [81.21165467014487, 17.325622236190426], [81.21133367038732, 17.325782119551036], [81.21040869498421, 17.326132849250335], [81.20977294147181, 17.326321483618976], [81.20909082759016, 17.32623890968972], [81.20781247816855, 17.325706264029847], [81.20680412233946, 17.325465945838378], [81.20590713636523, 17.32532039766649], [81.20582473612212, 17.325306961641356], [81.20448075915715, 17.3252807855454], [81.20333322652054, 17.325202303222795], [81.20212920466, 17.32512277111165], [81.20197563540479, 17.325126397784423], [81.20098243940124, 17.3251516562997], [81.19997485973205, 17.325018685922178], [81.19899587898007, 17.325100430906293], [81.19866055209417, 17.325092746018967], [81.19866044005654, 17.325092743476354], [81.19793199188159, 17.32507604815005], [81.19710538587596, 17.32514398681582], [81.19693594611074, 17.325157807717826], [81.19548017724898, 17.32513287404383], [81.19436097435818, 17.32510629598086], [81.19304466107887, 17.325082266964845], [81.19248223670219, 17.325083105602495], [81.19248214161522, 17.325083105744163], [81.19209320294559, 17.32508368482686], [81.19132817421763, 17.32502491430452], [81.1902484227611, 17.325110108102578], [81.19021857197733, 17.325112463557648], [81.18974140105772, 17.324763896877997], [81.18941550588855, 17.324080528171507], [81.18929270715259, 17.323824124303783], [81.1887875308554, 17.322884432688614], [81.18825415760915, 17.321970781294368], [81.18788865528299, 17.3211653909445], [81.18769135073539, 17.32030549701532], [81.18735514415582, 17.31941868006446], [81.18713039279135, 17.318316933940476], [81.18701635028974, 17.317270413155132], [81.1868473299422, 17.31643195287537], [81.18659577645377, 17.315491881863004], [81.18636834887288, 17.314551777646443], [81.18569712174641, 17.313879076775113], [81.185164254472, 17.313261559606392], [81.18452014547661, 17.312617075405285], [81.18411126280205, 17.312107656832897], [81.18411116187536, 17.312107531285985], [81.18387402249694, 17.31181208246543], [81.1833692407371, 17.311087137607313], [81.18328938928707, 17.310818233038862], [81.18308888084158, 17.31014710296424], [81.18281046688413, 17.309510889506537], [81.18281044043061, 17.30951082895861], [81.18272455592185, 17.30931457091062], [81.18224634326967, 17.308266308574442], [81.18174221630532, 17.307197734118738], [81.18129124730798, 17.306257941127335], [81.18120916695494, 17.306065901491632], [81.1808424662918, 17.305209631107353], [81.18045001088544, 17.304056117351568], [81.180196652688, 17.303061781126086], [81.17999898359119, 17.301932853928353], [81.17982939045987, 17.3006965034223], [81.17971610435383, 17.299727962669664], [81.17970275392904, 17.29941729778236], [81.17970274611534, 17.299417115130204], [81.1796837561584, 17.298975201121642], [81.17944761180163, 17.29807126471183], [81.17928714326932, 17.297024796412934], [81.17897811919164, 17.296165046221176], [81.17872536974895, 17.2951707041342], [81.178443629476, 17.294070150247222], [81.17843301391254, 17.294035716081048], [81.17816218258828, 17.29315723234104], [81.17793717440287, 17.292217105195224], [81.1777993024307, 17.29170073327986], [81.17768451613348, 17.291275885480587], [81.17759477588528, 17.291069160557715], [81.1773202421096, 17.29043881716808], [81.17720773028694, 17.28957878316174], [81.17689179060511, 17.288799291765717], [81.17687052847934, 17.28874506614016], [81.17678512294306, 17.28791211943507], [81.17642094907691, 17.28713382637728], [81.17629900903339, 17.285875921481562], [81.17628367252883, 17.28508130815879], [81.17624854956955, 17.28404256713976], [81.17647140872201, 17.283209184417867], [81.17649873997411, 17.28261797284069], [81.17691660521406, 17.281971951246774], [81.17693492854275, 17.281946202127653], [81.17693506003432, 17.281946017468183], [81.1772805547255, 17.28146051686151], [81.17808776529382, 17.281137220176173], [81.17842640589869, 17.281002226440247], [81.17855861856015, 17.280523899744395], [81.17864811959753, 17.28019597043698], [81.17881624612373, 17.279357009262487], [81.17918588307428, 17.27834594838233], [81.17917655709213, 17.27726082367104], [81.17906412858267, 17.27645504279248], [81.17883976362545, 17.275540907358547], [81.17874590522699, 17.274949866424], [81.17866986000374, 17.274466183515532], [81.17830579417105, 17.27336460707997], [81.1781067311035, 17.272450433705878], [81.17785338557731, 17.271428953253213], [81.17782412693761, 17.27131678585276], [81.17792190286167, 17.270843438561897], [81.17796578832176, 17.270630984192408], [81.17818861285411, 17.26898508799579], [81.17823030421351, 17.268677130468465], [81.17823033027533, 17.268676941435753], [81.1782320053289, 17.26866456481489], [81.1792208180177, 17.266801849053145], [81.18054076732578, 17.26431527451938], [81.18145729961417, 17.26280043847898], [81.18145732120435, 17.262800402276426], [81.18211620142937, 17.261711393983102], [81.18279655134468, 17.260586885060246], [81.18397752598622, 17.258256959047696], [81.18489079415728, 17.256910439944612], [81.18763334381714, 17.25468173588991], [81.18763340021088, 17.25468168968835], [81.18681279797252, 17.25241835061358], [81.18622728150402, 17.250803377496663], [81.1862532883432, 17.250234541800125], [81.18627932412082, 17.249665057550583], [81.1861887185944, 17.248807610746624], [81.18611536723763, 17.248113437385317], [81.18611533666225, 17.248113146247707], [81.18598832470165, 17.24803829712999], [81.18542694856922, 17.247707469330564], [81.18541471812028, 17.247700261854582], [81.18352415691443, 17.246946546685113], [81.18349200445847, 17.246933727874747], [81.18347513816926, 17.246927003561478], [81.18310241636047, 17.246689014896578], [81.18234329826304, 17.246204301717786], [81.18174965363056, 17.245325603649228], [81.18115528949807, 17.2439812592667], [81.18045348991095, 17.24279228243064], [81.17998290547739, 17.242244848398794], [81.17969833908533, 17.241913809013752], [81.17770404079788, 17.24051971281513], [81.17713915573555, 17.23980943839614], [81.17684091040121, 17.239434428440823], [81.17592323646201, 17.237883569767025], [81.17543590375297, 17.23607340654575], [81.17527948663216, 17.23560811583271], [81.17521294265336, 17.23541016947559], [81.17510089311044, 17.235076854224122], [81.17446236800224, 17.233177412235683], [81.17411959632909, 17.232007582894028], [81.17371334595913, 17.23062109193164], [81.17370468712224, 17.230591540737585], [81.1708228266783, 17.23091342198606], [81.17080873206096, 17.230910772071407], [81.16979659618558, 17.230933653326506], [81.16877163942969, 17.231035671779285], [81.16763259139846, 17.23114236447142], [81.16663042030572, 17.23114373899022], [81.16530844571524, 17.23123936589676], [81.16417931471739, 17.2312928990539], [81.16292786215895, 17.231353373852038], [81.1622063983447, 17.231377837965006], [81.16220614240272, 17.231377846448826], [81.1619210327409, 17.231387513328063], [81.16046690799017, 17.23120408598824], [81.15932808151021, 17.23106092148796], [81.15848096162848, 17.23091284135867], [81.15752375115726, 17.230686908147895], [81.15735199460238, 17.230670180302074], [81.15646085155029, 17.230580929892124], [81.15562132509693, 17.230393265260535], [81.1546141474288, 17.230179818870905], [81.15374713634306, 17.23010069877559], [81.1536994853639, 17.230091718142596], [81.15296356307303, 17.22996720924577], [81.15265059275394, 17.22990544599543], [81.15215172265309, 17.229806622833255], [81.15138465882288, 17.229701365343725], [81.15117289279986, 17.229672249407866], [81.15005299201167, 17.229593442017535], [81.14873834764275, 17.229460621165845], [81.14784366266167, 17.22935438361571], [81.14765213783075, 17.229319407325846], [81.14765193169974, 17.22931936960923], [81.1465282850253, 17.229114164526134], [81.14521424942542, 17.22890118122466], [81.14521353599083, 17.228901065475213], [81.14440086118879, 17.22855280931291], [81.14347994450702, 17.228097394952577], [81.14347932303187, 17.228097087369843], [81.14347747461565, 17.228096173644282], [81.14252652610462, 17.227694956872647], [81.14168576167523, 17.22744280732958], [81.14090334826825, 17.227283272339378], [81.14011972180917, 17.227095476605353], [81.13916668451729, 17.22688188953632], [81.13894022044325, 17.22685278054546], [81.13790966317701, 17.2267206708858], [81.13695780633053, 17.226507072449582], [81.13597831018402, 17.226293503612577], [81.13560889809048, 17.226236306802196], [81.13443948438426, 17.226053483296038], [81.13392211750735, 17.225879569353307], [81.13387994002038, 17.225865391457706], [81.13343850483898, 17.225599158950555], [81.13314284847897, 17.225421212963656], [81.13312361565401, 17.22540963771556], [81.13308727853331, 17.225397264800474], [81.13308715897566, 17.225397224251864], [81.13225693999587, 17.22511452878211], [81.13119360200864, 17.225089811836373], [81.13012991389091, 17.224794929293758], [81.12928614445602, 17.224925931555507], [81.1285964282523, 17.225033009207753], [81.12763640986408, 17.224861202614903], [81.12674551298502, 17.22493234078866], [81.12579371150461, 17.224745821288145], [81.1250603775647, 17.22459358723542], [81.12506028155997, 17.224593567453557], [81.12475953974017, 17.224531134732906], [81.12341609708099, 17.224372192503417], [81.12241719882839, 17.22460960377945], [81.12189613596254, 17.22461246918705], [81.12109454733277, 17.22461678801147], [81.12003121203243, 17.224590884958772], [81.1189118734941, 17.22445765503291], [81.1187136514286, 17.22443414404985], [81.11811310722562, 17.224365877454165], [81.11775372131822, 17.224324462556613], [81.11669015748886, 17.224110901575372], [81.11551609540903, 17.22394945647329], [81.11437013508284, 17.223681717950036], [81.11322205406358, 17.223602748444726], [81.11289266399294, 17.22356129268737], [81.1119627238918, 17.223442510364126], [81.11078818048556, 17.223363556269838], [81.10975193719564, 17.223363570555367], [81.10875193481475, 17.22317702793139], [81.10868025107293, 17.223163757299233], [81.10846664178797, 17.223124213158833], [81.10821310026449, 17.223066841732912], [81.107290114457, 17.22285647087958], [81.10652490902471, 17.222788350194826], [81.10608731463292, 17.222750392627873], [81.10468848855504, 17.22248174573956], [81.10384914077045, 17.22237526347452], [81.10281047827675, 17.222313075873195], [81.10205812045274, 17.22216240878717], [81.10175928777478, 17.22209603402035], [81.10015629513273, 17.221734884575948], [81.09913028175117, 17.221414940581134], [81.0989520254122, 17.221359738708788], [81.09794477138512, 17.220984379842793], [81.09716180008627, 17.22079642498164], [81.09629531985183, 17.220609684391825], [81.0962694372115, 17.2206040593958], [81.09556766473044, 17.22045105597905], [81.09531648533368, 17.220395927456934], [81.09441933777504, 17.220127823741038], [81.09344050769319, 17.219914058144095], [81.09229286661223, 17.219673331259767], [81.09123049976269, 17.21943138123567], [81.09013864497918, 17.219109198838737], [81.08936670509452, 17.2188554666862], [81.08932266705207, 17.218840991524562], [81.08821923462433, 17.218233144356336], [81.08820226960005, 17.218223799093252], [81.08716682602636, 17.21784954742706], [81.08618666545087, 17.21747410548665], [81.08540374743521, 17.217313236206756], [81.08456516353455, 17.2173411920918], [81.08372584858064, 17.21723463030911], [81.08278416021295, 17.217079034326957], [81.08274651134286, 17.21707281327643], [81.08173897256097, 17.21637521850252], [81.08053558106229, 17.215650680578076], [81.07977363979408, 17.215154395642394], [81.07975231137307, 17.21514050343414], [81.07910051586052, 17.21494670373551], [81.07895562883971, 17.214925977531546], [81.07782472545671, 17.215249821654755], [81.0762956382261, 17.215687676664682], [81.07629444265002, 17.215688018717138], [81.07570297640612, 17.215857382361847], [81.07480795188864, 17.216288524971727], [81.07225921332606, 17.21751624701044], [81.06316497537398, 17.221611851156652], [81.06117322802163, 17.22182055720005], [81.05934366396644, 17.222753448612313], [81.05816458628136, 17.22338098091659], [81.05729887868647, 17.22384172424721], [81.05689309281607, 17.224071586288566], [81.05638412842025, 17.224359893555103], [81.0551255390553, 17.224796533322007], [81.05503862793387, 17.22482668473754], [81.05511524091952, 17.22434529433653], [81.05514568597431, 17.224153989140543], [81.05524718228087, 17.22388501492181], [81.05600498412666, 17.22187675084162], [81.0561650155775, 17.220272709256083], [81.05616494951583, 17.22027249770559], [81.05594968244398, 17.21957886582801], [81.05557106308429, 17.218358873631335], [81.05476826006108, 17.216749287784925], [81.05438451380188, 17.215979882864794], [81.05366363563319, 17.215057810699125], [81.05325267008713, 17.214532141414423], [81.05323149462252, 17.21450006900722], [81.05311954669, 17.21433051523946], [81.05311945435315, 17.214330376053887]]]}}, {"type": "Feature", "properties": {"mandal": "Bayyaram", "district": "Khammam", "state": "Telangana"}, "geometry": {"type": "Polygon", "coordinates": [[[80.24837699056391, 17.73336324542714], [80.24870941011237, 17.7332711157127], [80.24905272217619, 17.733228913967004], [80.24919767622598, 17.733215456462023], [80.24949229464562, 17.733185026299257], [80.2496266961341, 17.732445814965462], [80.24968575955623, 17.73210609797639], [80.24980385846266, 17.731293751889982], [80.24981846812354, 17.730466723861174], [80.24978863863319, 17.729226224030906], [80.2498327967203, 17.728310562345587], [80.25000993429445, 17.72704035534644], [80.25005410748822, 17.72619853416476], [80.25009827829099, 17.725341945156632], [80.2501868411309, 17.724677304869754], [80.25034928903146, 17.723850153846325], [80.25084149633628, 17.723262857233667], [80.25072749929718, 17.722754780479256], [80.25079285917201, 17.72238702851748], [80.25105450982379, 17.72190471741274], [80.25143884589617, 17.721373278566407], [80.25207666395545, 17.72040856201988], [80.25233825340369, 17.719640263920947], [80.2525590297476, 17.71927238252274], [80.25282058507739, 17.718340662779134], [80.2529677203736, 17.71786661892473], [80.25309851376194, 17.71747429812436], [80.25322924323476, 17.71677964846808], [80.2533269978922, 17.714875706844417], [80.25344147153929, 17.714671334573953], [80.25349871241762, 17.714589576474804], [80.25370318794738, 17.714499524915205], [80.25416106761523, 17.71361666903229], [80.25430004947027, 17.713265197614852], [80.25463524180167, 17.712423298064046], [80.25499504943788, 17.71194090665609], [80.25523220010678, 17.711646550876004], [80.25557570882005, 17.711450159422732], [80.25601738808585, 17.71131905568591], [80.25618097641853, 17.711286235451055], [80.25641816835638, 17.711187986265795], [80.25708070431129, 17.711073041459976], [80.25747335343854, 17.71117076829001], [80.25807050024414, 17.71128466735558], [80.25829952864879, 17.711259964369603], [80.25849582874936, 17.71119443253244], [80.25892117815044, 17.711202249952887], [80.25937925506247, 17.71125089680628], [80.25994347650527, 17.71039246486364], [80.2604831594514, 17.709534054462758], [80.26094099325302, 17.708430579644975], [80.26163598982885, 17.707089945663665], [80.26174224158673, 17.706689475045515], [80.26216741718777, 17.70587201470387], [80.26287882096116, 17.704760157704808], [80.26293600021359, 17.704384240857525], [80.26335301958434, 17.703681182300823], [80.2641135052092, 17.702585626730833], [80.26448970204673, 17.70224212933346], [80.26444857008018, 17.701139068206192], [80.26446464913307, 17.69980716965024], [80.26430872486984, 17.69739683193367], [80.26430026518055, 17.696073124944878], [80.2642017976683, 17.69460241324805], [80.26426702036618, 17.69358097427387], [80.2641769640994, 17.693205179775042], [80.26414378075779, 17.691007188617228], [80.26406145330458, 17.688498736078003], [80.2640284984518, 17.687379326600905], [80.26397908024717, 17.685769666258448], [80.26372535757099, 17.685058992813758], [80.2636189428778, 17.684691383251746], [80.26340616738298, 17.684209465984427], [80.26286593776634, 17.682477646723136], [80.26202290536934, 17.680027024705975], [80.2617282394482, 17.679103937861697], [80.26117983125516, 17.67738029629573], [80.26092609906335, 17.67662059695869], [80.26052504079766, 17.675436123913407], [80.26039408989213, 17.675084876123627], [80.2546827724371, 17.669552831348515], [80.25394992196996, 17.66750142102915], [80.25365983235598, 17.666674757109078], [80.25194378551089, 17.664729015580615], [80.24960711958872, 17.6625839231538], [80.24820510652782, 17.6612315228121], [80.24572835666525, 17.659506617554552], [80.23669392639069, 17.65442139754023], [80.2356193473257, 17.654795686150766], [80.23398411642563, 17.655357139476855], [80.23244235401582, 17.656011864287002], [80.23155470144896, 17.65652602211481], [80.23122806529506, 17.65857997713113], [80.23048089093692, 17.660540932563368], [80.22809782603096, 17.65993614068409], [80.22655582688112, 17.65947067378256], [80.22529424230058, 17.659331697248145], [80.22403279570977, 17.659846166142497], [80.22202366254668, 17.659894507890503], [80.22052845653599, 17.659755725258638], [80.21823877099354, 17.65882413374187], [80.21711717209638, 17.657798222937682], [80.21576181359308, 17.65611906160293], [80.21389264590732, 17.655187121062973], [80.21277124374284, 17.655094702252722], [80.21150963895468, 17.654862376860905], [80.20809811674567, 17.651784683376622], [80.20795696790509, 17.64716401239882], [80.20786282931823, 17.643896866769538], [80.20758186235611, 17.640956598344502], [80.20795511417998, 17.63838918351624], [80.20809474491111, 17.635821963453587], [80.2078137379787, 17.63269499673766], [80.20818698987601, 17.630127582272582], [80.20804636428181, 17.62798066678132], [80.20799937309738, 17.626720490357794], [80.20827902877204, 17.62345303478336], [80.20827866445987, 17.62172607356829], [80.20879236480651, 17.62046543228285], [80.21023987148882, 17.61598346603918], [80.21037981751485, 17.614909833477878], [80.21168755501884, 17.612341643591485], [80.21248163146396, 17.61122079335744], [80.21279252937202, 17.60839412715046], [80.21335268859808, 17.60587323212929], [80.2134456644874, 17.60363277258475], [80.21367841852229, 17.599525211926156], [80.214799091086, 17.596163709018867], [80.21601320356733, 17.59275545262318], [80.21666647566619, 17.588647543100368], [80.21736687735185, 17.58645325436723], [80.21820712640428, 17.58271858604193], [80.21886057680611, 17.57945081967662], [80.21942310731315, 17.57612284606983], [80.21891911813363, 17.573977886135243], [80.21881220934155, 17.57351688978822], [80.21786547421497, 17.570219585310642], [80.21783491355392, 17.570013837047675], [80.21763626416197, 17.568655515942083], [80.21756749315247, 17.568150666520758], [80.21768079896682, 17.556183755798493], [80.21727444467818, 17.555086790512185], [80.21657999483605, 17.553365948457706], [80.21620901411161, 17.550946968391266], [80.2157386654164, 17.548617332110705], [80.21516575211648, 17.546608057120476], [80.18280271485006, 17.54229018870896], [80.1821694920998, 17.54235168359125], [80.1737087125197, 17.543168466337267], [80.17357901138142, 17.543155236831208], [80.17346456761518, 17.54314199412058], [80.16694132813586, 17.542459593989616], [80.16573152293712, 17.542331566763107], [80.16547645932029, 17.542304575301618], [80.15670264111704, 17.542010820790797], [80.15536726841131, 17.540895418813175], [80.15262021577387, 17.53859799065923], [80.153458921052, 17.53612039251603], [80.15271121542042, 17.53598192521596], [80.14943046563447, 17.53537495037717], [80.14962834872712, 17.533107467908497], [80.14954411941748, 17.531653786991424], [80.1495211307759, 17.531179384166684], [80.1495134701092, 17.53103077635215], [80.14939894083753, 17.530611703725697], [80.1480933055239, 17.52580569244627], [80.14765793231093, 17.523439659869627], [80.1470852960913, 17.52138240116861], [80.14636762455135, 17.518957538338373], [80.1463599906959, 17.51893658662106], [80.14627600856635, 17.51865467021342], [80.14669508656712, 17.516118355805617], [80.14690054370716, 17.513580312990413], [80.14754861239174, 17.51156205243914], [80.14823484888858, 17.509646647017004], [80.14874550631677, 17.507236007041733], [80.14827197571574, 17.50481856201885], [80.14760779962009, 17.502820444958694], [80.1473632318283, 17.500793398121854], [80.14685162225386, 17.498696077517366], [80.14590520237897, 17.496900157125594], [80.14537867440183, 17.496414740717416], [80.14430272797767, 17.49543249470585], [80.14215088476719, 17.49370426067776], [80.14083856508425, 17.493371921121472], [80.14075479322662, 17.49408838665646], [80.13993114128294, 17.495592359428926], [80.13860381468342, 17.49645275607654], [80.13685703297574, 17.498066098260036], [80.13679669245855, 17.501350901139546], [80.13793395120204, 17.503645854499908], [80.13864428607877, 17.507452072938918], [80.13834711414452, 17.509216636076413], [80.13738626540571, 17.511347569031663], [80.13707394170237, 17.513617051238928], [80.13650976831356, 17.51550377579375], [80.13632727746564, 17.51840761908576], [80.13646494698114, 17.520021301734253], [80.1378233271863, 17.52170065595456], [80.13664809237612, 17.529673890315866], [80.13560886326125, 17.537319885540494], [80.13536496718262, 17.542090649941198], [80.13450904157017, 17.547962821751405], [80.13476217929652, 17.54938734051556], [80.13441151412837, 17.550734684912815], [80.13417546160754, 17.55289931199074], [80.13387830224796, 17.55472103449819], [80.13371829999257, 17.55573098067665], [80.13370306599917, 17.55584912302713], [80.13332210455128, 17.558242507462204], [80.1333226189235, 17.56067749186323], [80.1296914556732, 17.562612489327346], [80.126914610508, 17.563742737592566], [80.1257779551925, 17.564303841904575], [80.12571692695471, 17.564332472422237], [80.12445564253055, 17.564885542302154], [80.1231469983039, 17.56519625615965], [80.12183842713286, 17.565851001052632], [80.12152838219244, 17.565438421220513], [80.12125266001337, 17.564475362978907], [80.12073586076191, 17.563512505259762], [80.12056342180949, 17.562377347041796], [80.12035660146316, 17.561517440610547], [80.11952971993948, 17.55996998846161], [80.11859985428902, 17.560005163153605], [80.1176011025059, 17.560005992096457], [80.11656791781837, 17.560041252307265], [80.11543139857648, 17.56000779250247], [80.1143981928671, 17.55993984455319], [80.1129516868645, 17.559769029446176], [80.11164272239955, 17.558566007783668], [80.11060934100956, 17.557672385150717], [80.10964486117417, 17.5568819144583], [80.10857698944282, 17.55574749820832], [80.1073369184142, 17.554613225930808], [80.10678559842495, 17.553271962854954], [80.10623415533198, 17.551345847611397], [80.10585480821439, 17.548937946185042], [80.1050623883139, 17.547493673337407], [80.10451122185047, 17.546874875814435], [80.10278908952773, 17.546188242989636], [80.10199693821438, 17.546016884689465], [80.10127356578782, 17.545363827062484], [80.10075677327531, 17.544435372280134], [80.10034316165478, 17.542853173029183], [80.09975753973139, 17.542165597638444], [80.09927534754374, 17.541993982287135], [80.09863927269076, 17.541696796785363], [80.09674781708782, 17.541304431467072], [80.09678360767153, 17.541511781942305], [80.09655108096555, 17.542506148745385], [80.09628498900288, 17.543095564262867], [80.09575343200233, 17.54412257185364], [80.09518735093907, 17.544980765245004], [80.09449960397947, 17.545484293722225], [80.09345871162827, 17.545862427304055], [80.09344355951102, 17.54588045897673], [80.09318542102083, 17.545911154965143], [80.09278552495842, 17.546130020245627], [80.09217824805093, 17.54646240572139], [80.09119448205406, 17.5469108765486], [80.09089086637556, 17.547003520579437], [80.09013568122235, 17.54741224413444], [80.09011154266834, 17.547425308406574], [80.08952026616456, 17.547713849003905], [80.08918493013346, 17.54782610475438], [80.08833440206014, 17.548110819915287], [80.08604119832715, 17.5489476369574], [80.08524912603485, 17.54929478216747], [80.08500133966649, 17.549797903433618], [80.08488406536556, 17.55003602343225], [80.08480454082503, 17.55019749327915], [80.08476978521787, 17.551276756134204], [80.0845229314705, 17.552165617280227], [80.08403329085695, 17.552922284474], [80.08391498296037, 17.553368934092408], [80.08380169653803, 17.553796623545537], [80.08353367893676, 17.55460375254497], [80.08346306345707, 17.554816408231247], [80.08342588775476, 17.556493698748532], [80.08349685561976, 17.557147079729557], [80.0835431741062, 17.557573521142377], [80.08390476052624, 17.558406285810044], [80.08406536665028, 17.559192364557084], [80.08408370504746, 17.55928212187783], [80.08417639166534, 17.560040064683957], [80.084201485465, 17.56024526630912], [80.08418125047575, 17.560605526272013], [80.08413595797778, 17.561411921667258], [80.08408669972283, 17.562316093516966], [80.08409784288959, 17.56332258773614], [80.08418059746917, 17.563705116091906], [80.08426206424647, 17.564081688323274], [80.08448955733084, 17.56479808207618], [80.08457740366062, 17.565074717163736], [80.08475682593563, 17.56583387300028], [80.08505765831738, 17.566651824783296], [80.08531439242824, 17.567020754470626], [80.08558683701592, 17.567412259305662], [80.08596418024332, 17.568113811099657], [80.08658406865116, 17.569005855860546], [80.08666630670257, 17.56917748316637], [80.08697616316653, 17.569824140758563], [80.0872819850635, 17.570236614391092], [80.08755091678641, 17.570599329788585], [80.0877608290074, 17.57134400562758], [80.08792395648159, 17.572380225870827], [80.08796624146726, 17.57321180032031], [80.0877953979121, 17.57410092234524], [80.08735041238684, 17.575091150361853], [80.08678315486158, 17.575744644014353], [80.08676984981709, 17.57575997199702], [80.0861128952122, 17.576516030746006], [80.08581347146242, 17.576879759304628], [80.08539463556303, 17.577388542725654], [80.08504122589204, 17.577800540698696], [80.08478348440615, 17.57810101018451], [80.08420360922833, 17.578594792183843], [80.08337959118977, 17.579291869504956], [80.08290562567166, 17.579917317747455], [80.08234019236423, 17.58060077424944], [80.08096189873797, 17.582973188418173], [80.0804873329309, 17.58374448721889], [80.07981534963571, 17.584442116864896], [80.07924342337235, 17.58486259878313], [80.07900647767416, 17.584955713478948], [80.07822452880171, 17.585493770931368], [80.07789268376102, 17.585624014712426], [80.07773226586642, 17.5856869761367], [80.07763533429919, 17.58572502000951], [80.07736289122388, 17.58583194869483], [80.07638363630804, 17.585913650925185], [80.07536048913853, 17.58585291189989], [80.07511918981737, 17.58582060977097], [80.07484895091264, 17.58578443394399], [80.07448588193395, 17.58573583091105], [80.07352239365274, 17.585589961338382], [80.07261783415171, 17.58554388414667], [80.07163881724495, 17.58556865404647], [80.07064514254573, 17.585550684225385], [80.06979956719628, 17.58559017736142], [80.06958509426084, 17.585582622112515], [80.06889493036871, 17.585558307442255], [80.0677673694068, 17.58581972119167], [80.0670837048314, 17.58597821843114], [80.06613364659296, 17.58617378177048], [80.06542101015924, 17.586341785023233], [80.06442587884075, 17.586679409486198], [80.06365333153884, 17.5869894325279], [80.06284647009583, 17.587355383670822], [80.06205316340397, 17.58760215995791], [80.06076578835385, 17.588680109579407], [80.0604706759754, 17.58889162086778], [80.05976160449697, 17.589378298492], [80.05890384947831, 17.590053332695756], [80.05816660658242, 17.590556321977697], [80.05747819767781, 17.590844905490975], [80.0565653573501, 17.591301234494257], [80.05621065455827, 17.591410740003777], [80.05534257722593, 17.591586510672343], [80.05499518185681, 17.59175593272456], [80.05510877097936, 17.592224320461213], [80.05534357896624, 17.593052864552128], [80.05564273079291, 17.593981262399787], [80.05589860697008, 17.59490949058347], [80.05615458688563, 17.595810038582275], [80.05638246464919, 17.596530557442165], [80.05646649305899, 17.59680601153739], [80.05665295433437, 17.597417314409274], [80.0568064150833, 17.597925230500017], [80.05693763238774, 17.598359495444637], [80.0571802417508, 17.5990108685986], [80.0572833487166, 17.5993070984457], [80.05750822310128, 17.599953214918955], [80.05772682556808, 17.60050968449253], [80.05791508933548, 17.600988942175768], [80.05826502881828, 17.60187978125203], [80.05854983718368, 17.602794270571685], [80.0586911514222, 17.60324100224455], [80.05889169388398, 17.603875056412775], [80.05916184010326, 17.604844844586577], [80.05936071924114, 17.60560677097838], [80.05937649673668, 17.606196588308915], [80.05939219443461, 17.606784303908626], [80.05941067444653, 17.607475272195412], [80.05945047188686, 17.608319614014754], [80.05964881940359, 17.60920609963037], [80.0601211964645, 17.610135132372395], [80.06037820711201, 17.61080039627987], [80.0608354688793, 17.611895456513324], [80.06123605037124, 17.612741185489842], [80.06176639680281, 17.61361507740918], [80.06193485254795, 17.614058015453644], [80.06210901254643, 17.614515935004675], [80.06235475643344, 17.614960033008412], [80.06253875730133, 17.615292577969853], [80.06291014155254, 17.616221213473878], [80.06328129468486, 17.61720521598691], [80.06357142277335, 17.618043130353495], [80.06379472746798, 17.618687982864248], [80.06399017716579, 17.61930047191135], [80.06436737933868, 17.62048250063308], [80.0645678285514, 17.621110613083538], [80.06469232762832, 17.621500750083595], [80.06491900991549, 17.622525722210327], [80.0652328663181, 17.623412620775323], [80.06572002487485, 17.62427249252981], [80.06630854607602, 17.625049726667957], [80.06682441566443, 17.625951227524116], [80.06719714562814, 17.626561568702122], [80.06735262133917, 17.626775058805183], [80.06781904684524, 17.62741550025101], [80.06791472817699, 17.627546863931443], [80.06823243301882, 17.627946866988065], [80.06823292268633, 17.62794748365442], [80.06853213772425, 17.62832419525254], [80.06846955950363, 17.62950028879611], [80.06846374905645, 17.629650389347884], [80.06842149299398, 17.630742042609008], [80.06842065327315, 17.630763735166894], [80.06835654452773, 17.63241992453971], [80.0676452914029, 17.633399818142987], [80.06859331928769, 17.63451053202783], [80.06883415074152, 17.6346967654616], [80.06952851271994, 17.635233706490236], [80.06996384784294, 17.63549163901881], [80.07068036813732, 17.635916168702682], [80.07118793973046, 17.63674203213911], [80.07131123044623, 17.636942635105022], [80.07179150276255, 17.63720334668678], [80.07249214774397, 17.637583682870147], [80.07359478770337, 17.63971904106254], [80.07321120937968, 17.64175194990644], [80.073594643572, 17.64328953656383], [80.07341629410422, 17.644548222323166], [80.07384524640887, 17.645546248163907], [80.0739204519873, 17.646099452468533], [80.07397136107407, 17.646473927941923], [80.0749160024822, 17.64689464485169], [80.07522484917894, 17.647032195788704], [80.07566509593595, 17.648805235729945], [80.0757318841239, 17.64919190764407], [80.07593302394318, 17.650356225728654], [80.07620438240782, 17.650870184882233], [80.07626247762873, 17.650980217849522], [80.07689618103333, 17.65132855573179], [80.07800801051927, 17.651683391231725], [80.07870062607837, 17.651293771585124], [80.07885804224462, 17.651101945419512], [80.07916481908016, 17.65072810682285], [80.07998811746613, 17.650592786340535], [80.08014142731629, 17.65062178846051], [80.08170449741228, 17.65091747082068], [80.08240878268337, 17.65124221991094], [80.0829147402499, 17.65147551776929], [80.0836146555492, 17.65156810412154], [80.08431413140457, 17.651660616022664], [80.08539491484228, 17.652107463063988], [80.0863472151263, 17.65266591749097], [80.08674857775807, 17.65290128521359], [80.08753868926978, 17.65384526306778], [80.08784852376962, 17.654240354164777], [80.08804500997134, 17.654490908060033], [80.08832963858988, 17.654853848652817], [80.0885726867932, 17.655163766773015], [80.08956892680779, 17.65572033792717], [80.09024338550839, 17.656097134014455], [80.09111941988881, 17.65722130951087], [80.09078238905062, 17.658479416620658], [80.0904902118075, 17.65935020614865], [80.08984987671079, 17.66125286106487], [80.08955377127658, 17.661951300298128], [80.08943391814708, 17.662315268429143], [80.08876940089394, 17.66353821491938], [80.08820154939862, 17.664583236226655], [80.08796274387157, 17.665282652618828], [80.08758419636123, 17.666391343002843], [80.08693710590371, 17.66836645433325], [80.0856177796197, 17.670909390136124], [80.08429956651575, 17.67231682990502], [80.08406057058032, 17.672569151487323], [80.08365571181561, 17.672854275259017], [80.08276074670158, 17.67375429608347], [80.08156516116878, 17.67483608544192], [80.08077845196956, 17.675390196836815], [80.07993421603793, 17.67580482520118], [80.07908916110715, 17.676414431811924], [80.07841199674056, 17.676754860946435], [80.07809928290641, 17.676912070122754], [80.07734241291507, 17.677271312239878], [80.07655638083563, 17.677658314688774], [80.0756249355148, 17.678072599456957], [80.07489711568235, 17.678431955033034], [80.07393685113155, 17.678790418972756], [80.07243537208082, 17.679503047814407], [80.07230660843517, 17.679564160330155], [80.07143327155045, 17.679978641278083], [80.07058863466622, 17.68047679773543], [80.06985965478357, 17.68111464416263], [80.06860475939462, 17.682021049814836], [80.06760425389552, 17.68261383931308], [80.06693185643371, 17.683435186469158], [80.06637545096822, 17.68394831495096], [80.06616486613383, 17.68414251941876], [80.06491071135959, 17.68506995260044], [80.06406422515472, 17.685556194067704], [80.06391271867437, 17.68564322270179], [80.0630768901764, 17.686194917711653], [80.06186958871628, 17.687073585107637], [80.06000599816365, 17.68835555224174], [80.05853465594492, 17.689381186899016], [80.05853059563383, 17.68938408170962], [80.05765180309977, 17.690010633268077], [80.05667121718675, 17.6906162504498], [80.05573991618039, 17.691128313835897], [80.05468675597584, 17.691546157718875], [80.05378059806975, 17.691894227342516], [80.05194350682977, 17.69266060279304], [80.04934713276958, 17.693728711873103], [80.04787484936473, 17.694235433755548], [80.04746161045563, 17.694377659373757], [80.04685249406232, 17.69464158714769], [80.04655104702424, 17.694772202661035], [80.04606529292613, 17.694982680201605], [80.04563169402353, 17.69498100927419], [80.04593907708613, 17.69591863910715], [80.04598461821087, 17.696715685378056], [80.04595649674822, 17.697582766842288], [80.04602968042353, 17.698506611371844], [80.04609578760791, 17.699341129297586], [80.04633229009458, 17.701240481040497], [80.04661830093184, 17.702999410740325], [80.04724179935603, 17.705908066851826], [80.0473108052166, 17.706939598183386], [80.04742097266923, 17.7076811247579], [80.0473885312841, 17.707738452065573], [80.04738178640483, 17.7077503700299], [80.04753271888353, 17.70849941177806], [80.04851407205656, 17.708460840240203], [80.05091441580498, 17.708366478908307], [80.05283579329439, 17.708374990196887], [80.05470492213, 17.708296226586164], [80.05680088585396, 17.707969668615956], [80.05875650741886, 17.707809850656687], [80.06088626214986, 17.707751063001492], [80.06273603986462, 17.707858491787157], [80.06476106284671, 17.707799266221553], [80.0665749745839, 17.70814072615834], [80.06943507130934, 17.70875379965867], [80.07142285388906, 17.709263172561833], [80.07344583713864, 17.70970575901416], [80.07609679806802, 17.71025102605799], [80.07752912528953, 17.710552724700054], [80.0778757018904, 17.7106257255387], [80.07820119098187, 17.71072543112343], [80.0788305583487, 17.710918214530512], [80.08028702250104, 17.71136433863285], [80.08071999723231, 17.711496963483217], [80.08174595978271, 17.711811220395706], [80.08334812498872, 17.712222415632578], [80.0855821717318, 17.712795750343506], [80.08732616067948, 17.713313026706725], [80.0888947543151, 17.713778283956916], [80.09015059626917, 17.71401710698169], [80.09318394383337, 17.714998546898954], [80.09496105602825, 17.715841524894866], [80.09656402733069, 17.71658347466464], [80.09945621775252, 17.717965821522338], [80.10057165629163, 17.71840483550589], [80.10231484810849, 17.719013415941475], [80.10520894833154, 17.71992726231282], [80.10702211622386, 17.72050258811582], [80.10817354297751, 17.720674020982063], [80.10904594985348, 17.720777535040018], [80.10988264999335, 17.721081667446434], [80.11082331385612, 17.72158691649161], [80.11169533565217, 17.72179078546604], [80.11267196797533, 17.722028488429196], [80.113219809496, 17.722181879920427], [80.11418024563986, 17.72245082061689], [80.11472956053755, 17.722604616666267], [80.11542677284021, 17.722927856488134], [80.11562011522001, 17.723017489699245], [80.11640235437034, 17.723380129710826], [80.11702792833175, 17.724118443104306], [80.11716289327961, 17.724216202508238], [80.1177242336192, 17.72462279435931], [80.11828710478169, 17.724905830359763], [80.11859537384589, 17.725060859560685], [80.11918725993141, 17.72526173244737], [80.1199900689173, 17.72553420766449], [80.12036149487386, 17.725693987913942], [80.12093116503134, 17.725939048093746], [80.12133754609616, 17.726029057330155], [80.12262454826396, 17.726314142919602], [80.12299280598047, 17.72639571421166], [80.12320158079108, 17.72654239410492], [80.12392941745937, 17.72705375166337], [80.12483562674555, 17.727458447293], [80.1258116501621, 17.727863369407856], [80.12629234771154, 17.727938812610592], [80.12668396599909, 17.72800025922097], [80.12742907505637, 17.728241208701846], [80.12856698397344, 17.728609111450485], [80.12940387399209, 17.728879713338856], [80.13128906447974, 17.728919739139872], [80.13202525554544, 17.729166828073744], [80.13219565883094, 17.72922402047107], [80.13296134477706, 17.72986241231885], [80.13365783979114, 17.73033324286926], [80.13417964076612, 17.730836946330633], [80.13464433890825, 17.731597555461164], [80.13499593886009, 17.73243650042952], [80.13532282484594, 17.733216474630606], [80.13612307698907, 17.733955341634832], [80.1371316870004, 17.73499604706733], [80.13775825633009, 17.735500084239053], [80.13855814915428, 17.736339317975336], [80.13862458524525, 17.737242933311354], [80.13893505284406, 17.73824775729873], [80.139441421045, 17.739876400460176], [80.14036010997283, 17.74150426431001], [80.14085688700666, 17.742613722369743], [80.1411598940292, 17.74401790592518], [80.1417345772608, 17.744906074370423], [80.14198048207946, 17.745084124028352], [80.14250318208957, 17.74546258688215], [80.14392068764657, 17.746167884524244], [80.1451186361125, 17.746763900885593], [80.14549586953738, 17.74691906426204], [80.14665764944182, 17.74739687966556], [80.14750193544937, 17.747357193527375], [80.14812222433883, 17.74732801764145], [80.14912437391705, 17.747257572864296], [80.1500868975077, 17.74748239844287], [80.15224464688804, 17.747526635629555], [80.1538611675618, 17.748049049136537], [80.15490050239292, 17.7483479484837], [80.15655476010129, 17.74909202161286], [80.15751703113177, 17.749390643392196], [80.15859626128588, 17.749320416738716], [80.15952269650629, 17.74888042112522], [80.16044751329909, 17.74888351676911], [80.16140782191661, 17.748849182320434], [80.16201715323199, 17.748827391776256], [80.16233595854077, 17.74881597571644], [80.16255255299686, 17.74877521991865], [80.16329997874637, 17.74863457654624], [80.16420986542569, 17.748043569946702], [80.16424379778617, 17.748021530160504], [80.16488362465246, 17.74760595554215], [80.16600563296035, 17.74635422811912], [80.16622198725098, 17.74548631051413], [80.16661116799006, 17.744672812662696], [80.16718281927085, 17.743783051533047], [80.16822020646855, 17.742432619107618], [80.16878915672989, 17.74245112974478], [80.16925503333596, 17.742466285925893], [80.17007437667294, 17.742424137186173], [80.17009915116375, 17.742042940613143], [80.17008705441066, 17.742016859461437], [80.16969299467753, 17.74116724481026], [80.1694028019568, 17.740425790585455], [80.16882059898097, 17.739616463621136], [80.16774649362705, 17.73891762303393], [80.1670713929653, 17.73790610601198], [80.16705114722417, 17.737031331019676], [80.16744998414916, 17.736763516884523], [80.16777798440624, 17.73670673710335], [80.16807961540071, 17.73673058458469], [80.16824582155552, 17.73674372491107], [80.1689959762178, 17.736409766201024], [80.16953713832636, 17.736075922893107], [80.16986387421314, 17.73587435885933], [80.16954089731892, 17.73539983645049], [80.16893109024824, 17.73492928187354], [80.16771673148669, 17.734185121055607], [80.16713536344184, 17.733151485090865], [80.16699663794734, 17.732680036802062], [80.16723285862325, 17.73207524389918], [80.16760933847037, 17.731515774209225], [80.16789674207152, 17.73115577458842], [80.16818013779638, 17.730800794316046], [80.16854077312226, 17.730377680134563], [80.16837030244962, 17.729694129674872], [80.16845168784661, 17.72828062759384], [80.1685079963032, 17.726769550546067], [80.16853712341802, 17.72574588054153], [80.16874340421857, 17.724966542770535], [80.16903653517832, 17.724508375750005], [80.16956362334793, 17.723697568463674], [80.17028029809121, 17.72295745421651], [80.17115006554963, 17.722438208354284], [80.17125660085469, 17.722321529924827], [80.17146629155019, 17.722337377889144], [80.17188117816545, 17.72236873383257], [80.17188443991138, 17.722370430705137], [80.17254123447567, 17.72271216673255], [80.1732129523603, 17.723022335372246], [80.17362768035547, 17.723213835741383], [80.17396964766405, 17.723202353591958], [80.17485863577998, 17.723008811131887], [80.17522887595436, 17.722826364293716], [80.17578272334679, 17.72255343869983], [80.17646672179681, 17.722359219195543], [80.1773599563521, 17.72231261252936], [80.17778221638157, 17.722290578998827], [80.17818958427003, 17.722170028502934], [80.17836808030975, 17.722000124037628], [80.17836823365347, 17.721999978074606], [80.17832039969214, 17.72114668649503], [80.17806883952504, 17.720365857493405], [80.17766362551913, 17.71987702620774], [80.17699332560942, 17.719819751887822], [80.1767737064802, 17.719800985567304], [80.17583232049464, 17.719895406164483], [80.17509777231952, 17.719722200460083], [80.17499369550993, 17.719697659457683], [80.17461305464926, 17.71945265940238], [80.17459076277981, 17.718575067858275], [80.17472228501394, 17.717356728363114], [80.17437108781067, 17.71599054288622], [80.17386729833807, 17.714623869364576], [80.17341490619746, 17.713111100183394], [80.17319106721082, 17.71169657617664], [80.17294032467215, 17.71069635818644], [80.17238465439644, 17.709622007337522], [80.17236244203306, 17.70872004015543], [80.17253101028099, 17.708648898635147], [80.17259168272564, 17.70862329336491], [80.17351087704705, 17.70921499780402], [80.17379732126786, 17.70944665849388], [80.17553393335012, 17.71085111657528], [80.17687749821403, 17.71207430685801], [80.17918496396321, 17.714031869271157], [80.18131409594699, 17.716086340305452], [80.18275999488068, 17.717163551240795], [80.18499272790679, 17.7187064280277], [80.18803783246464, 17.72069065065474], [80.18968710599107, 17.721817217245654], [80.19184433396465, 17.723164776575494], [80.19445838096118, 17.72480628088089], [80.19521938099369, 17.725393711470215], [80.19664008802994, 17.72644635625269], [80.19747715458966, 17.727107157145813], [80.19823816881501, 17.727694576225293], [80.19915197655821, 17.72823372828698], [80.19988798305044, 17.72869918158597], [80.20067461773324, 17.729237923889336], [80.20150023331226, 17.729760493447305], [80.20222279955752, 17.730217823279965], [80.2031877465685, 17.73068399923094], [80.2041524538266, 17.73122327003123], [80.20514267141169, 17.731738269202722], [80.20592966904836, 17.732179493625498], [80.20679233081886, 17.732596219524748], [80.20755055765075, 17.732905434993782], [80.2085785048826, 17.733324639935546], [80.20975077091178, 17.733950241363992], [80.2105300686485, 17.73436611433877], [80.21369440329845, 17.736021369862623], [80.21600217936559, 17.73710437283594], [80.21560424202306, 17.7376094271832], [80.21553585191684, 17.73830536346428], [80.21698302312102, 17.74001854014259], [80.21882835651735, 17.741163368021784], [80.21924051466628, 17.74147180606625], [80.21939594200809, 17.74158811885816], [80.22021292960561, 17.74209675867911], [80.22103000017212, 17.742580083866475], [80.22144910296214, 17.74284549346535], [80.22187331072602, 17.743114114644715], [80.22254454029576, 17.743713788857264], [80.22435054539913, 17.744690686761313], [80.22535208846298, 17.745301097149735], [80.22619517135858, 17.745911026793742], [80.22711783440825, 17.74641995982848], [80.22775007340204, 17.74690269826437], [80.22850761134399, 17.74741987246269], [80.22946284869235, 17.748072004828156], [80.23014732976955, 17.748732041643365], [80.23091164547498, 17.749215167829608], [80.23246591919897, 17.750409264125537], [80.23312369104214, 17.75117044432387], [80.2335714210008, 17.751551393595154], [80.23371363376627, 17.75122338252238], [80.2339439620794, 17.750692077049578], [80.23410603486435, 17.750647152411705], [80.23424026788888, 17.75060994453233], [80.23502776657818, 17.75039165767527], [80.23522234414752, 17.749923644729297], [80.2366534477801, 17.746287782549363], [80.23749100600646, 17.74432013177929], [80.23837187029984, 17.742478347233504], [80.23903304845904, 17.740929341621044], [80.23947402521789, 17.739840781264686], [80.24004743628691, 17.738375344920442], [80.24066594304514, 17.73649085785702], [80.24114966693804, 17.735695842217257], [80.24150312490592, 17.734606996776495], [80.24221330955328, 17.734469601392316], [80.24636046425567, 17.73370110712403], [80.24837479333685, 17.733327807809356], [80.24837699056391, 17.73336324542714]]]}}, {"type": "Feature", "properties": {"mandal": "Bhadrachalam", "district": "Khammam", "state": "Telangana"}, "geometry": {"type": "Polygon", "coordinates": [[[80.89663489259802, 17.642771120965126], [80.893452028755, 17.643712152646188], [80.8890276919428, 17.645128811648082], [80.88517675501653, 17.646073994751823], [80.8820634572926, 17.647881748020474], [80.87935966822387, 17.649061268315048], [80.87681984884443, 17.650789972740192], [80.8750995471943, 17.65314580165869], [80.87509282057113, 17.653167294446654], [80.87387118460798, 17.657070796531958], [80.87354429538755, 17.661544388597825], [80.8728075864397, 17.66570439128431], [80.8737917407815, 17.669549050311392], [80.87384662256063, 17.669643575734312], [80.87581344300914, 17.673031019922735], [80.87641372485918, 17.673337066936412], [80.87707084572249, 17.673595604196034], [80.87939002762411, 17.674148832279336], [80.88047231723837, 17.674406996286447], [80.88182524776853, 17.674998036526482], [80.88348749857991, 17.675995940254612], [80.88456656464716, 17.676459085072395], [80.88504944881495, 17.676259144113477], [80.88678905343689, 17.67685024678391], [80.88912368803582, 17.677172205314207], [80.89262561068509, 17.67751605385323], [80.89495261573892, 17.677838017879928], [80.89699733539703, 17.678154501429212], [80.89844696648017, 17.678460049299655], [80.89955316509143, 17.678215246631538], [80.9019715435503, 17.67767974342979], [80.90315397336548, 17.67713764812291], [80.9055187748474, 17.675775283138197], [80.90906600614471, 17.673870822548484], [80.91085843322577, 17.67165535217054], [80.91380312274656, 17.670584016395548], [80.91380312123954, 17.670576395622707], [80.91513025053041, 17.668797630633193], [80.91500039269681, 17.668026086319628], [80.91438212190138, 17.666593804435], [80.91438190786637, 17.665564935261212], [80.91377118266253, 17.66372681565961], [80.91294700534837, 17.66270244266678], [80.91194731233675, 17.661478158855687], [80.9111002462389, 17.660449995030884], [80.9102836983819, 17.659429426790936], [80.90966551175424, 17.65840297763253], [80.91028306058762, 17.6563542493446], [80.91069491586268, 17.655742300155648], [80.91130513244005, 17.65512637527203], [80.91232707691074, 17.653281178431875], [80.9123267365873, 17.65164070298727], [80.91232643918075, 17.650206000974173], [80.91232639735692, 17.650005942899924], [80.91253976231077, 17.64877493207151], [80.91253938064224, 17.646932492973008], [80.91211947047948, 17.645498141066433], [80.9119285986767, 17.644823818472705], [80.9117148209138, 17.644067586484063], [80.91048595098718, 17.641406886672907], [80.90965214610425, 17.639899502643523], [80.90434902077828, 17.64103354052077], [80.89943313823467, 17.64229393278491], [80.89664736687615, 17.64276743267148], [80.89663489259802, 17.642771120965126]]]}}, {"type": "Feature", "properties": {"mandal": "Bonakal", "district": "Khammam", "state": "Telangana"}, "geometry": {"type": "Polygon", "coordinates": [[[80.29831069352464, 17.11295957275377], [80.2989783794021, 17.111879913636287], [80.2994240105545, 17.111514644482522], [80.30094996335986, 17.11096833837984], [80.30190407199545, 17.11048197584066], [80.30304823828233, 17.110179013046054], [80.3038122751186, 17.109509238582415], [80.3047685039634, 17.108229645105787], [80.30540598264123, 17.107376579472707], [80.30547245223497, 17.10627839330751], [80.30572947402999, 17.105180557252805], [80.30662117024163, 17.104266938226402], [80.30757555877823, 17.10365851502042], [80.3087848229031, 17.102745467869646], [80.30974049851939, 17.10164889978464], [80.31063264827264, 17.100552211028013], [80.31181234832893, 17.09963355899378], [80.31133926596466, 17.098397101291376], [80.31077055117248, 17.097297756905967], [80.31015493931483, 17.09592374719266], [80.30920661989148, 17.094274550488546], [80.3091144029798, 17.09313030556295], [80.30878437883965, 17.09184833655973], [80.30874004449231, 17.090612651663612], [80.30865579031976, 17.089460792627033], [80.30732301332625, 17.089092249343057], [80.30567333755685, 17.08847904483383], [80.30440408493128, 17.08811060058022], [80.3027527778058, 17.088107545228368], [80.30116481722095, 17.088165613688258], [80.29951251557526, 17.088528637403158], [80.29849499500885, 17.08901487343192], [80.2970295522267, 17.090720613152815], [80.29639292493313, 17.091268571795897], [80.2948042683887, 17.091570661019993], [80.29277219033663, 17.091444773695493], [80.2908027856456, 17.091624073961793], [80.2881962156974, 17.092534342170413], [80.28635263338242, 17.093140965024684], [80.2864816985577, 17.092409005181594], [80.28648356696135, 17.09173781650262], [80.28648781337392, 17.090212386274857], [80.2867481446725, 17.087955239471146], [80.28644434550866, 17.08301222609506], [80.28606974337171, 17.08069283000488], [80.28556932348431, 17.07794606377899], [80.28506517234888, 17.076541678696344], [80.28490446668084, 17.0748458902167], [80.28488009858499, 17.074588749184908], [80.28515512119897, 17.073150912886156], [80.2860124655394, 17.07315257209989], [80.28769200244786, 17.072949875218697], [80.28912100288903, 17.07291829831565], [80.28997967541576, 17.07243942818798], [80.29051665164198, 17.072028583965103], [80.29112573361479, 17.07137761834118], [80.29237762242441, 17.070796520462526], [80.29484575015604, 17.069599911074796], [80.2963840484451, 17.06877907194578], [80.2975635259487, 17.068541032444728], [80.29931445571279, 17.06833837857885], [80.30203135499458, 17.067588344669584], [80.30331816842823, 17.067281827508584], [80.30435492618285, 17.066974841060944], [80.30557084275526, 17.066462242506503], [80.30707335024697, 17.0656412603809], [80.31072185549355, 17.06379449545145], [80.31165306160216, 17.062869472951334], [80.31168718133169, 17.06283574664112], [80.31259797596236, 17.063840480967148], [80.31284875884225, 17.065061295476045], [80.3130980903223, 17.06683126837202], [80.31334661891258, 17.06890632841037], [80.3141583195573, 17.06931502481436], [80.31644548977219, 17.06895302280175], [80.3174466644681, 17.068588704222414], [80.31949806932998, 17.06731097829786], [80.3210728041473, 17.06616968099983], [80.32231186039388, 17.065897286540764], [80.32402791053349, 17.065351141789346], [80.32526719429943, 17.064987203453143], [80.32837020811515, 17.06220102891289], [80.32922914858032, 17.06156182624286], [80.33061303800929, 17.060511653309486], [80.33118807353856, 17.059139734775144], [80.33057442897483, 17.05698778819158], [80.33086299686593, 17.05588995701044], [80.3324862505285, 17.054336781142005], [80.3333927688791, 17.05369764157371], [80.33496034805164, 17.055302045630395], [80.33643397367867, 17.056402877552483], [80.33805049522043, 17.057503940061515], [80.3389532096349, 17.05837497082606], [80.34146940249943, 17.061582645291583], [80.34284579973885, 17.063507011240628], [80.34412753612571, 17.065202392919403], [80.344790918626, 17.06657639796892], [80.34507430137364, 17.067537900288755], [80.34569041001254, 17.068774533317953], [80.34573508498895, 17.06996445622559], [80.34568347913716, 17.0715660906318], [80.34534665940355, 17.072938436359014], [80.34496254490888, 17.07417341212604], [80.34453227652413, 17.074813386363513], [80.34357726737552, 17.0757728320333], [80.34500334945022, 17.076919280364514], [80.34628712127044, 17.07783666803631], [80.34733263367818, 17.07879941980864], [80.34828537941286, 17.078755220290322], [80.34942966517222, 17.078299461428706], [80.35104958531754, 17.078119049366055], [80.35238315444283, 17.078166978071728], [80.35328815263198, 17.078168443425024], [80.35528867405749, 17.07817166696949], [80.35719470933125, 17.077854379123416], [80.35914848124973, 17.077491385368326], [80.36086375850758, 17.077265287188], [80.36165766045919, 17.07733836353038], [80.36155271636429, 17.076411491044816], [80.36191192649126, 17.07558831760465], [80.36313086855986, 17.073771141187308], [80.36370415702112, 17.073051267629065], [80.3644576924853, 17.071645223127636], [80.36528388870484, 17.069724449701678], [80.36521612654546, 17.06817982754978], [80.365293703892, 17.065605752955562], [80.36529771193872, 17.06392395050415], [80.36551416363059, 17.063031898819776], [80.36558903859529, 17.061590463600307], [80.36605928525115, 17.059119962663004], [80.36638427493827, 17.057644592187728], [80.36671032045851, 17.055723025930106], [80.36689258654218, 17.05417878509566], [80.36703839659802, 17.052943391909796], [80.36700504045564, 17.051947980111603], [80.36700667051419, 17.051261526716342], [80.36720905417413, 17.049389817957113], [80.36667327847906, 17.049388985453515], [80.36506650348326, 17.04915480380711], [80.36370156906911, 17.04861208426451], [80.36182728853966, 17.048223006253558], [80.36043527144, 17.047808932461667], [80.35896233508274, 17.04762640132102], [80.35781136267748, 17.047238435680555], [80.35652663881486, 17.046773023867452], [80.35591113067326, 17.0465146157154], [80.35542987947461, 17.046127710888364], [80.3547625541339, 17.045148436871806], [80.35438927620102, 17.044427054557936], [80.35412428364012, 17.043242488571003], [80.35412572858716, 17.042650421061463], [80.3543688273295, 17.041827063412963], [80.35456048261645, 17.04012838783272], [80.35466938866797, 17.039407781194253], [80.35477867095511, 17.03853272249295], [80.35491492693517, 17.03758047949947], [80.35528995297875, 17.036889152639986], [80.35529163922413, 17.03688604574393], [80.35566872330823, 17.036037158287428], [80.35620677650934, 17.035085558508182], [80.35645054461104, 17.033979033056994], [80.3564790811897, 17.033258295968434], [80.35637337220105, 17.032666054841357], [80.35589265453183, 17.032073211827903], [80.35538527756275, 17.03142884043113], [80.35514576689819, 17.030784898055835], [80.35415831764354, 17.029290256053034], [80.35303682779727, 17.02784687586314], [80.35261071046672, 17.026842236034984], [80.35194409467928, 17.02560552361422], [80.35181288011933, 17.02449839064358], [80.35178918623467, 17.02323697854671], [80.35169224366796, 17.022429620586955], [80.35162418306764, 17.021056584277748], [80.35180569397643, 17.019855569166864], [80.35191384228752, 17.01944386652733], [80.35191787907247, 17.01779636155126], [80.35195754381006, 17.016183235217643], [80.35188839039499, 17.015256396748672], [80.35171454078478, 17.01333401406275], [80.35146826170103, 17.011823391601133], [80.3513278572693, 17.010827788641482], [80.35118787593885, 17.009660569779072], [80.3508337985625, 17.008424355575634], [80.35012261779406, 17.007187557942522], [80.34937463738355, 17.006396900007296], [80.34812807260258, 17.005056247841775], [80.34738070214782, 17.00402532041482], [80.34681171962768, 17.003063329447553], [80.34642214172078, 17.001758400233832], [80.34556851549355, 17.000384055765654], [80.34460743306114, 16.999146822213973], [80.34407469943874, 16.997978942782684], [80.34379458562704, 16.995747455163638], [80.34365482981651, 16.994511579279855], [80.34362031891067, 16.994030993649318], [80.34372992377769, 16.993035796171913], [80.34391017492783, 16.99234962619415], [80.34405702314453, 16.99073666678236], [80.34416773538696, 16.989295263789977], [80.34417004224483, 16.988368533237622], [80.34370807077092, 16.987475354281717], [80.34306773955322, 16.986513230375678], [80.34235641793163, 16.98589603610374], [80.34172771953048, 16.985462569632737], [80.33970885938116, 16.98329710463329], [80.33921751695395, 16.981912545376716], [80.33832394797386, 16.979489505622716], [80.33805731996615, 16.978191804082883], [80.33784445630364, 16.97613806311639], [80.33804851084834, 16.97548978213692], [80.33818811362865, 16.973641433004687], [80.33755653586451, 16.969910761136305], [80.3367523731156, 16.967736497083855], [80.33604877678603, 16.965821850338354], [80.33612157886621, 16.963713932423072], [80.33609120874013, 16.962384191889765], [80.3356241856626, 16.96030778506623], [80.33532395012236, 16.958977583618587], [80.33502651371649, 16.956544715553086], [80.3348294611719, 16.954436331838323], [80.33514078369079, 16.951388297857843], [80.33541606465047, 16.949248283143547], [80.33572392222666, 16.947562364438973], [80.33670713984478, 16.945585705503824], [80.337115190846, 16.944289133051562], [80.33782656913806, 16.94309036610017], [80.33853695983926, 16.942280774735977], [80.33762745581276, 16.941792763619773], [80.33654807277514, 16.941790935060958], [80.33469132094459, 16.942403979132543], [80.33111461241282, 16.94288432519092], [80.32962912373121, 16.943400668490604], [80.32790717657734, 16.94404631723306], [80.32672658832765, 16.94404426348711], [80.32446744536796, 16.943715998658718], [80.32318566635271, 16.94371374737576], [80.32210509264515, 16.94416588619158], [80.32152972126534, 16.944910797793323], [80.31960348109791, 16.946269513604864], [80.3187247656878, 16.94691658356067], [80.3181171717816, 16.947077659031727], [80.31663408952853, 16.946653399229948], [80.31500958725823, 16.946503101137058], [80.31526464881271, 16.947874601040006], [80.3153738990613, 16.948462047258882], [80.3153739684768, 16.94846242005061], [80.31537393837449, 16.948462431728476], [80.31496859427044, 16.94862182626105], [80.31476084823514, 16.94870351897328], [80.3134414082163, 16.94922235911533], [80.3117166833755, 16.949900551413155], [80.31171404464348, 16.949901588995246], [80.30855465899405, 16.951755980269006], [80.30597325044998, 16.953127234698773], [80.30597007885505, 16.953128919230537], [80.30466544154118, 16.953677233395375], [80.30417578812231, 16.95388302222063], [80.30283231857611, 16.954125569718613], [80.30267503301577, 16.95415396488031], [80.3026741041181, 16.954154132405804], [80.30266962415794, 16.954154941535474], [80.30279607842724, 16.954549109952808], [80.3028647000707, 16.954763009015934], [80.30286821464652, 16.954773963390682], [80.30286832639725, 16.954774311881245], [80.30413947575512, 16.958736467092827], [80.30472988731162, 16.960576716048887], [80.30571575157589, 16.96671961733385], [80.30662791997503, 16.973551648390146], [80.30662799632428, 16.97355222106923], [80.3061351887435, 16.973716973829426], [80.30410980470988, 16.974394073987042], [80.29966710878374, 16.97587921532401], [80.29916843092957, 16.976049084628713], [80.29765771206527, 16.97656368484997], [80.29242791644906, 16.976894069247106], [80.29242329743118, 16.976894360468645], [80.29242316207488, 16.976894369141753], [80.2924200460011, 16.976924457575766], [80.29242003825276, 16.976924535331474], [80.29235561891026, 16.977546649527454], [80.29235543608657, 16.97754840805165], [80.2923554060836, 16.977548701893973], [80.29234328460953, 16.977549637283932], [80.29219241922125, 16.977561208845664], [80.29196380914775, 16.977578742335712], [80.29196090826876, 16.977578965001772], [80.29195868983892, 16.97757913527545], [80.29199912207706, 16.978148697151184], [80.29205012105345, 16.978867093192502], [80.29179752952203, 16.97924134694455], [80.29008123699667, 16.981784258961106], [80.29043935656873, 16.983278135129108], [80.29266363144805, 16.99255603981247], [80.29281583869857, 16.993242868934974], [80.29281595000155, 16.993243370265294], [80.29322967566698, 16.99511025793686], [80.29322661884325, 16.996145114609305], [80.29264906859113, 16.99677660038259], [80.29264174160552, 16.996815880046384], [80.29263727397833, 16.996839830200415], [80.29263724724174, 16.99683997211445], [80.29155606459175, 16.99802364199184], [80.2912185794921, 16.998393113670467], [80.28798635536688, 17.00193158973765], [80.28716421648112, 17.00312496044369], [80.28659439019262, 17.00395207706903], [80.28371702149379, 17.007162207039514], [80.28359648193592, 17.007261025786644], [80.28324482979832, 17.007549310266146], [80.28324351722523, 17.00755038643807], [80.28246614441309, 17.00780974510105], [80.2823647326727, 17.00784357923239], [80.2812950502752, 17.008046319194854], [80.28129493929725, 17.008046340590077], [80.28092982902152, 17.008115539658544], [80.27971312971472, 17.007422331473236], [80.27971295237069, 17.007422230591477], [80.27792475965249, 17.005968412745464], [80.27656429121635, 17.005343673213236], [80.27564337533698, 17.005230279273718], [80.2754174695349, 17.005202462591374], [80.27541730972874, 17.005202468471605], [80.273696396129, 17.00526659509019], [80.27304444438302, 17.005128295553497], [80.27204829285961, 17.004916976178862], [80.26954103898387, 17.004150956503025], [80.26803890689756, 17.002973831696007], [80.26617828604984, 17.001795669198305], [80.26539555108178, 16.99986168274936], [80.26432710076266, 16.997581916327412], [80.26418770422079, 16.997606093477664], [80.26350286253383, 16.99772487028804], [80.25572389997706, 16.9990738677462], [80.25571869007776, 16.99907477142671], [80.25571835246825, 16.99907483013273], [80.25580134763845, 16.999466782821244], [80.25580140876168, 16.99946707239985], [80.25597745263005, 17.000298454013198], [80.25604498466848, 17.000617377339033], [80.25614195514254, 17.001075326548783], [80.25614219502239, 17.001076458621927], [80.25614226726064, 17.001076800686402], [80.25582068829884, 17.001153162900653], [80.25538377556654, 17.00125691058191], [80.25384609252498, 17.001622035870557], [80.25260195735042, 17.001600531672437], [80.24904232740354, 17.001538964585187], [80.24851119035685, 17.00169057802365], [80.24836201353087, 17.001733160742813], [80.2481342296746, 17.001798180836996], [80.24760698414082, 17.00194868114534], [80.24445035690297, 17.002491275429314], [80.23970698987607, 17.003006137073076], [80.23950617119394, 17.00302793232908], [80.23950269414688, 17.00302830991941], [80.23950130821727, 17.00302846042752], [80.23950116718082, 17.003028475380624], [80.23946642447754, 17.003383948826993], [80.23927871278387, 17.005304509457144], [80.23921072915294, 17.005355821333197], [80.23890386862323, 17.00558742982995], [80.2387937623588, 17.00567053373992], [80.23869116276147, 17.005747972426533], [80.23868988226796, 17.00574893899141], [80.23840057348089, 17.005897192301138], [80.23834052213134, 17.00592796484199], [80.23680950624066, 17.006712506410267], [80.2368089460476, 17.006712793225457], [80.23599948385609, 17.00718354150708], [80.23543356496691, 17.007512653158887], [80.2340287639669, 17.008625471052998], [80.23397634420078, 17.00866699483476], [80.23333913198879, 17.009171756060727], [80.23196203204205, 17.010488439543504], [80.23189205367913, 17.01055996116558], [80.2316588007497, 17.010890480241468], [80.23023338627907, 17.01228082073705], [80.22926872202464, 17.013221730826412], [80.22840487624096, 17.014322268857168], [80.22840480544659, 17.014322359079273], [80.22839356786135, 17.01438883162035], [80.22835068415708, 17.014642502731196], [80.22835051448956, 17.01464350516517], [80.22642401709736, 17.015424337573858], [80.22642382602713, 17.015424414767423], [80.22603619797302, 17.015581522348697], [80.22561273655003, 17.01570546953913], [80.22525949142057, 17.015808863229815], [80.22394879682368, 17.01342619213217], [80.22371561295743, 17.01300228945969], [80.22336086413046, 17.012357386737268], [80.22098519437263, 17.008789567553155], [80.21967286060783, 17.008555817777243], [80.21853659160148, 17.00864599780931], [80.21758326901333, 17.00872165404198], [80.21755735228916, 17.008729956601876], [80.2175115776421, 17.00874462156155], [80.21639078029749, 17.00910368147616], [80.21439086024554, 17.009744360860882], [80.2113691270536, 17.010712337245284], [80.2099304025907, 17.011144535090143], [80.20796347518052, 17.01173538789201], [80.20641960372873, 17.0126066069363], [80.20624911284224, 17.01270281466263], [80.20533303696222, 17.0132197526476], [80.20533216393373, 17.013220245496374], [80.2047934121857, 17.013677971699217], [80.20472340113386, 17.013844784421547], [80.20465247737143, 17.01401377015894], [80.20421340611757, 17.01505992013309], [80.20407128946734, 17.01539853055338], [80.20407118569774, 17.015398639655245], [80.203869944486, 17.015611234391034], [80.20302217386333, 17.016506822253504], [80.20293309736017, 17.016600922132593], [80.20177830800942, 17.017503871187326], [80.20029971471683, 17.01865998624184], [80.2002635502196, 17.018972197394987], [80.20025948285678, 17.019007311214178], [80.19980763049375, 17.022908076422997], [80.19940934781268, 17.023702524589606], [80.19929970541568, 17.023921224031376], [80.19917093775322, 17.024178072308843], [80.19914650190152, 17.024226813515476], [80.19914619706367, 17.02423100068739], [80.19914375628498, 17.024264555031138], [80.19902120542103, 17.025949243683772], [80.19890362682027, 17.026084077019497], [80.19871921078628, 17.026295557535654], [80.19782278835353, 17.02732352145878], [80.197822637352, 17.027323694617113], [80.19786502213348, 17.027380726127515], [80.19788286703721, 17.027404736960385], [80.19811516181564, 17.027717301868], [80.19889216141888, 17.028762786205856], [80.19948534121633, 17.029855793482508], [80.19959822724296, 17.031751259933014], [80.19959831329936, 17.03175138500902], [80.20280578213189, 17.036413041623536], [80.20301793030127, 17.036870578871635], [80.20331338426463, 17.037507779841757], [80.20333911597184, 17.037563274322423], [80.20363264442209, 17.03899963623168], [80.20363269527876, 17.038999885092796], [80.20346281864516, 17.039104868630606], [80.20340932641659, 17.039137927108097], [80.20306726250278, 17.039349322516173], [80.20300534792855, 17.039387585144702], [80.20298012572866, 17.039538095076637], [80.20369372365525, 17.039768570768683], [80.20497703355012, 17.04054953195965], [80.20592933372967, 17.040597497292477], [80.20697687904894, 17.04064567782938], [80.2063545766145, 17.041651049628022], [80.20616160441996, 17.042428591433293], [80.20611164469344, 17.043160698638175], [80.2061084313449, 17.044167497781], [80.20639154349146, 17.04499190085658], [80.207958455106, 17.04645995394977], [80.20871607129925, 17.047834610662417], [80.2096183152417, 17.04866042975815], [80.21032919739119, 17.049760389792773], [80.21123160086125, 17.050540437601168], [80.212517468682, 17.050543371415387], [80.21399369031428, 17.05059249315177], [80.2150890595233, 17.050594977828187], [80.21642154682164, 17.05091833966711], [80.21737088750136, 17.05192728637288], [80.21870181301269, 17.052754031934526], [80.22017376972497, 17.05417601403991], [80.22202732488209, 17.05541578291353], [80.22293079574422, 17.055875435527465], [80.22416708632306, 17.05651888000279], [80.22592699182806, 17.057255004806606], [80.22616028077886, 17.058339362929942], [80.22738244660735, 17.059401816208368], [80.22860643820917, 17.059875515255936], [80.22952407347982, 17.060348534050767], [80.23013300128076, 17.06158624645611], [80.23055902160611, 17.062529179665074], [80.2315986791919, 17.06317908203118], [80.23282306404457, 17.0635350071593], [80.23348950345405, 17.06366295003219], [80.23395668729489, 17.0638637371948], [80.2347150059748, 17.06477952475047], [80.23713904463511, 17.066432268349796], [80.24089535587464, 17.068545479161525], [80.24189294960507, 17.069417123413768], [80.24237058939889, 17.06979816724328], [80.2429858112273, 17.07028896516887], [80.2446977320294, 17.071207882183245], [80.24545322217615, 17.072109367903725], [80.24550456238963, 17.07217062886968], [80.24588095072734, 17.073727384456337], [80.24592420257241, 17.075191905586557], [80.24611034921084, 17.07665672890277], [80.24610104940506, 17.079768616597473], [80.24600004046248, 17.081690461585257], [80.24609147477007, 17.08297202774924], [80.24632184437236, 17.08558102163111], [80.24683966275857, 17.087641462329547], [80.24778442673188, 17.090297724444966], [80.2481625036084, 17.09130531220616], [80.24925401777296, 17.09268050652403], [80.2503470411486, 17.093552303395622], [80.25058250176026, 17.094468060045067], [80.25148405065335, 17.095659790415397], [80.25229142052076, 17.096485214432942], [80.25338609979742, 17.096807841623892], [80.25339701552652, 17.096807864460477], [80.25457699760948, 17.096810322537923], [80.25581593598024, 17.096675606885945], [80.25748560704878, 17.095855328351863], [80.25939263954373, 17.095310104129187], [80.260678667081, 17.095358509186642], [80.26172505230551, 17.095909809297087], [80.26286551897552, 17.09687316475398], [80.26376901006428, 17.097424162835864], [80.26491161441693, 17.09765530216726], [80.26619673276515, 17.09802401345191], [80.26762450228718, 17.098484530879222], [80.26905240996024, 17.098899275478974], [80.27019502907886, 17.099130386326294], [80.27076719066422, 17.098948481529245], [80.27176755667274, 17.098950484398213], [80.27262357624053, 17.09945558699919], [80.27333655956171, 17.10000616376506], [80.27366714890051, 17.101013607880386], [80.2740440747972, 17.102478772549173], [80.27422980515547, 17.10417236996044], [80.27446369772483, 17.10568301035244], [80.27484298080286, 17.106324444395216], [80.2768788506133, 17.110767470975897], [80.27759085181214, 17.11168413235421], [80.27806440101696, 17.112691847139033], [80.27834855873112, 17.11328732274021], [80.27834991757015, 17.1132879785795], [80.27910976481665, 17.113654921245388], [80.28030063695346, 17.11370302025249], [80.28325508836498, 17.1134342108926], [80.28477995053035, 17.11329988313612], [80.28606661193302, 17.113165084490557], [80.28801997499097, 17.11312308625322], [80.2904499892791, 17.11299045689626], [80.29273670375939, 17.112994815336698], [80.29411851083607, 17.112905911090483], [80.29597709076401, 17.11268060932688], [80.29707280643852, 17.11268267283135], [80.29831069352464, 17.11295957275377]]]}}, {"type": "Feature", "properties": {"mandal": "Burgampahad", "district": "Khammam", "state": "Telangana"}, "geometry": {"type": "Polygon", "coordinates": [[[80.88076978112151, 17.730919605320896], [80.88077199319952, 17.73091266279987], [80.88101728692494, 17.728244255480558], [80.88158982808993, 17.722907357042114], [80.88175301657311, 17.719768147756717], [80.88175388308647, 17.719755785208637], [80.88232482357877, 17.711606048966644], [80.88289788132629, 17.708701895033123], [80.88353503500198, 17.70401583252883], [80.88363422311701, 17.70328631499013], [80.8836537110044, 17.703091753277135], [80.88404301280309, 17.69920512346016], [80.88417643371164, 17.69686323506466], [80.88417662126231, 17.69685993960916], [80.88436940603397, 17.693475959286246], [80.88412203507988, 17.687590324192364], [80.88198972706967, 17.681784786357895], [80.88076002709481, 17.68021627798088], [80.8778908835135, 17.676922625639552], [80.87584124089855, 17.673078893467736], [80.87581344300914, 17.673031019922735], [80.87384662256063, 17.669643575734312], [80.8737917407815, 17.669549050311392], [80.8728075864397, 17.66570439128431], [80.87354429538755, 17.661544388597825], [80.87387118460798, 17.657070796531958], [80.87509282057113, 17.653167294446654], [80.8750995471943, 17.65314580165869], [80.87681984884443, 17.650789972740192], [80.87935966822387, 17.649061268315048], [80.8820634572926, 17.647881748020474], [80.88517675501653, 17.646073994751823], [80.8890276919428, 17.645128811648082], [80.893452028755, 17.643712152646188], [80.89663489259802, 17.642771120965126], [80.89629469892792, 17.64201169755298], [80.89590690560749, 17.641428666905124], [80.8950300493247, 17.64086423090658], [80.89427472363101, 17.640141692517446], [80.89351931972928, 17.639140982513307], [80.89177623108795, 17.637251032376536], [80.89043991930106, 17.63591703557125], [80.8891036869331, 17.63480556584753], [80.8870707288911, 17.634640481410674], [80.88509600021983, 17.635031663791544], [80.88254043039282, 17.635423333746004], [80.8810945141605, 17.635398453051334], [80.88143225600506, 17.634701052982233], [80.88184325398161, 17.63470069844121], [80.88224967477505, 17.63403274125263], [80.88271387301191, 17.632140787626604], [80.88346809953514, 17.62930331921445], [80.88351103063421, 17.627306495955402], [80.88451226843945, 17.624718636708383], [80.8847294706845, 17.622381813736123], [80.88429283577213, 17.618293082796402], [80.88433574789993, 17.615747776294317], [80.884030081868, 17.612743788273473], [80.88468254846296, 17.609238244176186], [80.88507390270509, 17.606692619368555], [80.8858569416163, 17.60297831729229], [80.88607390681203, 17.599890396782225], [80.88716193355292, 17.596759972668895], [80.88788093130414, 17.59487242879304], [80.88633055357893, 17.595579423783263], [80.87738419894593, 17.600070916929585], [80.86871277446217, 17.60469367832828], [80.86072906846871, 17.607996806632542], [80.85828539980264, 17.60871398436959], [80.85577346529085, 17.609451162620186], [80.85217773489063, 17.608560781309937], [80.85217006247619, 17.608558881789566], [80.85205653470743, 17.60853076885761], [80.84696309962543, 17.60853440100491], [80.84365925045643, 17.608536692759383], [80.83884115351388, 17.609331188558667], [80.83126977699399, 17.610786693582344], [80.82562559369643, 17.61171328182067], [80.82555460036964, 17.611724658471907], [80.81736572063905, 17.613036829495666], [80.80786661235103, 17.6154156950671], [80.80777387301504, 17.615445344263275], [80.80041409464363, 17.617798132084907], [80.79850484373334, 17.618321564667973], [80.79093270491676, 17.620303126688864], [80.78003759088195, 17.623870982265434], [80.77964284208815, 17.62400023874391], [80.77330938811275, 17.625848814599852], [80.76628726200553, 17.6282249169408], [80.75609799927962, 17.63165666368793], [80.74996133188323, 17.632297148016598], [80.74976458868771, 17.63231767853648], [80.74577111840283, 17.634164841207145], [80.74246572345112, 17.63653927278277], [80.74069269770438, 17.63778459685667], [80.74121416108272, 17.640096072779773], [80.74103873798173, 17.640342004079574], [80.74123715188581, 17.640589529579966], [80.74126011088777, 17.64093056203419], [80.74132883393091, 17.64121820722051], [80.74136705203486, 17.641561131498637], [80.74145103470137, 17.64184876349901], [80.74151978644876, 17.64226978083491], [80.74159616602208, 17.642686981077567], [80.74161152723185, 17.643176634164053], [80.74164975213985, 17.643553854279233], [80.74167267760274, 17.643734839476327], [80.74171854799172, 17.64418636082477], [80.74174153948874, 17.644685534208058], [80.74181033686891, 17.64532375623301], [80.74177991706036, 17.645794394332018], [80.74180289308318, 17.646215449041456], [80.7418487960256, 17.646823206228955], [80.7418428815814, 17.64690096000631], [80.74184104662642, 17.64690077803678], [80.74116971824563, 17.64683427665638], [80.73987082568385, 17.646732586126518], [80.73863625816092, 17.64674646060708], [80.73754312484064, 17.64663175210733], [80.73585841746133, 17.64647899644342], [80.7353825934772, 17.646479392817213], [80.73440520970445, 17.646403127634454], [80.7339808306331, 17.64642917405134], [80.73387816685015, 17.647469828256224], [80.7339041465341, 17.648715918834316], [80.73382742292236, 17.650809966862056], [80.7339176358189, 17.651734841230553], [80.73375109961437, 17.65483099190401], [80.73371304183887, 17.65733609618335], [80.73371329068432, 17.65853082286103], [80.7336362478743, 17.659096133988896], [80.73400932258225, 17.65972530310645], [80.73458831913474, 17.661125092119388], [80.73481995421119, 17.661857151440234], [80.73552757078686, 17.66334675888447], [80.7361451101141, 17.664566664132316], [80.73646680569667, 17.66549134568964], [80.73748318531733, 17.66755879039681], [80.73798491757789, 17.668457628746026], [80.73810075991412, 17.668945700737094], [80.73812663019481, 17.669665084945557], [80.7380110848653, 17.670602976629628], [80.7378057136463, 17.672478740580438], [80.73774184198916, 17.674534237789537], [80.73785782635352, 17.675703174855897], [80.73790936034611, 17.67615276004692], [80.73833387263151, 17.67676904000819], [80.73874552494013, 17.67738533060578], [80.73989042000926, 17.67904157856157], [80.74021202160993, 17.679516632802002], [80.7414340850519, 17.681211356550772], [80.74251459968242, 17.682482262970982], [80.74436693408136, 17.68478024844511], [80.74499728026562, 17.685743212869127], [80.74519026269677, 17.686128447914125], [80.74562768015612, 17.686963107385385], [80.74616801046051, 17.687951840239116], [80.74686275866769, 17.689402919100708], [80.74520392141962, 17.68996312382924], [80.74436804160895, 17.690092285279682], [80.74242624528935, 17.690479298248242], [80.74160315329583, 17.69026159180744], [80.74085723494325, 17.690108055162852], [80.73914674724925, 17.689659850778888], [80.73702469748592, 17.689032138223123], [80.73509556934027, 17.688494190043645], [80.73420815244408, 17.688160918683565], [80.73272916683716, 17.68781529436439], [80.73159741372768, 17.68750791988547], [80.73027274431306, 17.68713647394785], [80.7289352471378, 17.686919196259154], [80.72834388866416, 17.68790887068686], [80.72807390411178, 17.68828164480471], [80.7277139928907, 17.689104122482163], [80.7272384978056, 17.690684640480086], [80.72698153450216, 17.691828195379795], [80.72691733830744, 17.69232926282458], [80.72722612310217, 17.69300987126179], [80.72725193464674, 17.6934466322602], [80.72740095594439, 17.694556958640824], [80.72810969272652, 17.697311053879687], [80.72967060318966, 17.70033703277182], [80.73084090062478, 17.703397059637705], [80.73229564374277, 17.70587899158881], [80.73360905022068, 17.70703484735287], [80.73417720051275, 17.707170759400526], [80.73577576411338, 17.70628641889242], [80.73872452148582, 17.703973714241723], [80.73989684947428, 17.703157429617548], [80.74192174951958, 17.70176292160447], [80.74426606220977, 17.70074234916536], [80.74529609757383, 17.700368094337957], [80.74685925590849, 17.69900764303419], [80.74806703362094, 17.698191302837998], [80.74884868595436, 17.69730705300629], [80.75037676502741, 17.694824502230784], [80.75108727013705, 17.694178278349042], [80.75339678952555, 17.6910834581664], [80.75467511104522, 17.691253131257643], [80.75691181257828, 17.69247660831506], [80.75829347915526, 17.693232360734417], [80.76026653906916, 17.694311571219604], [80.76287626267936, 17.69635113805911], [80.76543265746213, 17.697642428894895], [80.76734998166009, 17.698593874748653], [80.76879698138781, 17.699136257311174], [80.76913220453854, 17.704476100996317], [80.7700794883342, 17.707534757022447], [80.77186217520567, 17.71120460753716], [80.77297647981831, 17.714096246515236], [80.77537170231163, 17.71776558595669], [80.77598472497621, 17.720101379810888], [80.77670945288817, 17.72405024161944], [80.77793556784594, 17.729055586332734], [80.7791612767774, 17.73211401148462], [80.78099967145957, 17.735895068080538], [80.78311649146737, 17.739675892703882], [80.78417497140066, 17.741900062887964], [80.7851777428011, 17.744013026338813], [80.78690458145472, 17.746904155132825], [80.78868697815106, 17.749183349349693], [80.78980087601396, 17.750128068241185], [80.79074756904093, 17.750349785565607], [80.79174985346148, 17.750126445424232], [80.7925849321846, 17.74918010355295], [80.79345727692063, 17.74891978808305], [80.79512766637609, 17.748139629040345], [80.79640835276405, 17.74780480504646], [80.79874711273078, 17.747747231358396], [80.80086312138978, 17.7476342163938], [80.80359157308216, 17.747075682084752], [80.80849177494542, 17.746682217100968], [80.8114431058442, 17.746791012601076], [80.81428306583604, 17.746899900230453], [80.81735495232384, 17.746554312941576], [80.82047312930793, 17.745661696178225], [80.82284863781737, 17.74380550835349], [80.82633801719074, 17.742764244608768], [80.83034718533379, 17.742019221363822], [80.83353970186423, 17.741571552195307], [80.83584128738782, 17.741272961568328], [80.8387555168609, 17.741493039622405], [80.83991540802232, 17.74046298732544], [80.84119578129119, 17.73862625294032], [80.84236484325659, 17.737067743776418], [80.84336690819255, 17.73578750386475], [80.84498131067575, 17.733561107242558], [80.84642868214905, 17.731446102646174], [80.84765338243828, 17.729665040758956], [80.84988020509083, 17.726881871439726], [80.85177313787159, 17.7251558790346], [80.85333199493482, 17.72359704470869], [80.85461241500578, 17.721982815750916], [80.85567009489787, 17.720368771918224], [80.8559483925997, 17.719756650638818], [80.85644922267795, 17.718143070437357], [80.85678315947436, 17.717308398467587], [80.85772943475739, 17.715527568375165], [80.85900973962003, 17.7133570765321], [80.85873214701459, 17.7173624007491], [80.85839848749131, 17.71953210388688], [80.8583987537277, 17.72081150878807], [80.85823198829557, 17.722202305132246], [80.85784243512323, 17.723370781800682], [80.8576197882741, 17.723815978153933], [80.85578303824077, 17.72793385359553], [80.85466982271292, 17.730271085836478], [80.85411334267854, 17.73205159105114], [80.85383514892258, 17.733164348133034], [80.85378005414739, 17.736001335455228], [80.85383636405957, 17.73900510865067], [80.85417087859365, 17.740951750392014], [80.8550068022582, 17.74406612668849], [80.8555641267258, 17.746346340518137], [80.85606552328616, 17.747458448809073], [80.85656686204005, 17.74829242641702], [80.85717944358824, 17.748514420747416], [80.85818178510797, 17.748569212128835], [80.85907274526103, 17.7485684703677], [80.86013076143618, 17.748567589220105], [80.86157860635008, 17.748733261942878], [80.86324931855971, 17.749510638800444], [80.86530984907614, 17.750398942978705], [80.86776036004176, 17.75217694287256], [80.86998830388688, 17.754789523812907], [80.87044629995194, 17.75532659257665], [80.8710191693472, 17.755929112626372], [80.8718415861647, 17.756424027695587], [80.87208709877544, 17.7546196360601], [80.87266035732506, 17.7513232013296], [80.87429943866248, 17.74833978047964], [80.87544662856793, 17.74559218116434], [80.87708533090186, 17.74127464043236], [80.87839636336275, 17.73836992438709], [80.88076978112151, 17.730919605320896]]]}}, {"type": "Feature", "properties": {"mandal": "Chandrugonda", "district": "Khammam", "state": "Telangana"}, "geometry": {"type": "Polygon", "coordinates": [[[80.73921752288908, 17.405166536099347], [80.74023753973107, 17.402452432975018], [80.74326497351943, 17.39796762291382], [80.74297617774133, 17.393925269043013], [80.74711867721955, 17.390449144287725], [80.75193244151534, 17.388073975905815], [80.75660801145153, 17.387149508128548], [80.76032090513412, 17.386489000257672], [80.76393350699405, 17.385621715059], [80.769396183965, 17.38661801203731], [80.77819593621177, 17.388593178891842], [80.78754570761608, 17.391359078074817], [80.79263329010311, 17.392411967608552], [80.80060854076531, 17.393990908281076], [80.80144937304463, 17.394341568770923], [80.81229635068408, 17.398864772812132], [80.81628415781206, 17.399785797927215], [80.81930944979642, 17.400047863483458], [80.82288469079985, 17.40228787588573], [80.82852276423309, 17.404922227720984], [80.8318231675908, 17.406634705976064], [80.83787386898517, 17.398981328295925], [80.84392406130931, 17.390536424163255], [80.84846079067113, 17.37615739553861], [80.85038541598082, 17.371935568706682], [80.85712174212689, 17.364017253057767], [80.85987108150505, 17.360586037749364], [80.86262002278083, 17.355044538937083], [80.86151961474185, 17.351088678907026], [80.86248154336913, 17.34805445208422], [80.86440611470763, 17.347261607859636], [80.86743123654323, 17.350952151041618], [80.86963091671352, 17.350950383075578], [80.87334089415522, 17.340923651189392], [80.87375273308827, 17.338021705131162], [80.87522448056473, 17.333910427935955], [80.87504378623181, 17.333719007166117], [80.87498915581091, 17.334063937846864], [80.87100324034968, 17.33762829016323], [80.86481758886839, 17.341062413129865], [80.86055609904719, 17.342384630199803], [80.85711923392014, 17.34225534486555], [80.85148275717182, 17.341731932922976], [80.84680863117379, 17.34133959043854], [80.84089721525348, 17.33936528965694], [80.83622315179713, 17.33725812870933], [80.83141172332462, 17.334887166906736], [80.82934969908924, 17.33462467184519], [80.82929554152692, 17.3345133576824], [80.82724200637676, 17.33029238839075], [80.82715034805828, 17.330669278201796], [80.81725268184911, 17.332125886479385], [80.81545455784206, 17.332450360137244], [80.80845459384327, 17.333713356067666], [80.79402037572733, 17.334116070888218], [80.78274777047382, 17.334912237249362], [80.78109903921981, 17.331615605953456], [80.77656621862401, 17.319483284959173], [80.77641256619638, 17.319066136985143], [80.77258333930688, 17.30866954202141], [80.76961802208088, 17.300255767708247], [80.76785073678325, 17.30090233986679], [80.76515377750863, 17.301792745182674], [80.76346830715966, 17.30195500749133], [80.76158439339132, 17.302034183991513], [80.76153005192926, 17.30203646728306], [80.75967612824056, 17.30195615194452], [80.7596561886523, 17.301956157428545], [80.75841206827741, 17.301956518430938], [80.7556881898113, 17.30094736586187], [80.75409033342598, 17.300564430920375], [80.75069464487069, 17.300373626030233], [80.74729947168734, 17.29903266805707], [80.7435052027655, 17.296925008477512], [80.74031071117035, 17.293858741187886], [80.73432257590949, 17.28561745661178], [80.7319281414871, 17.281017432339226], [80.73193000060553, 17.280992633716302], [80.72778965428662, 17.28071921918196], [80.72284236553924, 17.280324187459538], [80.71924910538077, 17.279396002281356], [80.71926978672263, 17.27926942990112], [80.71377234644373, 17.279665609461876], [80.70992421730509, 17.27979776752461], [80.70415336882427, 17.277951508600587], [80.69920737608453, 17.27584129791697], [80.69536192407575, 17.272280140362994], [80.69261732319363, 17.266872405081273], [80.69014732177796, 17.261992212109142], [80.68822759107191, 17.25645252751569], [80.68451670955308, 17.25737560769578], [80.68149194697253, 17.259485733790182], [80.68148770478739, 17.259458457519745], [80.67695510256306, 17.262123257251986], [80.67076745319403, 17.26673891007247], [80.6654049658251, 17.27029934017371], [80.66114146224348, 17.27412360947619], [80.65646478883036, 17.27873907582367], [80.65169997141008, 17.282769854111528], [80.65152574848464, 17.282679205520125], [80.6516044855181, 17.282577111750868], [80.64963022770424, 17.281312782856496], [80.64931621648847, 17.28111168493466], [80.64547004426849, 17.279132369020825], [80.64011210581948, 17.277284475160076], [80.63625872116882, 17.275880118709978], [80.63612814215355, 17.27583252828209], [80.63090821700739, 17.273588755793828], [80.62747534489228, 17.270949761998466], [80.62555406937398, 17.268443120022116], [80.62490380359804, 17.26573696474466], [80.62489454297082, 17.265681055444404], [80.62454828133706, 17.26593638247955], [80.62428906627733, 17.26635850377931], [80.62392591961618, 17.267177963680595], [80.62351045647634, 17.26851895789528], [80.62335418377522, 17.26946266746417], [80.6232239455652, 17.27025736954591], [80.62322326953327, 17.27088685895772], [80.62266095620262, 17.27516876378834], [80.62238368368375, 17.277410874455494], [80.61949292543872, 17.281762354613722], [80.61756524514198, 17.285058997901213], [80.61480802059133, 17.29270779586186], [80.61122636358846, 17.29996052234725], [80.60695673693718, 17.30760855581866], [80.60406442010711, 17.312619235173145], [80.60131003791727, 17.317102357313228], [80.60150082710311, 17.317343076616936], [80.5959460396441, 17.3197377198679], [80.59319558092025, 17.32079153224635], [80.5885388081506, 17.32210291439378], [80.58852032757446, 17.322108118010018], [80.5804127527502, 17.320125443286116], [80.57354298112767, 17.31774750388522], [80.57049024260769, 17.316768903641805], [80.56966389077687, 17.31945248852643], [80.56800676803738, 17.325078885741366], [80.56708294111202, 17.330529850862778], [80.56634379499673, 17.33492578208921], [80.56413220312359, 17.34371715422551], [80.56136975692203, 17.35303568204607], [80.55842175455733, 17.363760839556857], [80.55859989065402, 17.367453865420845], [80.56189139651967, 17.373434965890823], [80.56560630088426, 17.380184919446606], [80.56892328630657, 17.38621139470529], [80.56864740785916, 17.393486217734665], [80.56661981272768, 17.401398251994866], [80.56435291107623, 17.410243294181118], [80.56494937085708, 17.416168577554647], [80.56539126509506, 17.42055814792533], [80.5646011018804, 17.42312170887332], [80.56721166959099, 17.42496972427821], [80.56741390694798, 17.425015493161585], [80.56954899888885, 17.425498681901882], [80.57175039602534, 17.42484055876538], [80.57588051254749, 17.421677680706647], [80.58000912974428, 17.419569809280635], [80.58358704772495, 17.417857222407942], [80.58895092314368, 17.41759624171251], [80.59115036968483, 17.418388667953], [80.59362295032317, 17.42076384002917], [80.59568251730903, 17.423534444420483], [80.59571576054925, 17.423578362749492], [80.59787951657077, 17.426436974673017], [80.5999414072417, 17.42736112832681], [80.60200378602055, 17.427889603361077], [80.6057172001039, 17.42789123110604], [80.61204599701588, 17.425915564595254], [80.61727368843643, 17.42459872907239], [80.62153902467493, 17.422885766076927], [80.62346487523281, 17.42249078278605], [80.62593999682754, 17.422887284681035], [80.62794525322936, 17.42397022632128], [80.63370699236266, 17.421299779507255], [80.63772608074078, 17.41962590708156], [80.63777077640336, 17.419725643200216], [80.64794585633807, 17.42183842245011], [80.65275939356387, 17.421839481940086], [80.65716105584659, 17.421049037853997], [80.663904102064, 17.416302286173586], [80.66665720795227, 17.41326930444061], [80.67051040018363, 17.41023642414868], [80.6736752299424, 17.407994718469944], [80.67752835837706, 17.406548423317638], [80.67755066501866, 17.406540050000267], [80.6826158603354, 17.405621551120294], [80.68770462761307, 17.40483051677013], [80.69334351778706, 17.40390748404061], [80.6969201623537, 17.402192983491666], [80.69980926065047, 17.400346544106068], [80.70599931418285, 17.397444851535], [80.71603773194244, 17.397444205084586], [80.72291208668048, 17.399685580939774], [80.72896150508926, 17.40192685650661], [80.73501086062508, 17.404563620010777], [80.73899829297896, 17.405749863364896], [80.73921752288908, 17.405166536099347]]]}}, {"type": "Feature", "properties": {"mandal": "Cherla", "district": "Khammam", "state": "Telangana"}, "geometry": {"type": "Polygon", "coordinates": [[[80.98628851266677, 17.951061421530774], [80.98622947559605, 17.951100449417655], [80.98462147798912, 17.95106511828945], [80.98109904424975, 17.9507737660905], [80.9767250732214, 17.950446462828822], [80.9725835577254, 17.95041482749144], [80.96886788020622, 17.950493592857537], [80.96654554847103, 17.950496529565942], [80.96654071094277, 17.95049653525261], [80.9646489786514, 17.950498908642448], [80.96190083874009, 17.95042831314564], [80.95748834053143, 17.95032270630353], [80.95498722221696, 17.950392162736335], [80.95497713171214, 17.950392443124475], [80.95470159121675, 17.95040009231932], [80.95013414456156, 17.950072478970032], [80.94653443359695, 17.949891669507107], [80.94192828654691, 17.94952691871872], [80.93863835317711, 17.949567663306574], [80.93480633470732, 17.94920188366257], [80.93247614196304, 17.94886631309771], [80.93247469216564, 17.948866103766555], [80.93047103565458, 17.94857753543787], [80.9264065610625, 17.947656753617377], [80.92369697723773, 17.947141540144532], [80.91999870115256, 17.946298329646183], [80.91998093906494, 17.94629427997964], [80.91638109197726, 17.945557856807216], [80.91239421328748, 17.94478475487066], [80.90906526904054, 17.943825892668933], [80.90545652990244, 17.94317569931646], [80.90538812699648, 17.943163374347936], [80.90356889112043, 17.942758057979354], [80.90205930792382, 17.942389438080642], [80.90058848324976, 17.942168798511187], [80.89907890925674, 17.941800156535532], [80.89907802805553, 17.941799684760873], [80.89749177926412, 17.940950482525263], [80.89447244177518, 17.939473000423625], [80.89079503707548, 17.93744096052446], [80.88649848787543, 17.935483419186234], [80.88471787555699, 17.93433776042653], [80.88336461572595, 17.933451777988555], [80.88355552552272, 17.93470132452618], [80.8839391170827, 17.93721197056388], [80.88369391601591, 17.941135523127254], [80.88328420367824, 17.94356834564886], [80.88205395581565, 17.946551139940375], [80.88074152851621, 17.949220125627377], [80.87901893823883, 17.952831042370757], [80.87899563590578, 17.952862262202032], [80.87737804597226, 17.95502948085839], [80.87560364226125, 17.956708177976566], [80.87314162504966, 17.95718101194477], [80.87024868208285, 17.95741876858847], [80.86846367672422, 17.95759675359761], [80.8655707209973, 17.957834446900954], [80.86440132037161, 17.95854155664046], [80.86341657117892, 17.959248516082756], [80.86249342804355, 17.960367368475453], [80.86107815249585, 17.963781713726544], [80.86070901207371, 17.965194375759275], [80.85982904873639, 17.967260621263495], [80.85935519646699, 17.968373256756415], [80.85769343878931, 17.97061077034794], [80.85578539147163, 17.972671904084546], [80.85406193938856, 17.97432094241286], [80.85215377628126, 17.975911249077523], [80.84981462466841, 17.976972206979845], [80.84912877125974, 17.97724876910813], [80.8474754406401, 17.977915441256734], [80.84624430540774, 17.978799031922055], [80.84569032226248, 17.979740994770136], [80.84525943807294, 17.98038862731042], [80.8447671482619, 17.98403757553113], [80.8447563208019, 17.984118347277263], [80.84445945918223, 17.986332874867937], [80.84421328999811, 17.987921948333128], [80.84341305709812, 17.989687945003915], [80.84058120166902, 17.991219913527257], [80.83750305083318, 17.99310509393989], [80.83448640527364, 17.99499018795598], [80.83294727641493, 17.996168130330062], [80.8300536573574, 17.998700406793755], [80.8284528876773, 18.000466830195037], [80.82611327830242, 18.002410229599015], [80.82340420836334, 18.00447151314438], [80.82124928470051, 18.00523779252258], [80.81964850776701, 18.005356409319266], [80.81829404397234, 18.004945246797703], [80.81755528489852, 18.004298338527988], [80.81626262052012, 18.001533217840134], [80.81534168246988, 17.99971416219545], [80.81533929570794, 17.999709447481536], [80.81435429600002, 17.999121509812046], [80.81232262155288, 17.99906376439746], [80.80918265241053, 17.999830452025122], [80.80511895902404, 18.00195105998377], [80.80321018510523, 18.003187815912792], [80.80207457914963, 18.003787746111392], [80.79908477813672, 18.005367183682868], [80.7969910813084, 18.007368987698836], [80.79415829208435, 18.010430360079983], [80.79151040991677, 18.012196964428117], [80.78855459818735, 18.014081361205093], [80.7860298469029, 18.015494758504556], [80.78344345634197, 18.01702584343987], [80.78184225883761, 18.018262272544153], [80.78005640656623, 18.0192045252878], [80.7775932873659, 18.019970476655747], [80.77482235701225, 18.02050112285988], [80.7727286028279, 18.0213845770186], [80.77100409867681, 18.022797506241144], [80.76792490219306, 18.024328565875457], [80.76546117398425, 18.02650669927913], [80.76509160092616, 18.026859898223428], [80.7643008868078, 18.027716254522268], [80.76324362854592, 18.02886126652978], [80.76139544259307, 18.03133338973592], [80.76022449037485, 18.033981834502427], [80.75917636893236, 18.037395237268765], [80.75868271905765, 18.04004346570484], [80.75880335440628, 18.046395324837196], [80.75880342131089, 18.04639882121012], [80.75923328952956, 18.04951753649127], [80.75923202335544, 18.052812907773788], [80.75916946719599, 18.05534329510338], [80.75886079837785, 18.057285292272034], [80.75812091414505, 18.05952163701223], [80.75701189381216, 18.060757706302617], [80.755964563494, 18.061699524514495], [80.75430114524256, 18.06317111088574], [80.75220644630676, 18.06499586626353], [80.75035815944453, 18.06658515703053], [80.74887929198304, 18.06835087718044], [80.74758511126596, 18.070234231861242], [80.74505861444646, 18.07323591143497], [80.74292095865648, 18.075161260898028], [80.7429020771119, 18.075178266900622], [80.7416695230664, 18.076767339686565], [80.7408066927566, 18.07794441475287], [80.74006686443138, 18.079474529973325], [80.73877206490381, 18.082299333310562], [80.73790887369692, 18.084123683166833], [80.73742141393576, 18.08551892233643], [80.73890672817943, 18.08713202616938], [80.74097108281933, 18.090026125063478], [80.74303534480934, 18.093249119686476], [80.74420490335322, 18.095551309245916], [80.74544353179824, 18.0974587697829], [80.74688818156176, 18.10068184962613], [80.74801551006925, 18.10215423161959], [80.74729819799242, 18.10245889241458], [80.74836804902037, 18.10647466705338], [80.74803664477743, 18.110254527267404], [80.74440825595562, 18.112932695659698], [80.74737407822668, 18.117184256687974], [80.74497962394669, 18.125374258183733], [80.74547309296062, 18.127972715626733], [80.74538727478978, 18.13323172352846], [80.74442663136881, 18.134934512545055], [80.74451101479623, 18.135048740532785], [80.74525261790274, 18.136052627676555], [80.74084313246937, 18.139145333115827], [80.73698436157706, 18.142566748327962], [80.73381447866076, 18.14552749749149], [80.73380587435338, 18.14553694341723], [80.73243612119607, 18.147040709403303], [80.72816340919735, 18.15111983110927], [80.72668032901468, 18.15256137788108], [80.72926879103453, 18.152914174357576], [80.73351405185889, 18.152913497718327], [80.73775891131004, 18.153723583271162], [80.74115435963479, 18.155344603796532], [80.74497439946002, 18.15696547532013], [80.75049283047977, 18.158180440227145], [80.75558564568314, 18.162233323200912], [80.76025427000167, 18.16588077953394], [80.76065349082818, 18.1667963996237], [80.76154062815156, 18.16666287353683], [80.76246073449742, 18.166641892890283], [80.76353034691378, 18.16662211507054], [80.76453554822645, 18.16660117069454], [80.7656157396514, 18.16668759010987], [80.76575638566209, 18.166685401407157], [80.76607726815514, 18.166682175476396], [80.76746663499642, 18.16656085922837], [80.76849374495836, 18.16645969139566], [80.76977671838243, 18.166377850234667], [80.7704314003611, 18.166288732279458], [80.77112474896911, 18.166194349935843], [80.77230137289396, 18.16607176916549], [80.77289764752638, 18.166038161187945], [80.77291714967288, 18.166035909979865], [80.77293428688624, 18.166035918149415], [80.77373443991333, 18.165991106008956], [80.77525051197586, 18.165990690558147], [80.77525078806224, 18.165990690686737], [80.77525374369998, 18.16599069025591], [80.77690125823385, 18.166032124249174], [80.77841930924427, 18.166174039526695], [80.77913863596679, 18.166309324312437], [80.77961762451484, 18.166399406217273], [80.78053698783494, 18.166686784141245], [80.78069647690162, 18.16674682517679], [80.78141733066043, 18.16701820233096], [80.78299677416213, 18.16732054354264], [80.78449424219923, 18.167279379117417], [80.78571101760963, 18.167263390364482], [80.78607738601443, 18.167258576223965], [80.78658528151088, 18.16731915313661], [80.78761729939916, 18.16744223694995], [80.78810242318171, 18.167532818398], [80.78834587966126, 18.167560033170545], [80.78902601635201, 18.167648430846093], [80.7890443355938, 18.167648438200796], [80.78979900608076, 18.16756626440821], [80.79069234619818, 18.1677033437117], [80.79078817956679, 18.167718049843565], [80.79093118352391, 18.167728274238065], [80.79245228932486, 18.16768819324846], [80.79345748406256, 18.16768857840738], [80.7944420209034, 18.167627940966998], [80.79528346240463, 18.167556798283456], [80.7961315854315, 18.16748508623574], [80.79775730163283, 18.167403202546012], [80.79919092870668, 18.1674025851141], [80.80004636293688, 18.168057040489913], [80.80126508895671, 18.16909913866191], [80.80259075242844, 18.17024294716751], [80.803330177547, 18.171459987962717], [80.80428362050407, 18.172451136714564], [80.80431184848607, 18.17247978230534], [80.80439853438764, 18.172567751537795], [80.8044705085186, 18.172640790824676], [80.80496297528876, 18.17314053561454], [80.80576451482322, 18.174053777675518], [80.80639725309254, 18.174774683779376], [80.8071446476698, 18.175282200493545], [80.8086636964108, 18.176240740696016], [80.80924407468802, 18.176507795864534], [80.809968358075, 18.17684106197292], [80.81026140251957, 18.177071628510863], [80.8108286122267, 18.177450279768415], [80.811105684808, 18.177737329879907], [80.81221525331699, 18.178610987221568], [80.8133059118556, 18.179511746914685], [80.81396937138764, 18.180185292227307], [80.81474505315504, 18.181080305561945], [80.81481738512655, 18.181202400119282], [80.81496596767084, 18.181453198140233], [80.81500732345661, 18.18149614262849], [80.8151691625183, 18.181793322465225], [80.81517034310868, 18.18179784104755], [80.81550821398417, 18.182367348760906], [80.81569875853911, 18.183503968526058], [80.8158281964071, 18.1854223826437], [80.81575821997484, 18.18621095387914], [80.81574520361704, 18.186258401273392], [80.81574517487381, 18.18635330415568], [80.81574516358192, 18.186390587074136], [80.81574515502773, 18.18641883080478], [80.81574987447372, 18.186447077650794], [80.8157823593029, 18.18651374397581], [80.81589754122002, 18.186722785174144], [80.81608718175437, 18.18695783273719], [80.81611554643241, 18.18696913838896], [80.81655391239161, 18.187495738208135], [80.81664784956106, 18.1876042231449], [80.81667206919114, 18.187646031770253], [80.81706965484226, 18.188182788135546], [80.8172670062834, 18.18833310180252], [80.81743185035674, 18.18849131683017], [80.81869478946014, 18.188635134250134], [80.81980702391809, 18.188777777442887], [80.8207484644505, 18.188900034637406], [80.82173240028125, 18.189236956186964], [80.82267381128962, 18.1894823512288], [80.82317571859961, 18.18978404669041], [80.82337681835418, 18.18990492688536], [80.82359327654234, 18.19003503863323], [80.82394074409095, 18.190214756282828], [80.82404473945334, 18.190301775205196], [80.82415640808195, 18.190427206685357], [80.82432421396912, 18.190587675539895], [80.82436140185202, 18.190765060129607], [80.82436258270862, 18.190769579537037], [80.8243755167978, 18.190981982508223], [80.8243755469277, 18.19098248504223], [80.82440613273796, 18.191484742593047], [80.82436683157412, 18.19262129303319], [80.8244055460508, 18.19375334099292], [80.82451144487413, 18.19563331819524], [80.82444699611752, 18.19802391175065], [80.82438218714022, 18.199516331140337], [80.82444632550983, 18.200619006447173], [80.82438168492645, 18.201457282574196], [80.82442461218406, 18.20230462270948], [80.82438119585726, 18.203347393448304], [80.82435963754884, 18.204430838550334], [80.82444488643185, 18.206187652915663], [80.82446595882972, 18.206984144565748], [80.82448701010252, 18.207863110684404], [80.82412235972014, 18.209994895248176], [80.82410004589983, 18.211701967659565], [80.8239850424367, 18.21298874180953], [80.82389369487447, 18.21421451495988], [80.82391653508206, 18.21503020858548], [80.82373660965959, 18.21592380871184], [80.823671832614, 18.217251263211836], [80.8235810104245, 18.218712020991568], [80.8234145059648, 18.220255232320532], [80.82307202982675, 18.221113765998552], [80.82294350962424, 18.22205482300929], [80.82289993447095, 18.22364776942657], [80.82282582632965, 18.224469083844955], [80.82283561466677, 18.225446324366548], [80.82317765554168, 18.226263220698133], [80.82319860586082, 18.22750934301408], [80.8235193064787, 18.228572517545857], [80.82377550278866, 18.229920373598677], [80.8239247171302, 18.231229789270543], [80.82401014431464, 18.232332446172926], [80.82418373181656, 18.233126700887055], [80.82397721201663, 18.233941200274455], [80.82383864238805, 18.234866430462016], [80.82383686362965, 18.234886764582395], [80.82386521887044, 18.234962465314606], [80.82386513971382, 18.235265236581892], [80.82386508359477, 18.235479889358828], [80.82390231471948, 18.23552282771289], [80.82404712952949, 18.235582738779723], [80.82405126763246, 18.235586129003835], [80.82407431942175, 18.235594043615375], [80.82462936497082, 18.235764765674368], [80.82474935401903, 18.235820151431355], [80.82522933351898, 18.235949055480116], [80.82696186779876, 18.23646009535829], [80.82826761462759, 18.236908893253577], [80.82923054480817, 18.237154255924725], [80.83021476360712, 18.237379284167183], [80.83156312240625, 18.23766538641986], [80.83196856516318, 18.23807217727019], [80.83203831587488, 18.238098175396228], [80.8328470053479, 18.238154822383336], [80.8347818524058, 18.23819247595935], [80.83504903920337, 18.23827047832577], [80.8355000833213, 18.23831236251576], [80.83566027818543, 18.238355323186003], [80.83573535126311, 18.238374541710403], [80.83610304216192, 18.238418669725263], [80.83651330544323, 18.238417614084756], [80.83677459690021, 18.23841766087094], [80.83697854969577, 18.238404140236824], [80.83704239437485, 18.238400761422653], [80.83720734881487, 18.238288946798864], [80.83773831024567, 18.237750151624276], [80.83860331168331, 18.236989980949517], [80.83897284088513, 18.236671456066194], [80.83932997770641, 18.23623204377903], [80.84005660108609, 18.235670679638197], [80.84039937997326, 18.235384416814615], [80.84046100654514, 18.235332950978698], [80.84054377957942, 18.235262920910642], [80.84189607072379, 18.233749634111295], [80.84217801851123, 18.233434115335605], [80.84218570449539, 18.233427338927182], [80.84235894192521, 18.233230789177203], [80.84277458324834, 18.232812844214973], [80.84308558235392, 18.232449111618678], [80.84331614984725, 18.23230566861017], [80.84340187189045, 18.232262749898606], [80.84354790836247, 18.232105737143335], [80.8438564876513, 18.23207301859519], [80.84393925104455, 18.232041398533124], [80.84435424458529, 18.231953337851316], [80.8449548454287, 18.23192065929759], [80.84509671514927, 18.231942145294163], [80.84632689148994, 18.231812392300913], [80.84673240882233, 18.231831651038608], [80.8472390164853, 18.231810252052785], [80.84787330416412, 18.231821630814142], [80.84812809346008, 18.231755007702493], [80.84818661929297, 18.231738069695844], [80.84858802279902, 18.23157882485751], [80.84860457477289, 18.231577697147976], [80.8489001457241, 18.23155739696643], [80.84924536269551, 18.23160827839523], [80.84936891216275, 18.23159360646776], [80.84957521058557, 18.23165689703894], [80.84985422174108, 18.231698729809345], [80.85002210178263, 18.231713436197094], [80.8502378643145, 18.23173266699242], [80.85035845497009, 18.23174284864574], [80.85047668203593, 18.231753030864308], [80.85105185018134, 18.231819751167922], [80.85116712028498, 18.231833320115342], [80.85134327672537, 18.23185367603851], [80.85153007543765, 18.231859344431232], [80.85304930077874, 18.231838041165673], [80.8544000446669, 18.231883365307898], [80.85546764750033, 18.231796473699216], [80.85670904626788, 18.23168134883728], [80.8567415593186, 18.231675703766577], [80.85770984934393, 18.231585403232362], [80.85856286871088, 18.231484922656158], [80.85903578299339, 18.231408136336416], [80.85975165375636, 18.231342662093454], [80.86036289143773, 18.231298644484472], [80.86064486587186, 18.23126138181694], [80.86119876750924, 18.23115296221552], [80.86133886915431, 18.231115690346442], [80.86139561945804, 18.231096488205843], [80.86174676231278, 18.230968847543217], [80.86242776502925, 18.230725992271225], [80.86265772146487, 18.230641274358838], [80.86352316001943, 18.230319344448255], [80.86433834507449, 18.23006180247196], [80.8648479116336, 18.22988897622337], [80.86504653479679, 18.229811032716203], [80.86510742244698, 18.22978844051326], [80.86573344384685, 18.22950151167875], [80.86586941149369, 18.22933657289695], [80.86607751857719, 18.22869149428786], [80.86639087128498, 18.227441999873008], [80.86655227594377, 18.22679804690907], [80.86712870671744, 18.224641368563546], [80.86743967260502, 18.223629117763096], [80.86798120543797, 18.221571849764707], [80.86808998235628, 18.221193383509142], [80.8684198577276, 18.220042170002607], [80.86892647794295, 18.21855655209021], [80.86936934359959, 18.217157338424553], [80.86942422655304, 18.216983937769978], [80.86973870689836, 18.21623491464815], [80.87006973824022, 18.21544408803031], [80.87051957820037, 18.214474761286326], [80.87081926995036, 18.213924572487716], [80.87126910360938, 18.212858083382944], [80.8715108681678, 18.21218926664019], [80.87179932192288, 18.211715900368795], [80.8720298497697, 18.21118717332228], [80.87216757896097, 18.210648276727657], [80.87244420830314, 18.21003481693298], [80.87250390800297, 18.209843886120897], [80.8725370116732, 18.209624711686935], [80.87252519444395, 18.20929481949448], [80.8722940955512, 18.20863390349471], [80.87147490360468, 18.207129039853918], [80.87130173099888, 18.206666960370686], [80.87129050062826, 18.206578172039038], [80.87126686364853, 18.20639129597634], [80.8712786882086, 18.206215052996125], [80.87134725682087, 18.205961985701922], [80.87135989219259, 18.205913995091016], [80.87139336171138, 18.205786872110814], [80.87143119065361, 18.20572134607064], [80.87143414604833, 18.205715696364695], [80.87158309738449, 18.20545020365866], [80.8716357030976, 18.205357562405315], [80.87170722212741, 18.205292036823327], [80.8717574627443, 18.205245717898197], [80.87174748804252, 18.205218803898603], [80.8717474133363, 18.20521860234638], [80.87150036539877, 18.20455203360649], [80.87115224018059, 18.204243600067745], [80.8710718578056, 18.204196149111493], [80.86982238210572, 18.20374647343497], [80.86927034619912, 18.20350694682763], [80.86897482308575, 18.20341881649799], [80.86853035808335, 18.2032482079384], [80.86774722258768, 18.203061770421762], [80.86678973554768, 18.202717156148136], [80.8666171517756, 18.20265614083519], [80.86595163828795, 18.202467441701575], [80.86527253376052, 18.20228099940414], [80.86491849941501, 18.202215457100866], [80.8644267502496, 18.20216798292007], [80.86395509476802, 18.202158920026875], [80.86363001712715, 18.20216794210374], [80.86320741562749, 18.202224406999385], [80.86287287852231, 18.20228991605514], [80.86111270163696, 18.202797076222605], [80.85985728983005, 18.20308960310804], [80.85898133873737, 18.203277080675146], [80.85830338382807, 18.20349394604322], [80.85798893464349, 18.20360576872378], [80.85770344736083, 18.203709684871974], [80.85728084499095, 18.203709650324928], [80.85688720679317, 18.203671204248085], [80.85646047761642, 18.203570618031858], [80.8560053689024, 18.203558150659905], [80.85577604446489, 18.203520847722537], [80.85550061516342, 18.203512915322268], [80.85521573111478, 18.203484643990492], [80.85487056373164, 18.203419085950998], [80.85418260384226, 18.203194194618714], [80.85414064080813, 18.203179503496244], [80.85395151006608, 18.2031286461424], [80.85333214406748, 18.20263261333942], [80.85295104059036, 18.20154008382118], [80.85284202736173, 18.20036953991297], [80.85282825251126, 18.200221624788732], [80.85294660999563, 18.198898670340945], [80.85307739884038, 18.19845778468983], [80.85331023410569, 18.19767290128619], [80.85393042907985, 18.19581334880314], [80.85426096481038, 18.19499697789918], [80.85480773794949, 18.193646517360676], [80.85521502939562, 18.192890733419507], [80.85615550423935, 18.191201794716136], [80.8566514244054, 18.190572549248213], [80.85723187355639, 18.18974898675649], [80.85762082342931, 18.189014660561046], [80.85810316771723, 18.188066810586264], [80.85833906638125, 18.187026297508833], [80.85862818087853, 18.185668316760648], [80.85834640862103, 18.184097892534556], [80.85834843624833, 18.183783461121134], [80.85834940310416, 18.183633550139845], [80.85835239151676, 18.183240383331462], [80.85820054840018, 18.18275795195816], [80.8581854824671, 18.18271358534505], [80.85811192163654, 18.18249696387089], [80.85806526561328, 18.18213768740404], [80.8578856579147, 18.181538884956435], [80.8578803405299, 18.181521938596667], [80.85742242786509, 18.18039889055484], [80.85723813968548, 18.179317665800323], [80.85728365741465, 18.179180964858123], [80.85737710096014, 18.17841497402176], [80.85737715224838, 18.17784555891482], [80.85735825006957, 18.177756303779045], [80.85734707617556, 18.177140565990353], [80.85730689763987, 18.17705695711143], [80.85719049852133, 18.176811782420586], [80.8570788408061, 18.176420864704205], [80.8570221349124, 18.176135022238636], [80.85702216761278, 18.175779138167965], [80.85713565612474, 18.175520424881736], [80.85719550212978, 18.17378054619038], [80.85719432246812, 18.17375568969226], [80.85721387781764, 18.173165938056414], [80.85729254929514, 18.17234006365001], [80.85736118136624, 18.171452049081147], [80.85743986170546, 18.17052336205249], [80.8575279629907, 18.169969768232132], [80.85774373599217, 18.169106619626746], [80.85784303775417, 18.168860332329526], [80.8578723243874, 18.168738711345082], [80.85787240100203, 18.168738391392104], [80.85792166125808, 18.168533825737466], [80.85793940037588, 18.16841067992182], [80.85796009606726, 18.168266066330578], [80.85805349006729, 18.167981364227973], [80.85812442882032, 18.167686492060422], [80.85865344411657, 18.16623925948619], [80.85877521494632, 18.16578847712719], [80.85913930520316, 18.164892571565773], [80.85935564143512, 18.164216966535385], [80.85950279859865, 18.164029429074922], [80.85967950507958, 18.163803481207793], [80.85973978786902, 18.163704063748604], [80.86020023103302, 18.162281673296043], [80.86026531945583, 18.161133796284975], [80.86026539755636, 18.160096634868598], [80.86026545430214, 18.159343053258684], [80.86026551096226, 18.1585906028755], [80.86026555358481, 18.158024568541297], [80.86026556855785, 18.157825723317874], [80.86017755648304, 18.157376053739704], [80.86010085840469, 18.15578075869295], [80.85999100281168, 18.15509947500989], [80.85980316437536, 18.154204653087668], [80.85980318734292, 18.15390891298129], [80.85980318736398, 18.153908641826735], [80.85980320070072, 18.153736911503703], [80.85980320763235, 18.153647656450158], [80.85980320868534, 18.15363409781619], [80.85991551828575, 18.15313585908665], [80.86012059838644, 18.152636497688643], [80.86013717665446, 18.152200390585048], [80.860130681942, 18.152132601415012], [80.85995285867776, 18.151656938057908], [80.85984121399865, 18.151211784038537], [80.85969649178395, 18.150614102692938], [80.8596917652675, 18.150606193662796], [80.85969180990129, 18.150035638800624], [80.8597189959652, 18.149970110647207], [80.85973265518926, 18.149088856691677], [80.85978469315297, 18.14857592459114], [80.8598501087279, 18.147937440047755], [80.85986097501379, 18.147831382796785], [80.86011751013001, 18.14662588644151], [80.8607350294822, 18.14594125967429], [80.86093772954573, 18.145537929346396], [80.86111501247615, 18.145256615534343], [80.8615375209461, 18.14478663935388], [80.86179220629761, 18.14451210950191], [80.8620214876822, 18.144173177221802], [80.86289839548871, 18.143314566560715], [80.86379715652463, 18.142476290606414], [80.86443887697018, 18.14176227717563], [80.86490923622682, 18.14116914335421], [80.86540145800197, 18.14050483142921], [80.86589368642429, 18.139625852888347], [80.86627540955091, 18.139010114977513], [80.86641960091117, 18.138480235060026], [80.86651356188918, 18.13813451308533], [80.86655729053051, 18.13803057111796], [80.86664296774266, 18.137928889517944], [80.86664297203669, 18.13782833527625], [80.86664298250633, 18.13758316366958], [80.86664300132264, 18.137142533473103], [80.86664301603797, 18.13679793636074], [80.86664303485418, 18.136357305026333], [80.86687347500597, 18.136138128005253], [80.8671695079082, 18.136138139037854], [80.86720198659663, 18.136138140223355], [80.86743596247777, 18.13613814861808], [80.86759431098837, 18.13610651997828], [80.86802740577768, 18.13601840732038], [80.86809003652455, 18.13599355411877], [80.86848177080188, 18.135926906764297], [80.8691039360602, 18.135834279197024], [80.86985076994937, 18.135722445832812], [80.87127944253005, 18.135475042919303], [80.87257694183924, 18.13538693520142], [80.87383544395865, 18.135333843977826], [80.87490428397035, 18.135257019029677], [80.87572142334376, 18.13526040731038], [80.87684462021609, 18.135208428630666], [80.87842749249081, 18.135066051185877], [80.88007417519358, 18.134982412334043], [80.88098053199239, 18.1350162836872], [80.88245114353235, 18.13498573137096], [80.8830000397878, 18.13502299579245], [80.8835607514705, 18.13502184427984], [80.88430699282314, 18.13511332987461], [80.88453978655977, 18.135129136274344], [80.88728249283274, 18.1351640210628], [80.88856581057422, 18.13520461728905], [80.88936877332443, 18.135257667578987], [80.88975400554384, 18.1352700685469], [80.89009610747775, 18.1353005499698], [80.89081753540968, 18.135367157550927], [80.8912169502976, 18.135404411887535], [80.89181725183992, 18.135428092797838], [80.89196817333652, 18.135433975862895], [80.89311889037106, 18.135478827802757], [80.8944926280234, 18.13568207557544], [80.8950182242181, 18.135725054410333], [80.89522410255651, 18.135741888427713], [80.89750480595977, 18.13603767573912], [80.8980932995121, 18.136114440217145], [80.90000414892357, 18.136479159672195], [80.90044020856523, 18.136578531904565], [80.90065055513735, 18.136610142779162], [80.90150908807954, 18.136820184522705], [80.90194042228565, 18.13691842624577], [80.90199360163886, 18.13693875546935], [80.90231917135834, 18.137017802729886], [80.90363684113404, 18.137512493186517], [80.9040959545584, 18.137654788098107], [80.90463424314892, 18.137798202697294], [80.9052481649354, 18.137961941164605], [80.90653924578612, 18.138368490135843], [80.90740902405962, 18.138614661535165], [80.90785336970045, 18.138741133910408], [80.90921063790739, 18.139152176583192], [80.91053598247817, 18.13943667671048], [80.91173549257036, 18.13979914608499], [80.91195353178657, 18.139863509287977], [80.91203034757338, 18.13988496171844], [80.91222947861259, 18.139944808620786], [80.91288655218524, 18.14013902261347], [80.91425802042767, 18.140545510200383], [80.91520348003449, 18.140940772915453], [80.91561535540153, 18.141153101435354], [80.91727052583182, 18.141904111446568], [80.91887488191887, 18.142599756650014], [80.91976128835975, 18.143058280649825], [80.92012175531706, 18.14322202872825], [80.92022398303587, 18.143273986056837], [80.92022404733005, 18.143274018582037], [80.92115944766095, 18.143749432833562], [80.92128709426869, 18.143827362747096], [80.9218632777437, 18.144177481068013], [80.92231990152086, 18.144495679291378], [80.92301567610541, 18.14498052529779], [80.92422598487714, 18.14575982523396], [80.92538724908391, 18.146502974438853], [80.9266542793175, 18.147327639774797], [80.92712769095805, 18.147635763138705], [80.92782504499253, 18.148051364260205], [80.92786096803621, 18.1480728155552], [80.92863823472565, 18.148536981620758], [80.93043538860547, 18.149492346859187], [80.93052107929657, 18.149534128679047], [80.9309837997037, 18.14972494584303], [80.93139217348144, 18.149965489915854], [80.93189982117535, 18.15021730404184], [80.93279695077574, 18.150753724162914], [80.93347656935146, 18.15105971894288], [80.93427203823798, 18.15147753181318], [80.93458527595445, 18.151686459272373], [80.9355054420615, 18.152143775161914], [80.93612620059973, 18.15259618881972], [80.93643986236516, 18.152824786468642], [80.93748828630899, 18.153356624176748], [80.93792563539802, 18.153617482431514], [80.93795814098362, 18.15363328932456], [80.93879382414448, 18.15409061530542], [80.9399617052604, 18.154867573602267], [80.94015320202274, 18.15499857426831], [80.94015442280903, 18.154999212917257], [80.9405373576943, 18.15519956316541], [80.94097647453736, 18.15541861136958], [80.94126372198676, 18.155616238414346], [80.94151793142564, 18.155967531169036], [80.94163254135809, 18.15675397171435], [80.94174892721018, 18.15755257970579], [80.94199296178054, 18.159244954733268], [80.9421549389315, 18.15960145734905], [80.94215617843301, 18.1596041820531], [80.94236424221222, 18.159779236660565], [80.94281343268304, 18.16004346948616], [80.9442430089026, 18.160438444883255], [80.94600539735298, 18.161153033597053], [80.94623766396629, 18.161247860976975], [80.94629026360847, 18.16126817905706], [80.94687378783844, 18.16144426879993], [80.94794326332969, 18.16176699694853], [80.94881615240544, 18.162010734680337], [80.94917014730852, 18.162087439953737], [80.94940064129277, 18.162173225118302], [80.94941482525336, 18.16217773850268], [80.94942603912011, 18.16218137799809], [80.95083381908266, 18.162638200734346], [80.95086552082914, 18.16265674992385], [80.95154782383837, 18.163055974982104], [80.95214739020558, 18.163978808190652], [80.95310531913299, 18.16552854972715], [80.95359502467146, 18.166548582063868], [80.9537909178775, 18.167273842106887], [80.95385250881104, 18.167603721113693], [80.95385602808948, 18.16762272124825], [80.95385606599183, 18.1676229245983], [80.95396444100128, 18.168208121912414], [80.95399937697016, 18.168384358668515], [80.95409103798123, 18.168539106456052], [80.95422940302971, 18.168748068181056], [80.95484192845394, 18.16949463777956], [80.95554493360459, 18.17038578537938], [80.95619355298892, 18.171218201296522], [80.95630764206918, 18.171350032464858], [80.95716318829753, 18.17233859087267], [80.9574192313527, 18.172714713748253], [80.95792453733668, 18.172800383165242], [80.9586615122925, 18.172915335693013], [80.95888254556154, 18.172949143100602], [80.95906456345182, 18.17295472160382], [80.95999828308865, 18.17296339046534], [80.96063180633078, 18.172997031931814], [80.96098817622185, 18.17304547034665], [80.96123994044191, 18.173080393674923], [80.96136108623251, 18.173080344849595], [80.96136136800207, 18.17308034473597], [80.96167193197397, 18.173080219256036], [80.96217028049286, 18.173161230305865], [80.96264945065742, 18.17323912257557], [80.9628811242955, 18.17327743977214], [80.96301941815034, 18.173297720197606], [80.96309743966754, 18.173330451284578], [80.96335217320777, 18.173395874480807], [80.96475520290363, 18.173589615823], [80.96520907883283, 18.17362783904567], [80.96632249323014, 18.17372001031797], [80.96637627284757, 18.173724506556933], [80.96737975342758, 18.17378282534919], [80.96754464726709, 18.173815517309276], [80.96785609598473, 18.173840237975952], [80.96821384872112, 18.173888620354806], [80.96923844637232, 18.174027180986094], [80.97069999398204, 18.174225375811837], [80.97098249154159, 18.174260273016856], [80.97114142679783, 18.174275970943246], [80.97191625934794, 18.174352495615707], [80.97220303630272, 18.174374908200228], [80.97371285968264, 18.174492899295362], [80.97392856951807, 18.17450861777775], [80.97393743397785, 18.174508613682193], [80.97558567202302, 18.17458467092813], [80.97649433166588, 18.17467295997842], [80.97696268775361, 18.174718466140472], [80.97882603129804, 18.174776319186194], [80.97882179742498, 18.174593294496155], [80.97886430461358, 18.17451192865582], [80.97886407131263, 18.174072439412228], [80.97880787976125, 18.17397982254859], [80.97880639409911, 18.173915251401198], [80.97878247325193, 18.17287489558654], [80.97873988858011, 18.17169314900521], [80.97873889875714, 18.171495472047894], [80.97872402684986, 18.16852633216133], [80.97875192197476, 18.16763942487335], [80.97874889896572, 18.167510629112193], [80.97874196767903, 18.167423696596135], [80.97870104063134, 18.166910331438995], [80.97867917133141, 18.16663601011422], [80.97865550027322, 18.166339070988307], [80.97856392309531, 18.165255636466636], [80.97858470899749, 18.163219721746106], [80.97858426580808, 18.162382537253887], [80.97856246202569, 18.16138041109101], [80.97849716564806, 18.159706069760542], [80.97847501728286, 18.158050913279556], [80.97845858347148, 18.157763443910714], [80.97838853539628, 18.156538141910804], [80.97834536396266, 18.155352992886584], [80.9782803833264, 18.15426953727015], [80.97827961826059, 18.152819990043596], [80.9783646611612, 18.15161330969478], [80.97848010517805, 18.150912769076605], [80.97842447263788, 18.150743324888342], [80.97842422363243, 18.15027219191622], [80.97832712306105, 18.149903919525773], [80.97831115890021, 18.14988472129763], [80.9780947998492, 18.1497074438955], [80.97770056120665, 18.149487320522837], [80.97730799156257, 18.14906721753633], [80.97724415095723, 18.149019795823147], [80.97715901191371, 18.14892154259629], [80.97680966032112, 18.148657331458747], [80.97586329499862, 18.147965202742487], [80.97488617015155, 18.147193996759853], [80.97352010946706, 18.146134862003393], [80.97179444937797, 18.144343758698064], [80.97059539087952, 18.142771589796027], [80.96963253011093, 18.14207604960409], [80.96841315440282, 18.141198714838435], [80.96706483859036, 18.140018635988856], [80.96615737181529, 18.13895021195506], [80.96552415934605, 18.138074869052424], [80.96445355316271, 18.136829122984345], [80.96289184796261, 18.135318065658705], [80.96165519633101, 18.13435708298639], [80.96143432207532, 18.13418544417914], [80.96032613869805, 18.133373542814784], [80.95933552118414, 18.13251526698244], [80.9589312330028, 18.13215275221853], [80.95867824259234, 18.131889601446648], [80.9584819435954, 18.13155976838726], [80.95844527957314, 18.131481823653427], [80.95841217647451, 18.131441162748523], [80.95798464183453, 18.13059056821494], [80.95739242282455, 18.130101582004887], [80.95729019357215, 18.13006433606558], [80.95721043939629, 18.130040289599958], [80.95712178574526, 18.13001355933298], [80.95676429226964, 18.1299142703105], [80.9563606910009, 18.129760768218997], [80.95626967849313, 18.129698661276866], [80.95602326644172, 18.12961062799479], [80.95582165957025, 18.129285314222763], [80.95567978971975, 18.129112502896614], [80.9554491953775, 18.12869455352778], [80.95544150442691, 18.128669699253017], [80.9552605922534, 18.128378271878404], [80.95471780181435, 18.125913182084837], [80.9545976904442, 18.12515639812706], [80.95454602488061, 18.12483086639091], [80.95449711472716, 18.124569724097405], [80.9544052754311, 18.124079353563086], [80.95433168628533, 18.12368642468916], [80.9541393174208, 18.122807485809194], [80.95398815845624, 18.121561332750897], [80.95390207964334, 18.1205388630596], [80.95381646243767, 18.11919100027348], [80.9538910225499, 18.117656371024058], [80.95390083619735, 18.117454407421175], [80.95390045005057, 18.116496521984327], [80.95390044996276, 18.116496304151337], [80.95390027552078, 18.11606357570402], [80.95378103197771, 18.114833223770447], [80.95381415618861, 18.113463845106025], [80.95380399004013, 18.113163310956814], [80.95351383679632, 18.11148673138965], [80.95342766615913, 18.11022020835156], [80.9533553894332, 18.109416140875148], [80.95323481023104, 18.10807470356671], [80.95318775714985, 18.107118870127735], [80.95314189420608, 18.10618111409187], [80.95313951268268, 18.106134792134156], [80.95291866131106, 18.10488187166982], [80.95282635682734, 18.10302669268878], [80.9526975634472, 18.10151500105245], [80.95259014485474, 18.100268813396113], [80.95254658850236, 18.099175132504506], [80.9525124641856, 18.098032864610413], [80.95247267846945, 18.09751088583909], [80.95246971139689, 18.09747699130465], [80.9523103374248, 18.0962940926258], [80.9522705603206, 18.09596406198892], [80.95215565153754, 18.09501063317267], [80.95212505941547, 18.093829944767222], [80.9516889498779, 18.09192177197596], [80.95167529655211, 18.09111399522274], [80.95166718062704, 18.090633742254465], [80.95163435580962, 18.089776190072563], [80.95154741478332, 18.089502796091857], [80.95135062329176, 18.08928254284403], [80.95122163271695, 18.089144038179708], [80.95108764901147, 18.08900017152891], [80.95101242940738, 18.08884547432088], [80.95094813108415, 18.088713236623843], [80.95061128790852, 18.088345021425337], [80.95027857447211, 18.087942834213813], [80.95004690312321, 18.087662784199306], [80.95002029780495, 18.0875983914503], [80.94980518431876, 18.08734424889895], [80.94967597781537, 18.086489792405185], [80.94951560637584, 18.085429232157477], [80.9495155845832, 18.085429087542693], [80.94946230594802, 18.085076735333928], [80.9494476559578, 18.084945465722445], [80.9493117575519, 18.083727730762643], [80.94923932370138, 18.08316914927755], [80.94914884191967, 18.082471378090013], [80.94911070270697, 18.082242276387483], [80.94908075823145, 18.082062390541378], [80.94911305555277, 18.081559588384074], [80.94944197083316, 18.081308644967503], [80.94956777849217, 18.081288262683664], [80.94981754949008, 18.08106107248561], [80.9498228626861, 18.081050902738944], [80.94982295051531, 18.081050734584178], [80.94986890216798, 18.08096275709549], [80.94993562626797, 18.080902850845817], [80.95025861832589, 18.08061236191746], [80.95042749324953, 18.08045977051781], [80.95049246283152, 18.080446189213937], [80.95151518064233, 18.079575828673477], [80.95217534153039, 18.07902647526659], [80.95304454690019, 18.078350499195476], [80.95324588083854, 18.078135751664952], [80.95365949185329, 18.07728175759602], [80.9537357327856, 18.077124338840882], [80.95446035694825, 18.07535356553768], [80.95477369602678, 18.074607734489625], [80.95520045428515, 18.073898016925337], [80.95587447395916, 18.073171918455383], [80.95607128986332, 18.072959894491078], [80.95661970492915, 18.072226399882183], [80.95700107323756, 18.07176074656322], [80.9573245234849, 18.071218283333046], [80.95771814000999, 18.070393323879543], [80.95837179558396, 18.068549115018456], [80.95900710439936, 18.067495385935413], [80.95929373957875, 18.06701996505701], [80.96029531427575, 18.065358715971332], [80.96089149031583, 18.06452688740342], [80.9609280866893, 18.064474898314593], [80.96111635810108, 18.064156196039022], [80.96119368100557, 18.0640431779632], [80.96167000674906, 18.063335680545823], [80.96209022005603, 18.062629335366942], [80.96280138509056, 18.061425723433235], [80.96379857703155, 18.059307913585197], [80.96452484035656, 18.05759018931982], [80.96502875255123, 18.056568563061006], [80.96514964510736, 18.056173053598226], [80.96519146264338, 18.055922200727622], [80.96529589569806, 18.055696180666178], [80.96538730087968, 18.055397851582963], [80.9658380815926, 18.05418212911766], [80.96605856788496, 18.053587490279334], [80.96619218300846, 18.05325852797556], [80.96656789149405, 18.05233352623288], [80.96672458706192, 18.051947739997647], [80.96679594826699, 18.05180150014446], [80.96746820127521, 18.050423892503737], [80.96756890931621, 18.050217518637478], [80.96766030312979, 18.049907888633413], [80.96784919591498, 18.04908104599116], [80.9679414294931, 18.048677317145263], [80.96818383838263, 18.04791292058118], [80.96830409388801, 18.04753371125433], [80.96888089740278, 18.045897376358948], [80.96903244477193, 18.04541710477788], [80.96903935909964, 18.045057796865702], [80.96936778564427, 18.043972955076907], [80.96936770341709, 18.043802340310325], [80.969367491589, 18.043362812699776], [80.96932426145624, 18.043116513999387], [80.96920727094019, 18.042995667788784], [80.96901763381183, 18.042860163006704], [80.96887409578154, 18.042796951957033], [80.96879491387142, 18.04270094657855], [80.96873087835469, 18.042655175053834], [80.96731622813645, 18.041644007396673], [80.96698243956527, 18.04138766496226], [80.96648443619613, 18.04104665008479], [80.96577843114528, 18.040433417438294], [80.9650721675232, 18.039248454680134], [80.96501021966999, 18.03913548835841], [80.96497165762584, 18.039065167141914], [80.96490024647163, 18.038934943544124], [80.96487889492131, 18.038896008128592], [80.96467089402209, 18.038623790199285], [80.96447641687104, 18.038217109472285], [80.96443208886984, 18.03813916507555], [80.96430574265896, 18.037952496390286], [80.96417443460817, 18.037758496187223], [80.96417438572462, 18.037651155909543], [80.96417428589983, 18.037431956644433], [80.9641747815563, 18.03742899068137], [80.96417958644336, 18.037400316384915], [80.96417543406758, 18.037359641783606], [80.96419777880645, 18.03715060220609], [80.96420722185051, 18.037135909591544], [80.96420718478801, 18.037054556024103], [80.96433882002532, 18.036929082379004], [80.96436184008343, 18.03690421590382], [80.9650276579631, 18.036205659380446], [80.96506013282843, 18.036194346723835], [80.96553698464224, 18.035524114332922], [80.96555881911333, 18.03549020810822], [80.96622622793691, 18.034423299096176], [80.96626813213726, 18.034371305811895], [80.96660921366386, 18.033832197503543], [80.96727148488507, 18.033167532064706], [80.96846801613556, 18.03214445088137], [80.96933807180937, 18.031330540317903], [80.9693935507594, 18.031266110499136], [80.96981342448197, 18.03005805852051], [80.97013354545201, 18.028955131158785], [80.970668121439, 18.028055488741547], [80.97128750711548, 18.02670610383435], [80.97255242664602, 18.024397131361408], [80.9730384029735, 18.023189037557618], [80.97352949397913, 18.02159563932544], [80.97387067215243, 18.02016388670714], [80.97427561982042, 18.018734360663775], [80.97470252301667, 18.01752741690853], [80.97498072273657, 18.01652505342203], [80.9753002338273, 18.01548425339379], [80.97595546049939, 18.013385538874193], [80.97604714293362, 18.01309187209399], [80.97684880350316, 18.010422628661516], [80.97706276417259, 18.009808508514666], [80.97730750058737, 18.009106055144265], [80.97760511230287, 18.00801215099895], [80.97790396097963, 18.00703123709741], [80.97835191109256, 18.0055180573842], [80.97888503064131, 18.004290704245413], [80.97933374334892, 18.003126666590884], [80.97948227795393, 18.002642987009192], [80.97948699679303, 18.00262350573097], [80.97964488320513, 18.001971732056962], [80.97969643658092, 18.001214658638833], [80.97996291082045, 18.000458607613616], [80.97997351025501, 18.000405496848092], [80.9800463321464, 17.99995196161799], [80.9800606042336, 17.999863089153134], [80.98010112670654, 17.999457426928753], [80.98018623500175, 17.998517286753156], [80.98031384251, 17.99755678638009], [80.98041561993556, 17.996330814784333], [80.98044114035805, 17.99602341119564], [80.98059056869505, 17.995022221853322], [80.98075851326706, 17.994418755925185], [80.98085439701627, 17.99376222042269], [80.98089306957908, 17.993216445176056], [80.9810384419264, 17.992365534723174], [80.9810804866603, 17.991506766366403], [80.98122117777196, 17.990737214090224], [80.9812899386664, 17.990153005090644], [80.98133515897837, 17.989708918292344], [80.98139201225842, 17.989231474476274], [80.9814885556595, 17.98842071928525], [80.98153063664022, 17.987439253208162], [80.9815410253053, 17.987196974768814], [80.98169586256112, 17.986393513186595], [80.98188865855464, 17.98482845634372], [80.98205658048943, 17.983126688743514], [80.98206771877533, 17.98298205119926], [80.98215216198523, 17.98193568571581], [80.98232862924279, 17.980753681596713], [80.98237747718575, 17.979396599891317], [80.98237698413246, 17.97849716776017], [80.98241906401684, 17.977718618345257], [80.98250397376187, 17.976454171154767], [80.98261109020777, 17.975852988063437], [80.98270796666041, 17.97488231851299], [80.98277672190693, 17.97430601281709], [80.98278550050743, 17.974168155285174], [80.9828317025743, 17.973373781477793], [80.9829846251527, 17.972340934161593], [80.98321147889175, 17.971554377697636], [80.98323679033992, 17.971421032230463], [80.98341894085931, 17.969871783941215], [80.98351815670189, 17.968873989565463], [80.98376014486598, 17.96771567115047], [80.98390895498788, 17.966733670211497], [80.98391697731435, 17.966406433821692], [80.98393031301553, 17.96586246766221], [80.98399892821102, 17.96504660991733], [80.98397207412775, 17.964526846518773], [80.98405738833964, 17.96401719533778], [80.9842838957435, 17.963684533377204], [80.9844083462794, 17.96350175757308], [80.98446949722481, 17.963066695054955], [80.98451067918715, 17.962814694791874], [80.98456887870337, 17.962380764426143], [80.9847394206868, 17.961216826134415], [80.98485947093123, 17.96054783236743], [80.98492650600423, 17.960082256247716], [80.98498297788096, 17.95972855173271], [80.98505929109099, 17.95896692347404], [80.98520505958652, 17.957848193289287], [80.98544921656217, 17.956390424648657], [80.98557720519963, 17.955155316943937], [80.98567643737479, 17.9542174010735], [80.98596104445906, 17.9533211969647], [80.98600048421758, 17.95312682276595], [80.98613628942519, 17.952151598771803], [80.98628851266677, 17.951061421530774]]]}}, {"type": "Feature", "properties": {"mandal": "Chinthakani", "district": "Khammam", "state": "Telangana"}, "geometry": {"type": "Polygon", "coordinates": [[[80.22889306956911, 17.235684776956678], [80.22984890184938, 17.233048535894625], [80.23042227738749, 17.231503177919812], [80.2308049885799, 17.230321310387716], [80.2309042239474, 17.22886588841492], [80.23081475977317, 17.227137119905606], [80.23077282058374, 17.22536296583097], [80.23162935040536, 17.224182131465113], [80.23229480646609, 17.223501252140046], [80.232486705906, 17.222728360980717], [80.23244252477895, 17.22168202149785], [80.2334404818114, 17.220728930165755], [80.23500909688728, 17.21909474026865], [80.2356279725134, 17.21814081575354], [80.23615290925044, 17.21691375166943], [80.23606063669013, 17.216094750318305], [80.235684492666, 17.215138667279877], [80.23554484171048, 17.21431956269125], [80.23573699624656, 17.213455688714618], [80.23635681941664, 17.212183338594357], [80.23754423009474, 17.211230634478227], [80.23915846303181, 17.21014237614447], [80.2397538514449, 17.20939561333043], [80.23795934966661, 17.20743571974027], [80.23687390788483, 17.206023213102863], [80.23593200180862, 17.204156119295142], [80.23574677925382, 17.20274555306899], [80.23561509898967, 17.20089973637768], [80.23561046015851, 17.200834710499453], [80.23613756471443, 17.198879814582945], [80.2363801203614, 17.197015279148044], [80.23643289057301, 17.195241309940705], [80.2361555489895, 17.192966242206708], [80.23573262650751, 17.19182809170759], [80.23545322092968, 17.190235356896803], [80.23503030838378, 17.18909720290816], [80.23503377324435, 17.187959974906043], [80.23541817209887, 17.186186719447406], [80.23589883386522, 17.18391328578026], [80.23599704077861, 17.182776260281784], [80.23590603002846, 17.1815478447212], [80.2361933119787, 17.18054769635209], [80.23690887799975, 17.178911618987282], [80.23748176435758, 17.177457188879274], [80.23800837411301, 17.17563873988414], [80.2381546244837, 17.174274364182722], [80.2380653971157, 17.172454583747346], [80.23760050819956, 17.171280956074234], [80.23798223197068, 17.170371984941877], [80.23855356957357, 17.169417931237213], [80.23997756128723, 17.168465709558586], [80.24106926600685, 17.167740214095677], [80.24206567449069, 17.167196469183743], [80.24363174194954, 17.166244525293564], [80.244581994241, 17.165291261704372], [80.24468150477614, 17.163699328162544], [80.24478128626923, 17.162016414714966], [80.24502180738862, 17.160788697918615], [80.24617532453775, 17.160171785114933], [80.24619287508713, 17.160214920877227], [80.2474331741607, 17.159759924829892], [80.249008113457, 17.158939531162865], [80.25110774104505, 17.157937176682545], [80.25425592731078, 17.15684546212032], [80.25816407041789, 17.15657898586889], [80.2613080642002, 17.156905781596667], [80.26340468537578, 17.156910064753742], [80.2668833033414, 17.15687136345888], [80.2700750981196, 17.157152363790452], [80.27369706201296, 17.156976552192386], [80.27569773428066, 17.15720933394334], [80.27722605139144, 17.155976779101355], [80.27923394761511, 17.153646865278414], [80.28138410058308, 17.151546019493352], [80.2828650740513, 17.15017604332485], [80.28463421909152, 17.147982895964468], [80.28659366208866, 17.145881622820973], [80.28841062827935, 17.14359700850848], [80.2898459993211, 17.14144893338261], [80.29161284186091, 17.1400336755901], [80.29256803900131, 17.139211771827785], [80.29433735419089, 17.136881249104814], [80.29658420435858, 17.134139746110367], [80.29773055454213, 17.13308936465456], [80.29926190601235, 17.130621061510073], [80.30021913671523, 17.129021162064447], [80.30288752929432, 17.127276690991888], [80.30320905831891, 17.127236122686863], [80.30435878149925, 17.127061626789583], [80.30573823291333, 17.12693170347526], [80.30642789886187, 17.126888815431144], [80.30714221456104, 17.12674318136371], [80.30708728519099, 17.12670463668001], [80.30699334809151, 17.126201077258468], [80.30709096354421, 17.1253317676649], [80.30676004049843, 17.124370147048033], [80.30623904145358, 17.123225125365582], [80.30543108962593, 17.122491438629787], [80.30452761332742, 17.121849096713653], [80.30224549885472, 17.120105893565814], [80.30101053855168, 17.118730718530742], [80.29987323844986, 17.116486226586492], [80.29959013042274, 17.11547891775334], [80.29906981912144, 17.114105063752792], [80.29831069352464, 17.11295957275377], [80.29707280643852, 17.11268267283135], [80.29597709076401, 17.11268060932688], [80.29411851083607, 17.112905911090483], [80.29273670375939, 17.112994815336698], [80.2904499892791, 17.11299045689626], [80.28801997499097, 17.11312308625322], [80.28606661193302, 17.113165084490557], [80.28477995053035, 17.11329988313612], [80.28325508836498, 17.1134342108926], [80.28030063695346, 17.11370302025249], [80.27910976481665, 17.113654921245388], [80.27834991757015, 17.1132879785795], [80.27834855873112, 17.11328732274021], [80.27806440101696, 17.112691847139033], [80.27759085181214, 17.11168413235421], [80.2768788506133, 17.110767470975897], [80.27484298080286, 17.106324444395216], [80.27446369772483, 17.10568301035244], [80.27422980515547, 17.10417236996044], [80.2740440747972, 17.102478772549173], [80.27366714890051, 17.101013607880386], [80.27333655956171, 17.10000616376506], [80.27262357624053, 17.09945558699919], [80.27176755667274, 17.098950484398213], [80.27076719066422, 17.098948481529245], [80.27019502907886, 17.099130386326294], [80.26905240996024, 17.098899275478974], [80.26762450228718, 17.098484530879222], [80.26619673276515, 17.09802401345191], [80.26491161441693, 17.09765530216726], [80.26376901006428, 17.097424162835864], [80.26286551897552, 17.09687316475398], [80.26172505230551, 17.095909809297087], [80.260678667081, 17.095358509186642], [80.25939263954373, 17.095310104129187], [80.25748560704878, 17.095855328351863], [80.25581593598024, 17.096675606885945], [80.25457699760948, 17.096810322537923], [80.25339701552652, 17.096807864460477], [80.25338609979742, 17.096807841623892], [80.25229142052076, 17.096485214432942], [80.25148405065335, 17.095659790415397], [80.25058250176026, 17.094468060045067], [80.2503470411486, 17.093552303395622], [80.24925401777296, 17.09268050652403], [80.2481625036084, 17.09130531220616], [80.24778442673188, 17.090297724444966], [80.24683966275857, 17.087641462329547], [80.24632184437236, 17.08558102163111], [80.24609147477007, 17.08297202774924], [80.24600004046248, 17.081690461585257], [80.24610104940506, 17.079768616597473], [80.24611034921084, 17.07665672890277], [80.24592420257241, 17.075191905586557], [80.24588095072734, 17.073727384456337], [80.24550456238963, 17.07217062886968], [80.24545322217615, 17.072109367903725], [80.2446977320294, 17.071207882183245], [80.2429858112273, 17.07028896516887], [80.24237058939889, 17.06979816724328], [80.24189294960507, 17.069417123413768], [80.24089535587464, 17.068545479161525], [80.23713904463511, 17.066432268349796], [80.2347150059748, 17.06477952475047], [80.23395668729489, 17.0638637371948], [80.23348950345405, 17.06366295003219], [80.23282306404457, 17.0635350071593], [80.2315986791919, 17.06317908203118], [80.23055902160611, 17.062529179665074], [80.23013300128076, 17.06158624645611], [80.22952407347982, 17.060348534050767], [80.22860643820917, 17.059875515255936], [80.22738244660735, 17.059401816208368], [80.22616028077886, 17.058339362929942], [80.22592699182806, 17.057255004806606], [80.22416708632306, 17.05651888000279], [80.22293079574422, 17.055875435527465], [80.22202732488209, 17.05541578291353], [80.22017376972497, 17.05417601403991], [80.21870181301269, 17.052754031934526], [80.21737088750136, 17.05192728637288], [80.21642154682164, 17.05091833966711], [80.2150890595233, 17.050594977828187], [80.21399369031428, 17.05059249315177], [80.212517468682, 17.050543371415387], [80.21123160086125, 17.050540437601168], [80.21032919739119, 17.049760389792773], [80.2096183152417, 17.04866042975815], [80.20871607129925, 17.047834610662417], [80.207958455106, 17.04645995394977], [80.20639154349146, 17.04499190085658], [80.2061084313449, 17.044167497781], [80.20611164469344, 17.043160698638175], [80.20616160441996, 17.042428591433293], [80.2063545766145, 17.041651049628022], [80.20697687904894, 17.04064567782938], [80.20592933372967, 17.040597497292477], [80.20497703355012, 17.04054953195965], [80.20369372365525, 17.039768570768683], [80.20298012572866, 17.039538095076637], [80.20300534792855, 17.039387585144702], [80.20300515103405, 17.03938770661226], [80.19550180455259, 17.044024496475398], [80.1954966812702, 17.04402766166918], [80.19543486625976, 17.043979018342903], [80.19454411038625, 17.04327806346126], [80.19425200958337, 17.042801885324447], [80.19323813975943, 17.04114907228462], [80.19276733638202, 17.039195033668673], [80.19267858748101, 17.038096620434068], [80.19259561408882, 17.03706966935386], [80.19200364593917, 17.03563208452343], [80.19146938588688, 17.034768957077066], [80.19146934683434, 17.034768833053253], [80.19133137173921, 17.03433603420584], [80.19093792442854, 17.03310185211914], [80.19095465264864, 17.032424309867082], [80.1909971625585, 17.03070248274777], [80.19100739228122, 17.03028812750049], [80.19097428436021, 17.028045292053356], [80.19095907045634, 17.02701460077912], [80.1863830882312, 17.021199645163733], [80.18478318960871, 17.02146916361581], [80.1847167443025, 17.021480356689157], [80.1847107613649, 17.0214813646433], [80.18399447992556, 17.021479039404745], [80.18337055702187, 17.021035715696417], [80.18310134903773, 17.020844431203347], [80.18232558216195, 17.02078447925941], [80.18155062464793, 17.02049481574251], [80.18101271340805, 17.020233859698852], [80.18083556235344, 17.020147918079896], [80.18076973974344, 17.02013185779887], [80.18011989372788, 17.019973297982848], [80.17984862991054, 17.019885318057973], [80.17958732834768, 17.019800569112157], [80.1794044301548, 17.01974124940222], [80.17932130124018, 17.01960523493245], [80.17845501630828, 17.018187813544102], [80.17845488173108, 17.0181875924365], [80.17833817648528, 17.018043109362388], [80.1773851566438, 17.016863248038906], [80.17643317305381, 17.01686012426396], [80.17643013786724, 17.01686011429766], [80.17559752063221, 17.017371230823162], [80.17559718432074, 17.017371437723313], [80.17559266156641, 17.01737421374986], [80.17480692705443, 17.017258174685853], [80.17439949748247, 17.017198003892574], [80.17399425259269, 17.017157666087076], [80.17320613087948, 17.017079215256903], [80.17271190866148, 17.017156789373], [80.17248945680845, 17.017191705318588], [80.17123213276135, 17.017242527537622], [80.17117636449386, 17.017244781238208], [80.17117609843777, 17.01724479211485], [80.17090180698965, 17.017138178662183], [80.16998396798395, 17.016781422391773], [80.16958523182119, 17.016670382988927], [80.16961411694521, 17.018556634619536], [80.16963958837614, 17.019414965064467], [80.16992594647174, 17.020909326800055], [80.17021094478051, 17.022808213702447], [80.17062745582474, 17.024116188881333], [80.17104292298907, 17.025735337761827], [80.17149077726495, 17.027354563997], [80.17161302462972, 17.028917254430283], [80.1716149512165, 17.02894187140969], [80.17170276754564, 17.031711559006535], [80.17156727784835, 17.033484927714536], [80.17133611221169, 17.03482241367498], [80.17078061583489, 17.036314683350298], [80.16999949572427, 17.037495216900027], [80.16915360479422, 17.038675586546905], [80.16807935277505, 17.04035326449033], [80.16655364230274, 17.04146969522721], [80.16535136320164, 17.04283531895741], [80.16535088366487, 17.042835862690495], [80.1648298172799, 17.043705850107617], [80.1633661750531, 17.045600348879844], [80.16262202351705, 17.046619681275594], [80.16261788712772, 17.04662534683534], [80.16066697514346, 17.04895424505443], [80.15926599233245, 17.051440102268923], [80.15822022889702, 17.054206905043483], [80.15805136347744, 17.056229106823256], [80.15791530600262, 17.058126921517218], [80.15800529557697, 17.06021201193119], [80.15797015844431, 17.061020355323585], [80.15797013080976, 17.061020972908363], [80.15834731047295, 17.06435148016571], [80.15843955041886, 17.065783108518133], [80.15895280352454, 17.067215801374513], [80.15927452404199, 17.067838959855024], [80.16059572971011, 17.069771564709725], [80.16139984490557, 17.071391687017616], [80.16242951096304, 17.073354660527414], [80.16300843475122, 17.07453856784035], [80.16403876806538, 17.076314830336766], [80.16523010508685, 17.078371544047656], [80.16544763970165, 17.078634411946357], [80.16613325229345, 17.079462899405502], [80.16690738671106, 17.080398342958347], [80.1680344241603, 17.082330409339264], [80.16922520758548, 17.084573796938795], [80.17012588557046, 17.086411935784703], [80.17073602358232, 17.087969297541655], [80.17263242738778, 17.09229924404446], [80.17336913249184, 17.09475929902217], [80.17332974038098, 17.09684403684984], [80.17332963924896, 17.096846291057204], [80.17322473038928, 17.099177547248885], [80.17322159413375, 17.100111046095112], [80.17324928216672, 17.101511374359465], [80.17281941164823, 17.1041241323038], [80.17219748043165, 17.10605184247736], [80.17187062962999, 17.10692230690429], [80.17056224979036, 17.110684205611353], [80.17003829567227, 17.1123632138208], [80.16938370761183, 17.1143530625024], [80.16895565217352, 17.116405704418572], [80.1685896383023, 17.119267532147568], [80.16858605841081, 17.120325489979965], [80.16803114229548, 17.12156877755793], [80.16705350637794, 17.123277760230867], [80.16607669934133, 17.124737806249815], [80.16605876794408, 17.124763065326853], [80.16539312597456, 17.125700713830472], [80.16496860278737, 17.126695384375783], [80.16435952628063, 17.1280116598755], [80.16412007258533, 17.12852913944112], [80.16363523477789, 17.12939194325072], [80.16363116906636, 17.12939917883829], [80.1632712087393, 17.130456239102404], [80.16294247223611, 17.131855658312393], [80.16264602082605, 17.13328627454826], [80.16264325896736, 17.13409529755384], [80.16237601180013, 17.136459479985096], [80.16237229210113, 17.137548548020785], [80.1623026099706, 17.138979729908176], [80.16190788773471, 17.140721259010228], [80.16154566206484, 17.142431751749456], [80.16150922146817, 17.143614083781557], [80.16110394191278, 17.148436101527828], [80.16116213935145, 17.15036546177989], [80.16118868298028, 17.152076925489116], [80.16124873379562, 17.153444737456493], [80.16124879811805, 17.15344619454795], [80.16134248515854, 17.15447326764018], [80.16146740210446, 17.155842698356448], [80.16156087802786, 17.156932002927114], [80.16199757492221, 17.161880580905734], [80.16218719744344, 17.163281285874863], [80.1623424018442, 17.16527311054551], [80.16269074614735, 17.16763881208692], [80.16278221589516, 17.169319312341603], [80.16264272707245, 17.172212758316984], [80.1626381587012, 17.17355073759864], [80.16286104984748, 17.174702591510066], [80.16321355679928, 17.175854769480946], [80.16320967168824, 17.17699374228252], [80.16320962997665, 17.17700605267975], [80.16320464048826, 17.178468492625086], [80.16313632969255, 17.179495148363262], [80.16300342207005, 17.1804594111144], [80.1626058601268, 17.18300992187733], [80.162017473974, 17.184502008264325], [80.16139635370648, 17.186087357972163], [80.16149290181319, 17.18608093708798], [80.16159431533819, 17.186041409063748], [80.1617739599833, 17.186010917639518], [80.1620038805993, 17.186086642995246], [80.16209569455575, 17.186162020628526], [80.16227939897828, 17.186290674471085], [80.16240829677118, 17.18638963682481], [80.16449603130549, 17.18844213260095], [80.16600769528522, 17.189719614105048], [80.16775502265422, 17.191361586979987], [80.16945700156761, 17.192412068762817], [80.17134819655803, 17.193553983158274], [80.17305082518853, 17.194422479951832], [80.17508708626099, 17.194700419194017], [80.17736053837228, 17.194887939369977], [80.17987193658202, 17.194757588226118], [80.18233700933217, 17.19430866981364], [80.1838070244865, 17.193902814471322], [80.18570341690524, 17.19349797500724], [80.18726697336207, 17.193456235582122], [80.18868690804231, 17.193869036572636], [80.1909561975183, 17.195330103212168], [80.1921848651184, 17.196288297829543], [80.19322166577604, 17.197973859356292], [80.1951608720577, 17.198979204908042], [80.19503285378393, 17.200035265352074], [80.19536021151063, 17.201355225239503], [80.19625537335888, 17.20290396691855], [80.19809429631343, 17.20563763678439], [80.19917989809015, 17.20691387486779], [80.20007643518547, 17.208053198180476], [80.20021608063018, 17.20882683985049], [80.20054539286951, 17.209555433258746], [80.20078038759132, 17.210147339339628], [80.20063692840053, 17.21055640731995], [80.19968639128881, 17.211463969254346], [80.19897362937124, 17.212099150284885], [80.19863726136232, 17.21355401184542], [80.19834768146458, 17.21519093861856], [80.1983438569823, 17.21637364297073], [80.19928708005921, 17.217740519793125], [80.19966202485124, 17.219015086535634], [80.19966129012364, 17.219242529141226], [80.20098843041022, 17.219109159218554], [80.20160293550536, 17.219565479207265], [80.2025021750695, 17.219885992563505], [80.20335505725721, 17.219887972179126], [80.20435023170185, 17.21984478868976], [80.20534642381176, 17.219483181115265], [80.20657966901057, 17.219076625556152], [80.20743254678902, 17.2190785888412], [80.20728547004869, 17.220624873540572], [80.20699798259727, 17.221624967423576], [80.20675627906877, 17.223125543730188], [80.20675337571716, 17.224035313573935], [80.20717619882738, 17.22517350737426], [80.20802258481564, 17.227222449930263], [80.2094797848098, 17.23091038068768], [80.21046895351799, 17.232777679972276], [80.21112831305015, 17.234052868891926], [80.21178940965513, 17.23478219456793], [80.2125915187916, 17.235875748614635], [80.21310874341643, 17.237150606155616], [80.2135783006669, 17.23851633062949], [80.21480935494542, 17.238837542677754], [80.2164205097865, 17.238841185561974], [80.21826931146745, 17.238617908857268], [80.22040171900582, 17.23862269315169], [80.22177551302738, 17.238762230936757], [80.22291322285346, 17.238628301397785], [80.22405276583369, 17.237903019047682], [80.22509865510241, 17.236813613993814], [80.22590774184502, 17.23567819088104], [80.22709309815309, 17.235453368055335], [80.22889306956911, 17.235684776956678]]]}}, {"type": "Feature", "properties": {"mandal": "Dammapeta", "district": "Khammam", "state": "Telangana"}, "geometry": {"type": "Polygon", "coordinates": [[[81.01201808167541, 17.49265555215011], [81.01210371485399, 17.492383758537684], [81.01430111333937, 17.488160271895936], [81.0157627458192, 17.481827729245556], [81.01673385271256, 17.474089139097917], [81.01648451113942, 17.468931404800973], [81.01574435371968, 17.461898707320767], [81.0140265266831, 17.45533636132363], [81.01034942189894, 17.445259936036116], [81.0071641948179, 17.437996244950185], [81.00422047058369, 17.426980709302935], [81.00250212979947, 17.419011377171845], [81.00144596118554, 17.412163466623976], [81.00126255025832, 17.407854045932996], [81.00029712907406, 17.404558235172253], [81.0002945696308, 17.40152482502025], [81.00098091711767, 17.400073083825816], [81.00221753144945, 17.39888432837857], [81.00620265476783, 17.395713281581234], [81.00826380609408, 17.39399573956632], [81.01142380414123, 17.39095767797483], [81.01430833129531, 17.38752431032765], [81.01650573079253, 17.38461948227401], [81.01774166252788, 17.382903074337637], [81.01952538387862, 17.37881131752], [81.02089695698103, 17.375248745453238], [81.02323085711507, 17.3715522884994], [81.02487874394247, 17.369439530630608], [81.02762613684644, 17.36692938725779], [81.03064738537297, 17.36336365891977], [81.03060413953396, 17.363285048025705], [81.03366945974437, 17.360721111163045], [81.03888942688806, 17.356360432683584], [81.04383560687808, 17.35331896753378], [81.0500297911605, 17.348332304272116], [81.05056625453308, 17.34790040082623], [81.05055555064378, 17.347891778535356], [81.0548237756661, 17.344068463787924], [81.06155517496568, 17.339836547372784], [81.06897425935671, 17.336130778770766], [81.07392010694926, 17.333616154552026], [81.07996473239963, 17.330439984133413], [81.08000818665539, 17.330580053090852], [81.08294044604722, 17.328295040224692], [81.08513717802508, 17.326180781430672], [81.08760810621806, 17.323538426662974], [81.08884166800401, 17.320766424775996], [81.08883757271838, 17.31760101276228], [81.08883160031039, 17.312984779555535], [81.08800143782555, 17.308765728643245], [81.08607426441854, 17.306527070581463], [81.08208559339727, 17.304424018904918], [81.07616709183722, 17.297708058106466], [81.07066194185316, 17.29151876628214], [81.06501815781263, 17.284010612521133], [81.0610251542876, 17.277554634000406], [81.0549714966773, 17.271497718174583], [81.05029328021217, 17.26622971356206], [81.04671650094362, 17.26267443330542], [81.041593941386, 17.257254594899567], [81.04148878016778, 17.257143326636676], [81.03832483378648, 17.2538510172846], [81.03557443660237, 17.251745066868853], [81.03213665538283, 17.249244471738262], [81.02938730369827, 17.248061709067443], [81.02347812848117, 17.24741135808152], [81.01776497967244, 17.246954695989654], [81.01775235185966, 17.24692177465163], [81.01651284049551, 17.246685717832143], [81.01511010710686, 17.242180834659116], [81.01387022382926, 17.238621471463553], [81.01149631076899, 17.2344702348027], [81.00850290527042, 17.228836027969322], [81.00592167037016, 17.223003323518967], [81.00587006929433, 17.222912388903296], [81.00839496063098, 17.22329649410888], [81.0122089814542, 17.22487365973585], [81.01591956319575, 17.22595629475703], [81.02024742675017, 17.225949776482544], [81.02364789117193, 17.225944592706426], [81.0264300895438, 17.22594031146497], [81.03034528230293, 17.22543960967703], [81.03559941892549, 17.224343174304632], [81.03848473950657, 17.22443749511316], [81.04054654378417, 17.22532449052679], [81.0437416456263, 17.226011778621277], [81.04570033907747, 17.226799968065606], [81.04848835318946, 17.22803744464852], [81.04848373269355, 17.227883550262916], [81.04920094610648, 17.224123288556672], [81.05033029820942, 17.220362336338493], [81.05238586645069, 17.215610596229528], [81.05311945435315, 17.214330376053887], [81.05277691728571, 17.213811576338195], [81.05222841927565, 17.21298082498408], [81.05012553255457, 17.209205610309677], [81.04994631886109, 17.208953716715833], [81.04851504221642, 17.20694195806451], [81.04831314271416, 17.20658177526217], [81.04831308334501, 17.20658166950659], [81.04830061861048, 17.206559432800898], [81.04768329766894, 17.20537755295996], [81.04709485513864, 17.20493152760905], [81.04622879899803, 17.204421292042024], [81.0457250571571, 17.2039921503949], [81.04510834126722, 17.203481710058576], [81.04449226145346, 17.2030243954233], [81.04398848037056, 17.202540990988354], [81.0433740337963, 17.201923156939703], [81.04280628974088, 17.20157202805113], [81.04280612500237, 17.201571925994028], [81.04266212772387, 17.201482868267334], [81.04173856241523, 17.201080045698156], [81.04148794078034, 17.200247147344506], [81.04108904123699, 17.199301325475542], [81.04089872503975, 17.198849319172005], [81.04022685441294, 17.197747714231056], [81.03999492729024, 17.197457384524906], [81.03941510917187, 17.196727602658324], [81.03865984324874, 17.195733443125036], [81.03787525227476, 17.194819560551974], [81.03703596059184, 17.193879716553866], [81.03625147349575, 17.19307434555081], [81.03623852510388, 17.19306079068465], [81.03576419879539, 17.192588646564676], [81.03547316632093, 17.192299907779592], [81.03546818817078, 17.192294968563502], [81.03432123720634, 17.19189341105146], [81.03288187353787, 17.192005262161185], [81.03237355171318, 17.19222790015319], [81.03233638913582, 17.19224417718971], [81.0318755037813, 17.191653323410403], [81.03183253572985, 17.19159909634845], [81.03161657739754, 17.191400306670126], [81.03107756369565, 17.19090107002453], [81.03045367696798, 17.190427523010097], [81.03040506616234, 17.190390625473405], [81.02983721763043, 17.19060129171677], [81.02890607228169, 17.190934301441217], [81.02777080983223, 17.191170240044016], [81.02692432663822, 17.191495267543072], [81.02601661457112, 17.191725382327732], [81.02519879888558, 17.191867259440066], [81.02439755107783, 17.192147029310604], [81.02319526316045, 17.192410120665112], [81.02196483179137, 17.19278626084462], [81.02065983408079, 17.19331957166831], [81.01950458447257, 17.193595044157554], [81.01827400104766, 17.19378351929928], [81.01687581329234, 17.19394610010304], [81.01638505455841, 17.193987030061507], [81.01638485229194, 17.193987046473396], [81.01635662440391, 17.193989401048103], [81.01592504593451, 17.19402698991863], [81.01452622626802, 17.194134167556726], [81.01349131387262, 17.194134843116707], [81.01256698687082, 17.194189700892615], [81.01172896691563, 17.194055724354133], [81.01053175079934, 17.19392564582949], [81.0104981512857, 17.193921994804075], [81.01010107411248, 17.19368034388715], [81.00934508796263, 17.193116758067173], [81.00913137541802, 17.192732560468734], [81.00892473157836, 17.19236418360617], [81.00826388595813, 17.191805171123626], [81.00822635966523, 17.191773427941992], [81.00713504625723, 17.19182723621169], [81.00607293722389, 17.19158598920911], [81.00495370308441, 17.19121025536309], [81.00386221643654, 17.190996144566594], [81.00260363293718, 17.19062048256811], [81.0012886413597, 17.190299105274043], [81.00005847832806, 17.190217312778202], [80.99939943524075, 17.190129206416586], [80.99939916990935, 17.19012917039906], [80.9984589643158, 17.19000347195733], [80.99767061800517, 17.190276351622437], [80.99686531250713, 17.190702971101768], [80.9957712554841, 17.191072101536246], [80.99424522047494, 17.191794150209514], [80.99314466464506, 17.192130489333966], [80.99181137386904, 17.192672681362176], [80.99072030430399, 17.193157083598894], [80.98959282295505, 17.193531379984023], [80.98914119822838, 17.193681305904736], [80.98779906657009, 17.19422347721601], [80.9868491024251, 17.19470778362689], [80.98525291335696, 17.195218421994763], [80.98400416006768, 17.195588701732635], [80.98312761375978, 17.195945220776583], [80.98217855029277, 17.19596039559024], [80.9819062995569, 17.195965053989422], [80.98100262487087, 17.19618819210899], [80.98050893914979, 17.196662069664722], [80.98007990052487, 17.197074873187034], [80.97937861370518, 17.197508157264593], [80.97899534397249, 17.197744594760625], [80.97860913530067, 17.197983294652843], [80.97712644374147, 17.198602333307726], [80.97570083802479, 17.199328719391012], [80.97533675043631, 17.200296501716604], [80.97433016711264, 17.20056600541281], [80.97343578779227, 17.20061841844083], [80.97245437948953, 17.200673128326606], [80.97158755872626, 17.200566136594237], [80.97055062371317, 17.20112904807311], [80.97049762380048, 17.20115781980978], [80.9698543265775, 17.199975723846407], [80.9691276003013, 17.19892704789908], [80.96848410119375, 17.198524913752973], [80.96758955017042, 17.198182062196977], [80.96750308749019, 17.198148923372436], [80.96738698869035, 17.198854335019515], [80.96732131416756, 17.199248868346153], [80.96728202949296, 17.199493048800328], [80.96733714632059, 17.200406375880554], [80.96736846738733, 17.200572372557517], [80.96750456612716, 17.201293656817494], [80.96792391138662, 17.202690630229053], [80.9671143119202, 17.20298601236371], [80.96636227488511, 17.203142329398325], [80.96493809763486, 17.203293277666873], [80.96417425475434, 17.20335690041419], [80.96395844909031, 17.20337507591691], [80.96389729374697, 17.203376231838337], [80.96305933613492, 17.20339466613076], [80.96199154870351, 17.203629095458403], [80.96105897124258, 17.20378207624181], [80.96060385650725, 17.20385799451072], [80.95953967647583, 17.204291356750087], [80.95919752299706, 17.204504005399425], [80.95842032720363, 17.204989245028422], [80.95755438763898, 17.205607902307214], [80.95720810012412, 17.20578889761305], [80.9565196376901, 17.20614636338955], [80.95587538426079, 17.206764928586978], [80.95471262305172, 17.20778723298531], [80.95399424149504, 17.208354952624852], [80.95307117058293, 17.208818749700242], [80.95243519586488, 17.20960346692571], [80.95196030317328, 17.21027508572189], [80.95114977336688, 17.21135036958909], [80.9507501295169, 17.21169267930582], [80.94965127177416, 17.212633882176295], [80.9487712281951, 17.213446931292975], [80.94834846428228, 17.21361324407509], [80.94788218728048, 17.213796525695887], [80.94762177128399, 17.214073557706673], [80.94741869537891, 17.21428878061517], [80.94735077287486, 17.214360766380775], [80.94690409811828, 17.21508662126679], [80.94567248357595, 17.216243411276597], [80.94463773399593, 17.21703275639355], [80.94343587183809, 17.217572336431296], [80.94226172526432, 17.218351540934567], [80.94117040860357, 17.21888994349154], [80.9398279712883, 17.219427284740092], [80.93817670646627, 17.219749938484252], [80.93711401008223, 17.21972312200664], [80.93585493189615, 17.219830871316866], [80.9346528805571, 17.219885469488535], [80.93359017678218, 17.219831506379656], [80.93262686868064, 17.219804640149526], [80.93153597537767, 17.2198863196765], [80.93058503997013, 17.21993969770433], [80.92970586902594, 17.220055223803715], [80.92821218070081, 17.220334805350472], [80.92748001641885, 17.220396028276603], [80.92638850154928, 17.220370295765257], [80.92521614093889, 17.220344129107307], [80.92518583636796, 17.220343452598264], [80.92417409547306, 17.21980644750953], [80.92412359256458, 17.219779642095634], [80.92364720862965, 17.21967123522705], [80.9230462173719, 17.219842058608126], [80.92197759080311, 17.219807335787483], [80.9219405894418, 17.21980613308568], [80.92124183767112, 17.21940387163747], [80.92073124438731, 17.219146367064283], [80.92065485106207, 17.219107839390546], [80.92036443935956, 17.2191079014455], [80.92036433303235, 17.21910790146818], [80.91998383674617, 17.219107982172794], [80.91896051441476, 17.219572523225757], [80.91892008395091, 17.219590876233568], [80.91824893204462, 17.21897269623574], [80.91757652107732, 17.217952100598254], [80.91699055979596, 17.216903225943735], [80.9163474929548, 17.21553220233172], [80.91609494179885, 17.214269617496345], [80.9162622848464, 17.213032949546097], [80.91620617573518, 17.21187771162811], [80.9160672280225, 17.21109777568827], [80.91625112493378, 17.210297430268476], [80.91690614059361, 17.20986662705355], [80.91726876938012, 17.208900078981554], [80.91728520743608, 17.208771212169772], [80.91732992748622, 17.208404034376105], [80.9149555339863, 17.20748244106254], [80.91073644521556, 17.206757760009943], [80.90635699686447, 17.20813688362683], [80.90315669246493, 17.209433910607483], [80.89827200392357, 17.211622046732764], [80.89237641285438, 17.21381099754104], [80.88597165985911, 17.216212712880072], [80.8858911174729, 17.216242913499222], [80.88294311071802, 17.21697332536918], [80.8796581616924, 17.217784854152715], [80.87553095514762, 17.219163121550594], [80.87140378258191, 17.22102652107296], [80.86769775526776, 17.223132110812873], [80.8650025279171, 17.22539857718486], [80.8623073293916, 17.228311957268275], [80.86131793485124, 17.23021283875821], [80.86062297863212, 17.23154800130696], [80.86011779949017, 17.233570102596094], [80.86037083240508, 17.23591509450505], [80.86214034261842, 17.23890586379911], [80.8644268526072, 17.24192887377036], [80.86525800202556, 17.24302771152559], [80.86770180066388, 17.247069178263814], [80.87006172989416, 17.25264717027222], [80.87090462969357, 17.254829916992893], [80.87096992241881, 17.25502821346367], [80.87191621965614, 17.257902067270308], [80.87292792072475, 17.261378545410622], [80.87292820829673, 17.26284789517961], [80.87292850566331, 17.264370645758763], [80.87200235439603, 17.267767841850294], [80.87208743023851, 17.27205374130149], [80.8731836737233, 17.276581402914424], [80.87352178940637, 17.28199921550529], [80.87370825306174, 17.284986909730158], [80.87395577511025, 17.288952772830392], [80.87369295887872, 17.295261218743878], [80.87406575107086, 17.29842409479956], [80.87428384924127, 17.300274446352844], [80.87445350722234, 17.305773210933964], [80.87428548696437, 17.30836106581239], [80.87383631584453, 17.309799058559864], [80.87525984938497, 17.31362044644811], [80.87539815423997, 17.317708998405106], [80.87649899250532, 17.323247548287437], [80.87595015249427, 17.327996119449477], [80.87504378623181, 17.333719007166117], [80.87522448056473, 17.333910427935955], [80.87865798831467, 17.337547645473105], [80.88470763950117, 17.34123536442233], [80.88984071450658, 17.343868608017306], [80.88985928930447, 17.343880706567177], [80.89442412722025, 17.34685394315665], [80.89864118239471, 17.35019123086772], [80.90120830169596, 17.352650745649484], [80.90432691607184, 17.359330177956945], [80.90671394684382, 17.370054877246528], [80.90854951205742, 17.376207897781548], [80.91056791415916, 17.380778038076873], [80.9135028919419, 17.384819667460377], [80.91717380038921, 17.39466357164323], [80.91956081893674, 17.402750211894137], [80.92433271143003, 17.412944461888017], [80.92616816085142, 17.416811179737817], [80.927269531798, 17.419271877557343], [80.92762779825306, 17.419316301735815], [80.93148731079752, 17.41979483302426], [80.93423823008628, 17.420495188293348], [80.9377222876761, 17.420491287481852], [80.94285668892319, 17.4204854355769], [80.94964050456325, 17.418894876079033], [80.94987611206608, 17.418942158618506], [80.95859498525603, 17.417171162024953], [80.95918065238692, 17.42662070472657], [80.95918455905637, 17.43277537731905], [80.96010473456612, 17.437873822049795], [80.95924341564424, 17.444514454091582], [80.9588272548335, 17.44772281698007], [80.95865119399365, 17.45932886881134], [80.95847366989244, 17.46864887841841], [80.95792695722545, 17.474276571885678], [80.95801738816684, 17.47848433946454], [80.95811591380576, 17.483068536997617], [80.95793767874713, 17.49133338582474], [80.95739121817275, 17.49748854418767], [80.95702795222617, 17.503291776060053], [80.95718710543841, 17.503457895888687], [80.95904722685816, 17.505399409227213], [80.95924196105196, 17.523159104064188], [80.96016571367288, 17.53318083415764], [80.96145528083221, 17.541267833625387], [80.9640307900926, 17.551463244551595], [80.96513549688817, 17.557088659959295], [80.96737926355944, 17.562809473966503], [80.96738498485082, 17.562786869203002], [80.9680534146619, 17.561533927234905], [80.97027143823993, 17.557376208510277], [80.97439603547956, 17.55156825492479], [80.97769575040613, 17.547211954510477], [80.98347117300891, 17.541269740793346], [80.98979730909109, 17.536117874292867], [80.99956270667202, 17.530301563236026], [81.00000481547346, 17.530018309465767], [81.00161350992647, 17.524050453160207], [81.00307763105178, 17.51982819102086], [81.00722583922133, 17.508099470454805], [81.00966476973852, 17.500124415302636], [81.01201808167541, 17.49265555215011]]]}}, {"type": "Feature", "properties": {"mandal": "Dummugudem", "district": "Khammam", "state": "Telangana"}, "geometry": {"type": "Polygon", "coordinates": [[[80.98628851266677, 17.951061421530774], [80.98628855593448, 17.95106110873545], [80.98660111736838, 17.949511770203934], [80.9869328514154, 17.94846751262144], [80.98700287405113, 17.948081029036345], [80.98710114091072, 17.94753746578324], [80.98719234559645, 17.947033453795832], [80.98727196452153, 17.94588536957196], [80.98755050168319, 17.94370439317194], [80.98782958382066, 17.94248049269667], [80.98831836351451, 17.94051183352463], [80.98848928105281, 17.940064274917603], [80.98852579025497, 17.939916230694998], [80.98911811194674, 17.938394977425713], [80.98931723265014, 17.937736099214305], [80.98971434975283, 17.93652116930496], [80.99002484754656, 17.93556391768083], [80.99037775776237, 17.934467655688287], [80.99063809558807, 17.933538678323508], [80.99104195424785, 17.93277233833021], [80.99121470537239, 17.932455852166818], [80.99140750237346, 17.932103195754145], [80.99154605556821, 17.931850006306885], [80.9922029841957, 17.930862050376142], [80.99221326915666, 17.930847613616105], [80.99292776356707, 17.92984467598176], [80.99343074205662, 17.929043244912787], [80.99351437199262, 17.928742625161846], [80.99379749832427, 17.927471245287595], [80.99380397360294, 17.927442993187977], [80.9938198567443, 17.927355975285085], [80.99391962945555, 17.92642594905284], [80.99415812254345, 17.925530874290292], [80.99455706489353, 17.924496721794924], [80.99498032794311, 17.923665951365816], [80.99502572891605, 17.923592476354052], [80.9951076490102, 17.9234003339278], [80.99548499789994, 17.922775243100713], [80.99583286256589, 17.922197627187376], [80.99664074328018, 17.921073969638773], [80.99697566640654, 17.920575457297225], [80.99741549950197, 17.919847497109252], [80.99750097758385, 17.919686991677516], [80.99801935486992, 17.918102459078153], [80.99805524863044, 17.917930680140262], [80.99832289329365, 17.91651352687277], [80.9984663674764, 17.9156704759467], [80.99852063267403, 17.914683967952172], [80.99851418664088, 17.91464301559338], [80.99838316179434, 17.91381056865207], [80.99832205102743, 17.91236196167169], [80.99839882268499, 17.911504258197397], [80.9983829237432, 17.91062061712334], [80.99844376425457, 17.909769700042503], [80.99852821882241, 17.90893006965729], [80.99856821617456, 17.90871647951527], [80.99858013983844, 17.90703730700728], [80.99874014243844, 17.906213451339593], [80.99892005117368, 17.905595628937643], [80.999148231987, 17.90481202551369], [80.99917715521413, 17.903889935144072], [80.99908837694208, 17.902552075102733], [80.99860670034795, 17.900493505871275], [80.9985398488246, 17.900230255713485], [80.99826868675926, 17.899770503327147], [80.99805445249986, 17.89880674142497], [80.99787927447153, 17.89801132487935], [80.99761375035577, 17.89712329988983], [80.99726146456264, 17.896211592877457], [80.99717830418412, 17.895339282899684], [80.99719648630783, 17.894213792962077], [80.99719230053054, 17.894071156024257], [80.99716995753481, 17.893309809567388], [80.99720063264124, 17.89234590207017], [80.99719579829909, 17.89216397477738], [80.99721219953823, 17.891968474415624], [80.99724112786458, 17.891042987174966], [80.99719014692717, 17.890670116796016], [80.99705521922071, 17.890056602988], [80.99690303899872, 17.889215967335772], [80.99665101189962, 17.88817876836816], [80.9964909926744, 17.88706241592319], [80.99644992374105, 17.886494047218818], [80.99634100126876, 17.88593701688465], [80.9962043343618, 17.88536418197162], [80.99605359399578, 17.884964248274137], [80.99605352779777, 17.884964073838766], [80.99585856564894, 17.884446813412605], [80.99523306402342, 17.883475361910172], [80.99475868845269, 17.88259648216539], [80.99451636937837, 17.881967203831422], [80.99449982848637, 17.881936703785165], [80.99447913429474, 17.881868914911788], [80.99443067117909, 17.881743511170516], [80.99405055644561, 17.880603544388492], [80.99426966654278, 17.87897846964487], [80.99444905446524, 17.878021252223043], [80.99453792783426, 17.877647169205236], [80.99459319433524, 17.877319435299626], [80.99468506687334, 17.877027840259874], [80.99480748605478, 17.876511356746395], [80.99500661653066, 17.87600387094648], [80.99548363390792, 17.874483735799828], [80.99570555594222, 17.873622540975422], [80.99598034792365, 17.8723838910108], [80.99599337951585, 17.87234628491288], [80.99621064769867, 17.87171931232558], [80.9962583278689, 17.871535093862487], [80.99635512714677, 17.870632156336754], [80.99624636754547, 17.8703237239498], [80.99602014736092, 17.869681591195405], [80.99591004192429, 17.869369051392624], [80.9955756586256, 17.868688970638583], [80.99557266948872, 17.868625691414458], [80.99543147874198, 17.86834778698278], [80.99535847767086, 17.867653998754534], [80.99555263466416, 17.86674874463803], [80.99562110046858, 17.865826611455574], [80.99558040931069, 17.864903410237844], [80.9955798448327, 17.863985834164513], [80.99559923577374, 17.862895355075302], [80.99568382659953, 17.86228848551983], [80.99570362129397, 17.861857937375753], [80.99560629182919, 17.860938154229107], [80.99554612662229, 17.86000592024429], [80.99555324569194, 17.859109808516216], [80.99566850700991, 17.85849049186315], [80.99567082948748, 17.85842946840221], [80.99569791084387, 17.85833340114609], [80.9957202591166, 17.858214736993915], [80.99575796174305, 17.85812205378876], [80.99592457484714, 17.857538867471916], [80.99587340697903, 17.856846190850575], [80.99593508241882, 17.855443795419838], [80.99597978164864, 17.854259504332468], [80.99600142533816, 17.853957774243295], [80.99604665717507, 17.85333754953176], [80.9960488138773, 17.85330798320126], [80.99611195039685, 17.85236437504557], [80.99631981939353, 17.851719010640327], [80.99641555787194, 17.85102625014668], [80.9964936336841, 17.85039112901187], [80.99648382878219, 17.849803520599732], [80.99640913160503, 17.848271243263774], [80.99658220944418, 17.84766431783828], [80.99681715557344, 17.846933055234455], [80.99694863192056, 17.8465011150015], [80.9971721854044, 17.84576665956612], [80.99718690232334, 17.845714669702964], [80.9973158496706, 17.84530326441481], [80.99740067787391, 17.84475707681192], [80.99743748462483, 17.844520083445854], [80.99794503578897, 17.842921925613638], [80.99818602012769, 17.84242683215384], [80.998310695817, 17.841795071290917], [80.99856242936733, 17.841511287308705], [80.99889486040588, 17.84102630915804], [80.99895556825605, 17.840934742052113], [80.99974643361116, 17.8395850199217], [80.99996856337785, 17.839172114312703], [81.000216543883, 17.838711151323146], [81.00027853034254, 17.838595927240902], [81.00032567008913, 17.838507756772913], [81.00082376040997, 17.836936712007123], [81.00120226598473, 17.835645985688025], [81.00162903088057, 17.834186854212383], [81.00213856720904, 17.833014699775756], [81.00234446078828, 17.832542114658228], [81.0027211413868, 17.8316775155399], [81.00301191617416, 17.83068064527259], [81.00317302285018, 17.829864657666274], [81.00321041317046, 17.829305265255538], [81.0032542372976, 17.828664503907586], [81.00321266633924, 17.82798777863219], [81.00320772924358, 17.827907403876505], [81.00319042483689, 17.827607951853864], [81.00317086001785, 17.827458797841512], [81.0031447017854, 17.827151441644748], [81.00288121824538, 17.8256622020219], [81.00287444322456, 17.825223748651144], [81.00282989928068, 17.824762716857443], [81.00286520909778, 17.82463274051257], [81.00286460887037, 17.824616920235446], [81.00297580220747, 17.824158054257982], [81.0030782077039, 17.823792988995233], [81.00309468743434, 17.823735345867178], [81.00327546094007, 17.821431072947785], [81.00344940634963, 17.820416185478166], [81.00348894460652, 17.81953924408374], [81.00350532979166, 17.81933808553799], [81.00351289396059, 17.81917874408641], [81.00352039173214, 17.819089469319486], [81.0035204067184, 17.819089293926872], [81.00356206110665, 17.818593348123354], [81.00358137557998, 17.81836167726621], [81.00368474679279, 17.81767680488442], [81.003989682157, 17.81672398772968], [81.00414734937652, 17.816083153684882], [81.00418190902447, 17.81571360697364], [81.00430669091277, 17.814404931638684], [81.00434193004509, 17.814172118655065], [81.00438220356195, 17.81352344505181], [81.00454689911663, 17.81281254107369], [81.0045791997139, 17.81259555217299], [81.00496483930642, 17.810609813187522], [81.0053018094625, 17.809069342879294], [81.00530827541651, 17.809035436364066], [81.00535908402745, 17.808269227496744], [81.00544167330338, 17.808007320473582], [81.00565633526058, 17.80732657979686], [81.0057546288797, 17.80700784274168], [81.00579406889855, 17.8068803038789], [81.00601537184215, 17.806164660351804], [81.00661574844523, 17.80514497924456], [81.00676592415233, 17.804793439475954], [81.00726353588516, 17.803590748611054], [81.00752548874704, 17.802808586098035], [81.0077214256768, 17.802096525848416], [81.00792720882681, 17.80112228583193], [81.00798931551195, 17.80050862408944], [81.00803731736178, 17.799101668414394], [81.00803813753838, 17.799083694492555], [81.00808265009836, 17.79810831444849], [81.00809265878858, 17.798081186709414], [81.00826693028559, 17.79761323205834], [81.00826928711787, 17.79761097136641], [81.00843949530247, 17.79723907436274], [81.00959805030564, 17.796576130485366], [81.00974543194495, 17.79646755057066], [81.01043399642376, 17.795959717429962], [81.01056250672069, 17.79585679919457], [81.01089026560705, 17.795593286024413], [81.01138656307795, 17.795114953431995], [81.01211987919663, 17.79451328868699], [81.0131792551522, 17.793763373829357], [81.01405885394107, 17.793188728887863], [81.0148971743835, 17.79263332009965], [81.01555625550802, 17.79217294961482], [81.01622468359825, 17.79179107608678], [81.01625135659826, 17.79177583781116], [81.01666462446902, 17.791511128547143], [81.01673006787719, 17.791477183136177], [81.01693243175801, 17.791333358518706], [81.01730778339204, 17.791066585666517], [81.01777901421953, 17.790859619939987], [81.01823289607457, 17.79066027329889], [81.0184557786157, 17.790571978497503], [81.01871224596498, 17.790437328097575], [81.01873111562358, 17.790431664162103], [81.01904659307102, 17.790337656084326], [81.019151547798, 17.79029577369657], [81.01938132692591, 17.790233095963472], [81.01953779316368, 17.79019041645032], [81.02036982529829, 17.789942367097186], [81.02115941386364, 17.789727114578806], [81.02172374142495, 17.789573039419285], [81.02242365571723, 17.789329592033948], [81.02378168121078, 17.788945557453122], [81.02404351283131, 17.788892261737633], [81.02467191393215, 17.78875215771052], [81.02522822161467, 17.78862812599881], [81.02589998047496, 17.78859488061502], [81.02707833044592, 17.788501380385803], [81.0280171886836, 17.788367361915892], [81.02889652021983, 17.788289884746323], [81.02988199445386, 17.788186336349842], [81.0299946363298, 17.788173823904234], [81.03116827782442, 17.788098385616255], [81.03120837876912, 17.788091574982072], [81.03158462192752, 17.788030276737434], [81.03160408258738, 17.788026872266425], [81.03322590109109, 17.78713518164055], [81.03470530043566, 17.78591925540453], [81.03561674315127, 17.785458634253263], [81.03595568668827, 17.785231234905194], [81.03654571236142, 17.78480023245612], [81.03742230875262, 17.784292164828905], [81.03818518470989, 17.783919789886383], [81.03930659717619, 17.78348724288458], [81.04048175513748, 17.783148444281075], [81.0408231877056, 17.783087156545545], [81.04159733999963, 17.782810816583623], [81.04230547207757, 17.78257859741731], [81.04311505174583, 17.782354207485053], [81.04341517891993, 17.782270346615736], [81.04364692134966, 17.78222270074569], [81.04383557648646, 17.782134405141164], [81.0443769410124, 17.7820706925502], [81.04468652130662, 17.782007162799808], [81.04611837414257, 17.781851201654582], [81.04663322670845, 17.78182140676763], [81.04693881202839, 17.781793015906025], [81.04707493739903, 17.781780368827366], [81.04716400417495, 17.781792726976516], [81.04751785440878, 17.781772101126393], [81.04863627569553, 17.781994949608386], [81.04916479251663, 17.78207588469209], [81.05044131139768, 17.782337016330917], [81.05212782518358, 17.782696118032202], [81.05337184182254, 17.782875895597204], [81.05362944541419, 17.782908159567853], [81.05362951525284, 17.782908168550012], [81.05366550184478, 17.78291267502296], [81.05368655906577, 17.782915312631527], [81.0537393182029, 17.782921920559748], [81.05428726444565, 17.78296327413611], [81.05476784026898, 17.783000183505926], [81.05527699405226, 17.78303928624075], [81.05691562570759, 17.783267302920038], [81.05842336466038, 17.783532710900587], [81.0589736979516, 17.783598911986008], [81.05938659475495, 17.78364940839171], [81.06005664257606, 17.78370307344402], [81.06082300786768, 17.783902876741667], [81.06230310865291, 17.784288753281096], [81.06277084505037, 17.784325635088017], [81.06336715184534, 17.78435675129196], [81.06359480779597, 17.78435429121814], [81.06445758447889, 17.784267642431125], [81.0653877179429, 17.784306367216303], [81.06574282621594, 17.784363685047627], [81.06682338396891, 17.784430521028046], [81.06730540707878, 17.784599599370104], [81.06819465476771, 17.78504065508379], [81.06864662373805, 17.785233488110162], [81.06978411699691, 17.78561215800801], [81.07076622612709, 17.785717486151103], [81.0719411847665, 17.78580907215116], [81.07196360141155, 17.785813571770472], [81.0720037040707, 17.785811275559176], [81.07219622162049, 17.785865452559648], [81.07220783108798, 17.785868719953733], [81.07276236245558, 17.78599364525098], [81.072893366021, 17.786062459172243], [81.07328569148567, 17.78617397242857], [81.07392269637482, 17.786782488284523], [81.0742125303271, 17.78702292229004], [81.07435884733938, 17.78717545737815], [81.07493166675539, 17.787772616967118], [81.07572559765403, 17.78840923263844], [81.07706532991801, 17.789267952289954], [81.07748543085326, 17.78999418769527], [81.07800552627592, 17.791025447074336], [81.07864636214939, 17.79188594852383], [81.0793949712268, 17.792585874212442], [81.07979696879629, 17.792906428154772], [81.08073078158307, 17.793598262512585], [81.08176951291881, 17.794382973706877], [81.08241596865257, 17.793727617833277], [81.08304188042759, 17.79332315445793], [81.08753858579367, 17.789362393414077], [81.09121138223703, 17.783048100327292], [81.09353299064072, 17.777348801649914], [81.09399889049034, 17.775948361839855], [81.09576723236701, 17.77516941009286], [81.0853651961403, 17.775004201332543], [81.08223249743813, 17.773857241178668], [81.08472166131634, 17.7601782138202], [81.07505315029427, 17.76004770146931], [81.0755085206656, 17.756881889941415], [81.07741835036782, 17.75193881523107], [81.07908364284943, 17.749214576484782], [81.07963753534554, 17.747350105365957], [81.08204153247024, 17.742376498832787], [81.08312089792906, 17.740688539363664], [81.08595594711319, 17.734649236456946], [81.08938587693983, 17.73476128534002], [81.08938584553667, 17.734759311759195], [81.08918415829167, 17.722190419675304], [81.08915241696967, 17.721539728915793], [81.0857803807896, 17.718203403947946], [81.08201129354214, 17.71841728345518], [81.0819978652365, 17.71858107429925], [81.08167657761642, 17.72249985820495], [81.07747898646087, 17.726056904950035], [81.0744212518288, 17.72697928767566], [81.06710555101434, 17.732937528752224], [81.06438314368228, 17.730102610404796], [81.06323770308396, 17.728211497232483], [81.06413415710139, 17.728564911584822], [81.06512299564466, 17.72865194874809], [81.06611089187733, 17.727940339985405], [81.06635706057935, 17.72708211292247], [81.06598471647972, 17.725751682167466], [81.0644377266055, 17.723950002160944], [81.06514349226494, 17.719807660565536], [81.06603579151509, 17.7166706911685], [81.06655965977431, 17.71551618224447], [81.07298014003858, 17.71068350586266], [81.07372111802384, 17.71026808598489], [81.07545422040698, 17.712690555888877], [81.07837353655424, 17.714109943413284], [81.07854564031352, 17.714193619594823], [81.07891126586476, 17.710081396297138], [81.0788787857913, 17.708809528247418], [81.07748324242702, 17.704552536389926], [81.07743008525236, 17.704504367648138], [81.07503988327059, 17.702338389442136], [81.07317920126694, 17.6965440234416], [81.0723448419314, 17.696338431358992], [81.0661970225534, 17.69623082079862], [81.06166197444644, 17.70159255966485], [81.05900873948585, 17.704762106865108], [81.05854938117757, 17.708312451294887], [81.05796507710888, 17.710679812773865], [81.05750393719909, 17.712692007041973], [81.05738119567364, 17.71343170445435], [81.06028595490048, 17.71522334696642], [81.05840550582604, 17.714916190962786], [81.05623082204744, 17.71586059235004], [81.0542659226403, 17.716132667240423], [81.05068711257456, 17.7167433769766], [81.04914353361957, 17.717216292925304], [81.04781065384122, 17.71782324221014], [81.04753085678396, 17.718697239462642], [81.04437158964922, 17.717896054308344], [81.04173735821212, 17.717227976028546], [81.03728206209142, 17.71723550518771], [81.03475597494095, 17.71784426897604], [81.03006228082762, 17.718975317252326], [81.03003617705762, 17.718979558304266], [81.02535282081058, 17.719740386721444], [81.02177334143228, 17.719813050255777], [81.01955303784518, 17.720241620344908], [81.01955365931656, 17.72024263160051], [81.03752792152588, 17.72620081592782], [81.04002990517321, 17.727015960078862], [81.04239960226532, 17.727201176799966], [81.04187437962382, 17.72846224513138], [81.04233632015588, 17.7295956970531], [81.04218077435694, 17.730244060337185], [81.04213972748295, 17.73041515702519], [81.04108719623677, 17.730983951941752], [81.04056076376348, 17.731110821242943], [81.04036515330279, 17.73287543965553], [81.04095827439443, 17.733567605887984], [81.040564205761, 17.73438737959398], [81.03984148552806, 17.735648755453226], [81.03898743896427, 17.737225391572668], [81.03826436985688, 17.738171707261042], [81.03747514467094, 17.738803072483215], [81.03675160814815, 17.739308308149912], [81.03596230860288, 17.739876656687414], [81.03556852942253, 17.741011471648566], [81.03603078776608, 17.742459981532345], [81.03603156421026, 17.74321610597708], [81.0353746718602, 17.744540366320066], [81.03445343944377, 17.744856874648633], [81.03379518604822, 17.74485791288289], [81.03287382268265, 17.7450483933074], [81.03208417138276, 17.745301674082704], [81.03109678902896, 17.74530321972119], [81.03004408379375, 17.745808945046544], [81.02756026118334, 17.74762858335323], [81.02754450641979, 17.747640125189115], [81.02642601526833, 17.748208943682435], [81.02517592463215, 17.748840969425878], [81.0222793686464, 17.748656365135545], [81.01602146409559, 17.74394001661369], [81.00976966039458, 17.74571354606341], [81.00358335237328, 17.74723475513914], [80.99469857014773, 17.749389660068893], [80.99173706760727, 17.75027590631712], [80.98963204303264, 17.752106092951394], [80.98785557897992, 17.753242698653207], [80.98783076865118, 17.753254611167996], [80.9858814632972, 17.754190526279785], [80.9848951954976, 17.75570409737615], [80.98233190168236, 17.761063377409158], [80.98062410379505, 17.766169438538178], [80.97793123952543, 17.774742285604198], [80.9773398220664, 17.776255284611572], [80.97730321108183, 17.77630167687365], [80.97549809285337, 17.778589033291023], [80.97434373795362, 17.779230395268286], [80.97427065127216, 17.779354991495545], [80.97398375911663, 17.778464981770185], [80.97385132487058, 17.777393996360072], [80.97378490648285, 17.77657496144988], [80.97312614556536, 17.77600872961414], [80.97213874050229, 17.7761990301178], [80.9708887788617, 17.777523828952685], [80.9700330807314, 17.777776960414478], [80.96897969743512, 17.777778302415978], [80.96733391458204, 17.77796941697501], [80.96654387655803, 17.777970414207626], [80.96621456751174, 17.77778180079751], [80.96588487832894, 17.777026104980237], [80.96568720155517, 17.776774315793823], [80.96489704205243, 17.776586279576993], [80.96364628231464, 17.77677687019877], [80.96226368265792, 17.77671558083433], [80.96153903700315, 17.77602337555383], [80.9610774541241, 17.774889778282557], [80.9597602211325, 17.774072279660164], [80.95857518711479, 17.774073731954758], [80.95856268067168, 17.7740542362214], [80.95607102764195, 17.7701701955008], [80.9508002044677, 17.763245456435126], [80.94790336130255, 17.76280780636716], [80.94566352054225, 17.76003799051905], [80.93598676419033, 17.760679121346662], [80.92789122732438, 17.76125043303153], [80.92782402614918, 17.761255174322958], [80.92632331585146, 17.758760647440468], [80.92530630405943, 17.75885023318056], [80.92383485002827, 17.758147744106765], [80.92346678813871, 17.75753208626689], [80.92227146129865, 17.757445341833822], [80.92089212861282, 17.757094762770432], [80.9192368527891, 17.75648044035916], [80.91804097090414, 17.755073568643986], [80.91758054189643, 17.753401910864657], [80.91730396895407, 17.751642053463165], [80.91711960233968, 17.75049814973906], [80.91583201391774, 17.749531391719085], [80.91373599197742, 17.749969721266165], [80.91371753796561, 17.74997358048961], [80.91206223915792, 17.749095178556217], [80.91086672875507, 17.748392319571913], [80.90856820558393, 17.748394605265105], [80.90709718373422, 17.748484062693553], [80.90701607874504, 17.748380678487194], [80.90626932800204, 17.74742878580201], [80.90562532962502, 17.74628531870397], [80.90470586695048, 17.746110198764438], [80.90240727883834, 17.7458483961952], [80.90102821313113, 17.745937724197216], [80.89891414751558, 17.74761187006293], [80.89736828093432, 17.74961614800965], [80.89530488237865, 17.74593324863792], [80.89392510475095, 17.743690332951353], [80.89171782377471, 17.74111813137648], [80.89170915831818, 17.74110892491455], [80.88985552981102, 17.739139645060842], [80.88661385215468, 17.735710237154535], [80.8838550708517, 17.73280840146951], [80.88076978112151, 17.730919605320896], [80.87839636336275, 17.73836992438709], [80.87708533090186, 17.74127464043236], [80.87544662856793, 17.74559218116434], [80.87429943866248, 17.74833978047964], [80.87266035732506, 17.7513232013296], [80.87208709877544, 17.7546196360601], [80.8718415861647, 17.756424027695587], [80.87184148519543, 17.756424767224363], [80.87159606073992, 17.75925007247263], [80.87069481988514, 17.762625230446837], [80.86963435311186, 17.767001681802746], [80.86962974887693, 17.767020682439863], [80.86815469420132, 17.771573395424745], [80.86684335290474, 17.77487036762327], [80.86594175601958, 17.776989888673018], [80.86528617807554, 17.779423106230837], [80.86471266477768, 17.7824055730029], [80.86422099031746, 17.7844462814207], [80.86438526240637, 17.786251053186444], [80.86487745086916, 17.787506249091077], [80.86490775692819, 17.787544888045225], [80.86758401766365, 17.790956953744832], [80.86990604247958, 17.79361484795511], [80.86991880854985, 17.79362946045608], [80.87000929407289, 17.79373303262292], [80.87340741050923, 17.797622482392157], [80.87701659683883, 17.80232787216546], [80.87703178868729, 17.802361158156728], [80.87839866279302, 17.805356013431332], [80.87840229641517, 17.805363975308584], [80.87898571461578, 17.806642225531935], [80.88136618500701, 17.816056918895196], [80.88169375722345, 17.823382714533526], [80.88169600813404, 17.82343303767246], [80.88169610171532, 17.823437143804664], [80.88177889340925, 17.827042683901297], [80.88175065838563, 17.827173879240707], [80.88014034638233, 17.83465586378102], [80.88013736483384, 17.834665079543804], [80.87949854343391, 17.836639503543314], [80.87948124934361, 17.83669295286363], [80.87833717000572, 17.840228880354868], [80.87833271496464, 17.840247017033498], [80.87772798739263, 17.842708585306575], [80.87724646921693, 17.844668579256577], [80.87724631441615, 17.844669207556063], [80.87669817647628, 17.8469003219906], [80.87579680146987, 17.851138512424704], [80.87448528105529, 17.855533971099096], [80.87424467921242, 17.857455339652617], [80.87423959554529, 17.857495941831992], [80.87407594974866, 17.85953631313058], [80.87481510525967, 17.863851574873415], [80.87580045942025, 17.868480498512533], [80.8763752632946, 17.871148000621627], [80.87826316156085, 17.876090013964088], [80.87990509419224, 17.881267614805296], [80.88105484890525, 17.886367141761657], [80.88139879132305, 17.888884515995112], [80.88140073676666, 17.88889875758353], [80.88154796138693, 17.889976301390572], [80.8817915826162, 17.89384470726171], [80.8817950364695, 17.893899540129873], [80.88138524856122, 17.895704678227084], [80.88081147267344, 17.897980767158387], [80.88040183299144, 17.900492116747383], [80.88007399301227, 17.90198330016934], [80.8800752849943, 17.907535691226805], [80.88007529878648, 17.907594258141653], [80.8800761115817, 17.911085626999647], [80.88024153378161, 17.916735181049805], [80.88016037721022, 17.920580171353606], [80.88048935406928, 17.92379706164231], [80.8815569941911, 17.927562581403436], [80.88157721925462, 17.92764414154229], [80.88157862747283, 17.927649823017887], [80.88229624565376, 17.930543698943808], [80.88336374193113, 17.93344605674899], [80.88336461572595, 17.933451777988555], [80.88471787555699, 17.93433776042653], [80.88649848787543, 17.935483419186234], [80.89079503707548, 17.93744096052446], [80.89447244177518, 17.939473000423625], [80.89749177926412, 17.940950482525263], [80.89907802805553, 17.941799684760873], [80.89907890925674, 17.941800156535532], [80.90058848324976, 17.942168798511187], [80.90205930792382, 17.942389438080642], [80.90356889112043, 17.942758057979354], [80.90538812699648, 17.943163374347936], [80.90545652990244, 17.94317569931646], [80.90906526904054, 17.943825892668933], [80.91239421328748, 17.94478475487066], [80.91638109197726, 17.945557856807216], [80.91998093906494, 17.94629427997964], [80.91999870115256, 17.946298329646183], [80.92369697723773, 17.947141540144532], [80.9264065610625, 17.947656753617377], [80.93047103565458, 17.94857753543787], [80.93247469216564, 17.948866103766555], [80.93247614196304, 17.94886631309771], [80.93480633470732, 17.94920188366257], [80.93863835317711, 17.949567663306574], [80.94192828654691, 17.94952691871872], [80.94653443359695, 17.949891669507107], [80.95013414456156, 17.950072478970032], [80.95470159121675, 17.95040009231932], [80.95497713171214, 17.950392443124475], [80.95498722221696, 17.950392162736335], [80.95748834053143, 17.95032270630353], [80.96190083874009, 17.95042831314564], [80.9646489786514, 17.950498908642448], [80.96654071094277, 17.95049653525261], [80.96654554847103, 17.950496529565942], [80.96886788020622, 17.950493592857537], [80.9725835577254, 17.95041482749144], [80.9767250732214, 17.950446462828822], [80.98109904424975, 17.9507737660905], [80.98462147798912, 17.95106511828945], [80.98622947559605, 17.951100449417655], [80.98628851266677, 17.951061421530774]]]}}, {"type": "Feature", "properties": {"mandal": "Enkuru", "district": "Khammam", "state": "Telangana"}, "geometry": {"type": "Polygon", "coordinates": [[[80.51267932121198, 17.27241239064032], [80.5125864547523, 17.27233198018044], [80.50957051287263, 17.267844914340433], [80.50476693805903, 17.264147561896447], [80.50431019085107, 17.263854575225714], [80.49817802936607, 17.259920851262184], [80.49309934803003, 17.256618653538176], [80.4888642308029, 17.252937295208643], [80.48590807271567, 17.25331263006517], [80.48211268270539, 17.253883891142333], [80.4791157415612, 17.25464758955655], [80.47851558735994, 17.255222034567762], [80.47551791220985, 17.25636905545475], [80.47211796216257, 17.25904910130269], [80.46871471127591, 17.26345426114638], [80.46650818084612, 17.268627402857884], [80.46670216451568, 17.27169458240409], [80.46689149584762, 17.277253660393043], [80.46668782525171, 17.279361975095693], [80.46587884761267, 17.284728269071977], [80.46389767888897, 17.28889242019063], [80.46387354937936, 17.28894313620261], [80.45646772003832, 17.2969856148379], [80.45027067988201, 17.29947040527773], [80.44547554261337, 17.30003984155812], [80.44287993139064, 17.29946170840506], [80.43822105776178, 17.297218564730745], [80.43809056875074, 17.297155735802825], [80.4380664138079, 17.297140733171055], [80.43190624170208, 17.29331444895292], [80.4227280659359, 17.28851071893411], [80.41694500068989, 17.284094446928894], [80.413164072082, 17.280423210986225], [80.41156809181773, 17.27871528618517], [80.40922830430982, 17.275778173789064], [80.40774725778809, 17.27382271505553], [80.40731425500168, 17.273251003096615], [80.40721089183272, 17.27309921351532], [80.40508197881645, 17.26997282484433], [80.40366649715028, 17.267071022859476], [80.40147004696239, 17.263724615478043], [80.39877703642856, 17.25993397748705], [80.39611838054448, 17.256723321986748], [80.39427363324037, 17.25515136383956], [80.39292590247942, 17.25385302873831], [80.39069116124534, 17.251871086156616], [80.38987445341655, 17.25152874705589], [80.3885612364723, 17.250708058894933], [80.38696423525893, 17.2496481362151], [80.3858041783462, 17.248742844518784], [80.38408725500825, 17.24819715558738], [80.38276098302741, 17.247922271334794], [80.38200390715171, 17.247420780331026], [80.38171863074034, 17.24782975259137], [80.38062605619119, 17.248965339838403], [80.3792985210631, 17.249236291925694], [80.3769288363488, 17.24932371760641], [80.37522302616713, 17.249230169150934], [80.37266495643192, 17.248816890612844], [80.37133837501193, 17.24867840067462], [80.3701183380286, 17.25060483227406], [80.36941869844445, 17.252544589732423], [80.36928472171408, 17.25575888376301], [80.36952586010727, 17.26067197436534], [80.369642061604, 17.264978356552742], [80.37069943247688, 17.272136751713187], [80.37194846399603, 17.27844630762147], [80.37194335920962, 17.280616957656587], [80.37194276205798, 17.280870623717323], [80.37194261576376, 17.280932961878868], [80.37168540706345, 17.282812728164753], [80.37136299561422, 17.28554149433578], [80.36907654115548, 17.29032934463664], [80.36857455169846, 17.291385932856613], [80.36691695451432, 17.2948747575916], [80.36488468497552, 17.298995789249126], [80.36196165539332, 17.305541383950093], [80.35929594593105, 17.31014654425596], [80.35796172098067, 17.312994951943338], [80.35713385319546, 17.315540909198628], [80.35630419357415, 17.318814650206065], [80.35623611768634, 17.320815969089505], [80.35730375115953, 17.32366818965066], [80.35957315401829, 17.326219064099025], [80.36279093412581, 17.328710752777845], [80.36682954679301, 17.331628208721323], [80.36865911466752, 17.333147262488538], [80.371257525793, 17.334448477493677], [80.37125141684096, 17.337041208606372], [80.37091728950946, 17.33799591659658], [80.36982361408361, 17.339358837889694], [80.36873003216353, 17.340676266061497], [80.3665429307037, 17.34326561666734], [80.36525987160422, 17.344491757257916], [80.36321535771482, 17.34689934660185], [80.36315674609779, 17.346962350133527], [80.3616942034135, 17.34853446879517], [80.36126507398369, 17.349534493741345], [80.36021835154033, 17.351033892087468], [80.35836634146945, 17.352213601247314], [80.35684720492978, 17.35298444778297], [80.3549489614836, 17.353663702538906], [80.35395225273805, 17.35407147614449], [80.35167422331068, 17.354932034179946], [80.35015548765716, 17.35552088826914], [80.3489687621146, 17.356064787685156], [80.34768765031973, 17.35642658068383], [80.3455519253993, 17.357241819437366], [80.34336774348351, 17.358466333421582], [80.34118433409097, 17.359372420969276], [80.34056815813052, 17.35963977808409], [80.33961788742336, 17.360052091602093], [80.33695981894171, 17.361139283166693], [80.33221329373158, 17.363041625500994], [80.33031615097988, 17.36322031280126], [80.32804013804657, 17.363216381629407], [80.32438820772691, 17.36352842783238], [80.32140034201258, 17.363750609823494], [80.32080484022954, 17.363749558771346], [80.32082415140287, 17.36383375225773], [80.32131460307714, 17.36597201437997], [80.32281225694257, 17.37693011396174], [80.32363748874738, 17.38293496611271], [80.32491355081177, 17.39227183164815], [80.33634298688928, 17.40589765522023], [80.35547674302514, 17.42870834117136], [80.35567502447589, 17.4283213983214], [80.35681131360003, 17.426018838160815], [80.35846661327996, 17.42473899763624], [80.36135784785213, 17.42336858042843], [80.36316580536722, 17.422427757893114], [80.3651034450103, 17.421406805136463], [80.36703347624213, 17.420486840162955], [80.36980269606369, 17.419375646415016], [80.37289244806364, 17.418744323778565], [80.37330445792949, 17.418864016108618], [80.3750593141698, 17.41937127415557], [80.37782897599162, 17.420367352732843], [80.38106400986008, 17.421283021507147], [80.38317747740194, 17.42194240651489], [80.38713740406075, 17.423356663988603], [80.39137952257619, 17.424322938668823], [80.39168471381767, 17.424408423550627], [80.39498078428134, 17.425327852357185], [80.39766648440637, 17.426144902072235], [80.39987916956744, 17.426981398167843], [80.40213761435379, 17.42773973802801], [80.40523534980001, 17.428796514259165], [80.40873722978965, 17.428852666057402], [80.41250720036885, 17.4289902591767], [80.41156256918003, 17.427121390358423], [80.40967920970931, 17.42382291572968], [80.40864858696783, 17.421517291961095], [80.41113465298395, 17.419244226697085], [80.41330116222886, 17.417645629575055], [80.41649794331113, 17.416684893092484], [80.42122205343563, 17.41515513649191], [80.4263013761761, 17.41358960067991], [80.43077686901454, 17.412237472079127], [80.43475436959633, 17.407621199944135], [80.43542899793117, 17.406236749696117], [80.43635170050428, 17.402084315636003], [80.4359603416236, 17.399139442493166], [80.43418331107442, 17.39470538033012], [80.42795746013226, 17.380723854550638], [80.42792848999136, 17.380658792269983], [80.4319774366247, 17.377958614075567], [80.4383349369012, 17.373446813440243], [80.43854795024212, 17.372878886692384], [80.44187818846754, 17.370375397409596], [80.44369374651382, 17.3690105608116], [80.44412403172875, 17.368687095429134], [80.44803089869166, 17.366022518837134], [80.45011417074296, 17.363995142858734], [80.45194632787396, 17.362827021268956], [80.45540846601355, 17.362447848473913], [80.46170213274169, 17.36434266000415], [80.46252923221672, 17.36495752581047], [80.46472268023156, 17.366588102119636], [80.46979981093746, 17.372001049371583], [80.47240200545993, 17.377543155281302], [80.47445457886852, 17.382952753851466], [80.47664091752866, 17.38676804889534], [80.47664765361131, 17.386779803043755], [80.47911964413443, 17.388496896544222], [80.47920756690978, 17.388645658017857], [80.48505837855755, 17.383923430551928], [80.48909952541837, 17.379531123988166], [80.49369048070753, 17.37513925838647], [80.49993325024941, 17.36951785315145], [80.50305390901882, 17.367058782123262], [80.50635516673726, 17.366182500834817], [80.50644325088525, 17.365978169147517], [80.50764338349879, 17.36319415046233], [80.5081997592647, 17.359325873406554], [80.50729489458448, 17.352290923488223], [80.50731274699827, 17.341563825778778], [80.5049469715946, 17.331362106897203], [80.5044165911675, 17.31975513662225], [80.50420156814488, 17.318575038284784], [80.50278222415238, 17.310784959784336], [80.50279497932148, 17.303223106932464], [80.50285122727794, 17.302577416952992], [80.50372933440137, 17.29249662106406], [80.50466093250772, 17.283352812763113], [80.50576891888787, 17.27825389440477], [80.50870802372425, 17.273860027239987], [80.51267932121198, 17.27241239064032]]]}}, {"type": "Feature", "properties": {"mandal": "Garla", "district": "Khammam", "state": "Telangana"}, "geometry": {"type": "Polygon", "coordinates": [[[80.21516575211648, 17.546608057120476], [80.21515090795442, 17.546555996700874], [80.21443713746736, 17.5438096492157], [80.21434896567271, 17.54336003098712], [80.21362416747483, 17.540457191355575], [80.21346739908721, 17.53956771512046], [80.21286023156877, 17.537593488505845], [80.21213565335617, 17.53573666931228], [80.21200834667309, 17.535335964052777], [80.21149916010914, 17.53391888123067], [80.21116612450903, 17.532491877540775], [80.21051982295748, 17.530566562012506], [80.21027496515165, 17.52961850384716], [80.210509642638, 17.528699374711795], [80.21087130476208, 17.52665591182078], [80.21101789067845, 17.52566842415767], [80.21116444587649, 17.524534298647932], [80.21152632641473, 17.523527081003316], [80.21196646510218, 17.52236338377282], [80.21189773410748, 17.521288092205623], [80.21198548644475, 17.5197532033003], [80.21200477898776, 17.518423664947946], [80.21189692574747, 17.517455941310264], [80.21174008289569, 17.516214532290864], [80.21155380289383, 17.51460166385068], [80.21112278223897, 17.512597962836587], [80.21094630498636, 17.511063294301437], [80.21058379524165, 17.50908886363666], [80.21050533660514, 17.508287305839403], [80.21023094246624, 17.506498544000113], [80.21141456143081, 17.504014483481146], [80.22154900681691, 17.49104137849945], [80.22257089353008, 17.488923730025284], [80.2231883828134, 17.48660636056002], [80.22404992389272, 17.483877241656707], [80.22428622133141, 17.482869135986455], [80.22465210837727, 17.481340773291585], [80.22510166712392, 17.478625333374453], [80.22526168313793, 17.47767254609802], [80.22577231642626, 17.475145681247696], [80.22629818590923, 17.47250829564419], [80.2271370189472, 17.470628963046885], [80.2272056520849, 17.470482196936235], [80.22715986535, 17.470432697111978], [80.22683936289884, 17.47009953422243], [80.22577101989714, 17.468991531216105], [80.2241608937424, 17.467415272888033], [80.223909006085, 17.4668496051391], [80.2231075438182, 17.465044037066807], [80.22300831649208, 17.464826914786286], [80.22216135932341, 17.464357006712103], [80.21999436940621, 17.463152745847314], [80.21764474397571, 17.464174039183554], [80.21541739630463, 17.46618408630892], [80.21378519124005, 17.468443234040837], [80.21229776890779, 17.46987345210442], [80.21178654690726, 17.469612849568154], [80.21133651055672, 17.470064781200673], [80.21081023382531, 17.47076827843924], [80.2087047547793, 17.471823663353934], [80.20729347257176, 17.472525989698212], [80.2064162450753, 17.473229777869776], [80.20431069264463, 17.4739326806722], [80.2038375169473, 17.473195719632418], [80.20283783880197, 17.47209147027467], [80.20104477339824, 17.471298445999103], [80.19947305165317, 17.470945364052714], [80.19778682058823, 17.470262758504322], [80.195658040278, 17.469355694249025], [80.19502434272243, 17.467170830431957], [80.19550467292835, 17.465657615650837], [80.19783094725433, 17.462439520406328], [80.20070669658827, 17.459990713819966], [80.20357488624406, 17.45786581666362], [80.20624443704544, 17.454435946267928], [80.21044791264629, 17.453020619822233], [80.21083704304293, 17.45318224727058], [80.21119564194414, 17.453271499543483], [80.21157712628568, 17.453351205162782], [80.21188230660474, 17.453379531287432], [80.21212645448793, 17.4534193397981], [80.21234769919045, 17.453390576168534], [80.21248502319989, 17.453369504192217], [80.21266047919083, 17.45327980844042], [80.2128969749106, 17.453209116086928], [80.21310296976273, 17.453220376470096], [80.21328608876095, 17.453288815210634], [80.21349211464093, 17.453448690451985], [80.21364472013838, 17.45353811330549], [80.21378208026405, 17.453688518829438], [80.21382769184109, 17.45388700089854], [80.21432408574144, 17.453929706458986], [80.21490511153796, 17.453929223465092], [80.21564754045447, 17.4539608520757], [80.21613166769856, 17.453670245968688], [80.21664806007418, 17.453315123062236], [80.21697074981012, 17.45283118158057], [80.21732570601205, 17.452282723713225], [80.21757346391865, 17.451766721569772], [80.21749708185946, 17.451347616721613], [80.21748176905763, 17.451088507755777], [80.2174969600271, 17.450768403000936], [80.21750453248852, 17.450497842086556], [80.2175349935184, 17.450229168278252], [80.2176798816127, 17.449899429105496], [80.21782477652395, 17.449600175501505], [80.2178857854658, 17.449480089906928], [80.21794678478379, 17.449310466694193], [80.21811459021094, 17.44911979676967], [80.21828240705632, 17.448980569492438], [80.21848073395795, 17.448808926661272], [80.21862567065732, 17.448709730719532], [80.21888503508123, 17.448549468669047], [80.21901472578634, 17.448509349646315], [80.21926648180703, 17.448450075719244], [80.2194953450204, 17.448369862677218], [80.21969369542221, 17.44830872776065], [80.21993015905238, 17.448089420932092], [80.22016663104249, 17.447910125503263], [80.2204793928644, 17.44770980760302], [80.22061670432161, 17.447629670387236], [80.22083030048961, 17.44750945886079], [80.22114307008066, 17.447349152548828], [80.22134142329001, 17.447299449926682], [80.22164660782963, 17.44734873463757], [80.2222111800237, 17.44734826547704], [80.22264729948658, 17.44739543308669], [80.21933739723367, 17.445208204998043], [80.21759498141769, 17.441077882660633], [80.21639695887541, 17.437708223738134], [80.21530764534353, 17.433686089035774], [80.21573736464667, 17.42778420855928], [80.21443278773101, 17.427985349972055], [80.21087762473978, 17.42853703383354], [80.20813117128358, 17.42908042340267], [80.2054990883543, 17.4292921943377], [80.20314164362532, 17.429416093729625], [80.2028212145446, 17.429433507456626], [80.20070793453203, 17.42967533269213], [80.19809879212386, 17.4301366801214], [80.19500143229149, 17.430888040214175], [80.19298734145598, 17.431169793416988], [80.18991282335135, 17.431702024244842], [80.18842518499662, 17.43211099666162], [80.1877309539472, 17.432302104348487], [80.18748682603474, 17.432355655862565], [80.18445811293383, 17.43302693582337], [80.18049867879776, 17.43398287932576], [80.17148763175167, 17.436166202742832], [80.16952525035809, 17.436533330166363], [80.16982376404069, 17.43715014536432], [80.16993578824997, 17.438255069672138], [80.16949892220171, 17.438321528269388], [80.16844575928283, 17.438230109191142], [80.16833535002233, 17.439211682287976], [80.16843896043099, 17.440120690492424], [80.16843690317519, 17.440692751552536], [80.168434902163, 17.441249169611947], [80.16850854438422, 17.441996859467146], [80.16855070795695, 17.443008241310228], [80.16851691548428, 17.443916792636486], [80.16857482869727, 17.44479632714687], [80.16860193459242, 17.445749047160366], [80.16856776741818, 17.44676016895498], [80.16817955876012, 17.448561542800896], [80.16811537120316, 17.449426032419787], [80.16800542871103, 17.450275685488414], [80.16789474577483, 17.45133053704894], [80.16780002393459, 17.45219491518166], [80.16755202727259, 17.45321999190293], [80.16741406733753, 17.45391744927926], [80.16725631433643, 17.454628207684653], [80.1672418484267, 17.454693385309476], [80.16723955970068, 17.45470369662846], [80.16566272230416, 17.45448958905079], [80.1636238326758, 17.45416951278131], [80.16230286057602, 17.454004320776477], [80.16169348068696, 17.453928113203617], [80.16035899892088, 17.453740564149296], [80.15979042322347, 17.45366065397981], [80.15909399332334, 17.45349584480426], [80.15788803227973, 17.453210449485773], [80.15680032077476, 17.45312847032315], [80.15579479462288, 17.4528901108041], [80.1547073682288, 17.45272979409511], [80.15405269672881, 17.45257034752985], [80.15394644107928, 17.452544469466734], [80.15319162411201, 17.45242109805512], [80.15280471477276, 17.452357858275104], [80.15224508306356, 17.452305981708147], [80.151635509699, 17.452249473768116], [80.1512911862788, 17.452204216797313], [80.15041209556583, 17.45208866924667], [80.1499779820278, 17.452119240160847], [80.1497047047577, 17.452138482181184], [80.14929567803799, 17.452054371930984], [80.14918829855661, 17.452032290802453], [80.14821102416576, 17.45150682732652], [80.14775865297305, 17.451266710857382], [80.14736947771577, 17.45106013760683], [80.14628294459999, 17.45066480434222], [80.14557652713205, 17.450453543755962], [80.1448530787259, 17.45025799025261], [80.14459831946809, 17.45018912694459], [80.14367449611245, 17.449924881266774], [80.14262514120134, 17.44945818987142], [80.142018070583, 17.44918819765586], [80.14106764281317, 17.448767209419024], [80.14087011609477, 17.448668990493708], [80.14077753814676, 17.44862295716136], [80.14055850128169, 17.448514041112244], [80.14055025197774, 17.44850993919376], [80.1400631205317, 17.44826771147609], [80.1392482137146, 17.447977717765554], [80.13850561954018, 17.44776301182985], [80.13824292632685, 17.44768705870864], [80.13734584762511, 17.44755342525339], [80.13669828383318, 17.447551184265453], [80.13628506871729, 17.447549753247113], [80.1356136922573, 17.447587695896498], [80.13541449119975, 17.44759895348224], [80.13430442846766, 17.44776451437636], [80.13421704843746, 17.44777754628439], [80.1332938417342, 17.447356616699263], [80.13267004976272, 17.446884526703883], [80.13184548232681, 17.446380727655292], [80.13126609232796, 17.44604430988862], [80.13105374341723, 17.445921010246778], [80.13092640507153, 17.44584707183655], [80.13018224189862, 17.44553610492327], [80.13009896937895, 17.445499326042935], [80.1295240217597, 17.44524538473896], [80.12868602873358, 17.446202634517583], [80.12825661456019, 17.44548409253496], [80.1273282195536, 17.447403783177986], [80.12667790455305, 17.448860272278736], [80.12645094705815, 17.449783331715548], [80.12637383222713, 17.45009697594235], [80.12650821045614, 17.451092065406044], [80.12662013943505, 17.45193236927874], [80.12682767780015, 17.452448579435217], [80.12690573256923, 17.452642722059917], [80.12694275028146, 17.452734796380405], [80.12728780465204, 17.454456636064663], [80.12735974134407, 17.45487246812348], [80.1274826436123, 17.455375875776046], [80.12729725080561, 17.456519590197455], [80.12711803533782, 17.457429865192246], [80.12710934841027, 17.45749936529274], [80.12702739887266, 17.45815491079464], [80.1270941654001, 17.459082931175555], [80.1276320748987, 17.4609066356449], [80.12799807541731, 17.461717616259765], [80.12832842539696, 17.462663418642002], [80.1285885298136, 17.463592118809295], [80.12874409290838, 17.46428427935263], [80.12878951709352, 17.46457016135655], [80.12891574756186, 17.46536447618623], [80.12900908690558, 17.466352608248798], [80.1290395169019, 17.46667469726571], [80.1290847130113, 17.467153153443583], [80.12906316347413, 17.468198933148802], [80.12890120456683, 17.469193615234992], [80.12881271285764, 17.470198882585574], [80.12875424237008, 17.47086310332568], [80.12876765959342, 17.471959612136555], [80.12874648850482, 17.4729041944184], [80.12876866830067, 17.47302990011499], [80.12890135570792, 17.47378190655697], [80.1289680073699, 17.47474364607843], [80.12908733556635, 17.475722443700985], [80.12909074103997, 17.47582034243931], [80.12915072134123, 17.477544482482006], [80.12914700650151, 17.478522848458258], [80.12913411805611, 17.478543971769557], [80.12882862959387, 17.479044650179397], [80.12805293205976, 17.479649209947063], [80.12726020840029, 17.48010189538338], [80.12646679483272, 17.48074010393191], [80.12574419578112, 17.481243629866476], [80.12509158654208, 17.481831740897615], [80.1245827294983, 17.48213912519061], [80.1241754181186, 17.482385172707446], [80.12345567616555, 17.4828473268927], [80.12341772835441, 17.482871692609496], [80.12268209625591, 17.483322718822954], [80.12237819728317, 17.483509040406], [80.1219802945511, 17.48375569096022], [80.12188663735806, 17.483813742964156], [80.12162054459017, 17.48397868408417], [80.12091588866537, 17.484381037012866], [80.12056194954863, 17.48452978654465], [80.12000035905744, 17.4847657750949], [80.1189597180658, 17.48527007351567], [80.11816884447866, 17.485653319466984], [80.11786489985553, 17.48581643150781], [80.11748186104309, 17.486021988550483], [80.11689911853385, 17.48634300273628], [80.11647778448165, 17.48657509220232], [80.11542134505534, 17.48702677536829], [80.11513290530196, 17.487156999421963], [80.11471699192849, 17.487344772470337], [80.11381869435296, 17.48781388633132], [80.11293823347302, 17.48821558934093], [80.111949929919, 17.488647577956968], [80.11117741328673, 17.488985239792935], [80.11076015747093, 17.489181383947475], [80.11050081597911, 17.489303294087943], [80.10991141944282, 17.489580358656685], [80.10957484602423, 17.489738572824233], [80.10890284538682, 17.49009989276355], [80.10876454055591, 17.490174254860857], [80.10772611036893, 17.49050788424674], [80.10737828684384, 17.490633059192806], [80.10670512408313, 17.490875323412478], [80.10577162658284, 17.491344276836408], [80.105031223745, 17.491881387473065], [80.10427372351107, 17.492305320789004], [80.10353376218916, 17.492719413775212], [80.1026701558318, 17.49328981504449], [80.1019476478898, 17.49374264002217], [80.10087370475145, 17.494160460646224], [80.10001476638749, 17.494532187847124], [80.09950290062727, 17.49475370565124], [80.09928890293746, 17.49484631512937], [80.0982668777247, 17.495466734493185], [80.09773818274019, 17.495802165601866], [80.09689193013506, 17.49642322126387], [80.09637005163016, 17.496812081151454], [80.0960809000286, 17.49702753057215], [80.09574190595858, 17.497284415076855], [80.09564749403681, 17.49735596211911], [80.09521694368493, 17.49768224033451], [80.09466931047538, 17.498354972559465], [80.09471101528072, 17.498667630640885], [80.09487416362654, 17.49989075684582], [80.09531076333262, 17.500617688027674], [80.09576392863372, 17.501597712769453], [80.09611177184183, 17.502543625888553], [80.09528333916997, 17.503097250023703], [80.09445462326683, 17.503718355378584], [80.09373233204029, 17.504103685575863], [80.09276317156225, 17.50467365368318], [80.0920582486893, 17.50510965501639], [80.09115927623061, 17.50571361687321], [80.0917313584944, 17.50578545612747], [80.09226624248467, 17.505852621909284], [80.0921781807133, 17.506092146554515], [80.09185747718661, 17.506964437370176], [80.09173874384504, 17.50739071906305], [80.09150075939328, 17.508245126457314], [80.09114574456015, 17.50910410343778], [80.091176718673, 17.510150066670107], [80.09115544892602, 17.511077739828043], [80.09125722660625, 17.512005880949058], [80.0912180239578, 17.513017826850174], [80.0911479899283, 17.51351114911491], [80.09105881302011, 17.514139321704413], [80.09054302852853, 17.514752792377628], [80.09013571331938, 17.51549349889045], [80.0902716456963, 17.516674773955405], [80.09021540475918, 17.51755171968845], [80.09003540719634, 17.518596901725754], [80.0898617658397, 17.51940028821115], [80.08951183344998, 17.519670428730084], [80.08878210861121, 17.519857399835654], [80.08793723111027, 17.520107307410665], [80.08724832060872, 17.520914446210348], [80.08668302914514, 17.521587085539952], [80.08657410844849, 17.521901480835222], [80.08630948072005, 17.522665274308977], [80.08590098651561, 17.52369273517412], [80.0855452354568, 17.524720390843964], [80.08517263029182, 17.525562417636852], [80.08564475635264, 17.526205146692778], [80.0858313592188, 17.52641565716684], [80.08623715193431, 17.52687343928861], [80.08637984542403, 17.527034413770583], [80.08655257963174, 17.52711499584468], [80.08670185930147, 17.527184635452233], [80.08685367042229, 17.52725545612976], [80.08792861649825, 17.526920597019718], [80.08819155963533, 17.52683868557591], [80.08923000794015, 17.526555756447692], [80.0901454555786, 17.526255495839923], [80.0907896204492, 17.526246633755196], [80.09111248940256, 17.526242180912547], [80.09111755504448, 17.526338013465715], [80.09114272736872, 17.52681422161275], [80.09116153985633, 17.527170118775885], [80.09116628250948, 17.527517121243086], [80.09117515027039, 17.528165394537762], [80.09119879808314, 17.52861303614262], [80.09122418270982, 17.52909331698123], [80.09126834042796, 17.529511146785534], [80.09132583917538, 17.53005519004376], [80.09140310048578, 17.5301145722596], [80.09204308272022, 17.530606456560616], [80.09269305293758, 17.531106032070177], [80.09355208405958, 17.53173331063261], [80.09437613671554, 17.532309838618566], [80.09513147668342, 17.532931924354294], [80.09532248333889, 17.533089236098277], [80.09574066596471, 17.53336787534744], [80.09611161304643, 17.533615033949616], [80.09676256846564, 17.534064704315938], [80.09697078562426, 17.534208553400767], [80.09757746084937, 17.53451358028219], [80.09788324757349, 17.5346673158424], [80.09813102764363, 17.534890871404134], [80.09840884503924, 17.535141533070902], [80.09836275746012, 17.53521083998415], [80.09817186580403, 17.535497901094416], [80.09786052875752, 17.53596608581468], [80.09717087787699, 17.5369587949238], [80.09676327513026, 17.537766982364666], [80.09644338228978, 17.538626089482374], [80.09650969165158, 17.539638416299354], [80.09661171383327, 17.540515931224576], [80.09674781708782, 17.541304431467072], [80.09863927269076, 17.541696796785363], [80.09927534754374, 17.541993982287135], [80.09975753973139, 17.542165597638444], [80.10034316165478, 17.542853173029183], [80.10075677327531, 17.544435372280134], [80.10127356578782, 17.545363827062484], [80.10199693821438, 17.546016884689465], [80.10278908952773, 17.546188242989636], [80.10451122185047, 17.546874875814435], [80.1050623883139, 17.547493673337407], [80.10585480821439, 17.548937946185042], [80.10623415533198, 17.551345847611397], [80.10678559842495, 17.553271962854954], [80.1073369184142, 17.554613225930808], [80.10857698944282, 17.55574749820832], [80.10964486117417, 17.5568819144583], [80.11060934100956, 17.557672385150717], [80.11164272239955, 17.558566007783668], [80.1129516868645, 17.559769029446176], [80.1143981928671, 17.55993984455319], [80.11543139857648, 17.56000779250247], [80.11656791781837, 17.560041252307265], [80.1176011025059, 17.560005992096457], [80.11859985428902, 17.560005163153605], [80.11952971993948, 17.55996998846161], [80.12035660146316, 17.561517440610547], [80.12056342180949, 17.562377347041796], [80.12073586076191, 17.563512505259762], [80.12125266001337, 17.564475362978907], [80.12152838219244, 17.565438421220513], [80.12183842713286, 17.565851001052632], [80.1231469983039, 17.56519625615965], [80.12445564253055, 17.564885542302154], [80.12571692695471, 17.564332472422237], [80.1257779551925, 17.564303841904575], [80.126914610508, 17.563742737592566], [80.1296914556732, 17.562612489327346], [80.1333226189235, 17.56067749186323], [80.13332210455128, 17.558242507462204], [80.13370306599917, 17.55584912302713], [80.13371829999257, 17.55573098067665], [80.13387830224796, 17.55472103449819], [80.13417546160754, 17.55289931199074], [80.13441151412837, 17.550734684912815], [80.13476217929652, 17.54938734051556], [80.13450904157017, 17.547962821751405], [80.13536496718262, 17.542090649941198], [80.13560886326125, 17.537319885540494], [80.13664809237612, 17.529673890315866], [80.1378233271863, 17.52170065595456], [80.13646494698114, 17.520021301734253], [80.13632727746564, 17.51840761908576], [80.13650976831356, 17.51550377579375], [80.13707394170237, 17.513617051238928], [80.13738626540571, 17.511347569031663], [80.13834711414452, 17.509216636076413], [80.13864428607877, 17.507452072938918], [80.13793395120204, 17.503645854499908], [80.13679669245855, 17.501350901139546], [80.13685703297574, 17.498066098260036], [80.13860381468342, 17.49645275607654], [80.13993114128294, 17.495592359428926], [80.14075479322662, 17.49408838665646], [80.14083856508425, 17.493371921121472], [80.14215088476719, 17.49370426067776], [80.14430272797767, 17.49543249470585], [80.14537867440183, 17.496414740717416], [80.14590520237897, 17.496900157125594], [80.14685162225386, 17.498696077517366], [80.1473632318283, 17.500793398121854], [80.14760779962009, 17.502820444958694], [80.14827197571574, 17.50481856201885], [80.14874550631677, 17.507236007041733], [80.14823484888858, 17.509646647017004], [80.14754861239174, 17.51156205243914], [80.14690054370716, 17.513580312990413], [80.14669508656712, 17.516118355805617], [80.14627600856635, 17.51865467021342], [80.1463599906959, 17.51893658662106], [80.14636762455135, 17.518957538338373], [80.1470852960913, 17.52138240116861], [80.14765793231093, 17.523439659869627], [80.1480933055239, 17.52580569244627], [80.14939894083753, 17.530611703725697], [80.1495134701092, 17.53103077635215], [80.1495211307759, 17.531179384166684], [80.14954411941748, 17.531653786991424], [80.14962834872712, 17.533107467908497], [80.14943046563447, 17.53537495037717], [80.15271121542042, 17.53598192521596], [80.153458921052, 17.53612039251603], [80.15262021577387, 17.53859799065923], [80.15536726841131, 17.540895418813175], [80.15670264111704, 17.542010820790797], [80.16547645932029, 17.542304575301618], [80.16573152293712, 17.542331566763107], [80.16694132813586, 17.542459593989616], [80.17346456761518, 17.54314199412058], [80.17357901138142, 17.543155236831208], [80.1737087125197, 17.543168466337267], [80.1821694920998, 17.54235168359125], [80.18280271485006, 17.54229018870896], [80.21516575211648, 17.546608057120476]]]}}, {"type": "Feature", "properties": {"mandal": "Gundala", "district": "Khammam", "state": "Telangana"}, "geometry": {"type": "Polygon", "coordinates": [[[80.43368715094435, 18.060517935909782], [80.43333822755797, 18.059777879646283], [80.43297406949577, 18.05962229291259], [80.43287279225191, 18.059652355546042], [80.43350572249184, 18.058241113761824], [80.43467181003622, 18.056901970459506], [80.43573405739602, 18.056012816832357], [80.43703884232205, 18.055238823101813], [80.43805497982879, 18.054741932081296], [80.43840139459087, 18.054591676198662], [80.43937147786536, 18.054752375437737], [80.44093062988308, 18.055431705678597], [80.44224724212107, 18.055984340877245], [80.44309039104132, 18.056595049661286], [80.4439219562597, 18.057044263587642], [80.4445225093449, 18.05726294851035], [80.4450191025254, 18.057354825013533], [80.44531150550434, 18.057264792804624], [80.44611537772583, 18.05673204890251], [80.44668810470563, 18.056199497314545], [80.44728092230068, 18.055626771944503], [80.44817523456348, 18.05505379664328], [80.44871788012416, 18.054842523662327], [80.44957200787715, 18.054339855119164], [80.450418493191, 18.05388203345429], [80.45084896654791, 18.0535824895956], [80.45172843118324, 18.05202972778213], [80.45273889320121, 18.050308564618092], [80.45326281912409, 18.04933577169291], [80.45352483327144, 18.04909246544715], [80.45423611478978, 18.048904883196588], [80.45419827464264, 18.046997597877297], [80.45285050498333, 18.046980017657596], [80.45300009151732, 18.04619452771724], [80.4535239033709, 18.044679459556143], [80.45432840912072, 18.042734076865855], [80.45483356041842, 18.041499511767], [80.4562562221734, 18.041591826553432], [80.45565701438578, 18.040638666356987], [80.45526377374671, 18.039965821877534], [80.45526369139127, 18.03957313945587], [80.45533835782335, 18.038582020881933], [80.45548788540657, 18.0375160429511], [80.45591824002071, 18.036655523320334], [80.45644223345663, 18.036000617004447], [80.45719088177061, 18.035476419298284], [80.45801501664326, 18.03487583720845], [80.45850100896685, 18.034521673597006], [80.45926838091934, 18.03401615883411], [80.4597297256109, 18.033862146885557], [80.45984747316193, 18.030877794598], [80.4696358366966, 18.026803175053693], [80.48187218543296, 18.020978293386896], [80.49472694812454, 18.011060363367445], [80.50390575053466, 18.005228708988927], [80.52713722996212, 18.00117429384508], [80.53814598975661, 17.996513667930568], [80.54487341719545, 17.993600246098367], [80.55649244206131, 17.9889395959748], [80.56138227970389, 17.988362036754157], [80.56749430715061, 17.987786126106503], [80.56993874356056, 17.987789626284954], [80.56872566991994, 17.98194003628855], [80.56568129712709, 17.97491819870059], [80.55898123757888, 17.961458193098235], [80.55593848477915, 17.953851332312425], [80.55045786300728, 17.94273190337801], [80.54436594244842, 17.932196116796703], [80.54315595643419, 17.925176569265773], [80.56700549744536, 17.910007192627603], [80.57758152322062, 17.902569639896463], [80.57895554947406, 17.903432907017272], [80.58180931276308, 17.90533965926851], [80.58480802047364, 17.90718532061047], [80.58812711343052, 17.908811604726562], [80.59055345423447, 17.909857510519554], [80.5933154901001, 17.910926000987534], [80.59523823279923, 17.91167319045182], [80.59781717672237, 17.91279899223709], [80.60020537742945, 17.91387541506792], [80.60080051917012, 17.914137853228056], [80.60357021578095, 17.915362572849084], [80.60664509270659, 17.916619429414464], [80.60975053121355, 17.918091560414783], [80.6130925037875, 17.919683530326694], [80.6139089202897, 17.920067724752524], [80.61600717730666, 17.92100530033822], [80.61824278506603, 17.922051364107396], [80.61831908511068, 17.922085596499052], [80.62143213408362, 17.92346817143242], [80.62520141304527, 17.92537416208023], [80.62899351457881, 17.926969568124978], [80.63148090146197, 17.92807639278069], [80.63383856504099, 17.929061385560765], [80.63766878765125, 17.93053672520723], [80.64138460832383, 17.932193163757177], [80.64357441661453, 17.933130663732094], [80.64554294485492, 17.933925448241208], [80.64751144217763, 17.934573523063452], [80.65101352483485, 17.935669978366768], [80.65348554511449, 17.93626619128368], [80.65622461955243, 17.93699365028197], [80.65829901684191, 17.933297522634835], [80.66101421769397, 17.92931887676921], [80.66215824060184, 17.927538363733724], [80.6644472309414, 17.928485306353018], [80.66459210176792, 17.927631353257958], [80.66515256329893, 17.926545700622807], [80.66557274259628, 17.924935073354426], [80.666448217281, 17.922063850537505], [80.66718384940525, 17.920768015963496], [80.66837504796678, 17.919506808215832], [80.66911079822661, 17.91877107048425], [80.67121315264329, 17.91768413534093], [80.67240451308378, 17.917193060251776], [80.67384115986444, 17.91663176880048], [80.67503250509742, 17.91607068209395], [80.67552298269435, 17.91547517188931], [80.6761884922949, 17.91400436461246], [80.67672461641618, 17.912935636059306], [80.67690090331241, 17.91136634771383], [80.67764821382306, 17.910058833522033], [80.67851997923253, 17.908066654554702], [80.67939167964734, 17.90576331064652], [80.6803258735194, 17.904393408971764], [80.68175835279806, 17.902525229067088], [80.68281714477232, 17.90115522394573], [80.68418746900257, 17.899971657938192], [80.68680349432286, 17.897480164583847], [80.68811148033811, 17.896109951496793], [80.68904568848308, 17.894802283067428], [80.68998006453671, 17.89430364231276], [80.69159968775037, 17.893617732432308], [80.69340619447837, 17.892869435529235], [80.69687435831399, 17.89129784653756], [80.69867250256247, 17.890577793305212], [80.70047063403773, 17.88979785892921], [80.7022090102591, 17.889916172949317], [80.70384252312921, 17.890214213793836], [80.70579050947201, 17.889419185292965], [80.70718404322638, 17.888729408243766], [80.7105247002897, 17.88661504853539], [80.71191886897691, 17.88546201659954], [80.71289189279469, 17.885133438796124], [80.71533918166477, 17.885242763079482], [80.71633963782317, 17.885278700824276], [80.717283985601, 17.88644557271839], [80.71806347819012, 17.88755270237932], [80.71924757733062, 17.88861458450471], [80.7201018321266, 17.888928243987085], [80.72231980024459, 17.8892707079993], [80.7226580048491, 17.889295686385022], [80.72392330388145, 17.889389134216106], [80.72635189265083, 17.889310009870396], [80.72846526359888, 17.888842334329144], [80.73060667181903, 17.88799136776542], [80.73285463279157, 17.88843859725954], [80.73502766814926, 17.88890085891654], [80.73643643175858, 17.889378726316973], [80.73573171894074, 17.887552975486184], [80.73484719454369, 17.885817194636317], [80.73385769200223, 17.883707251873414], [80.73226486928772, 17.880130199945402], [80.73171458527318, 17.880010652055002], [80.73045110152394, 17.87936613207485], [80.72986183501155, 17.878399143494352], [80.72977822684204, 17.8771903057563], [80.72927141289281, 17.87086524700331], [80.72877631118145, 17.86827481700832], [80.72749861199217, 17.867626645625542], [80.7225928570072, 17.865978070219775], [80.72053144860011, 17.865140604631733], [80.72047449299227, 17.863336164859245], [80.72037927123313, 17.8631208389391], [80.71930316350134, 17.8613212122141], [80.71593863535367, 17.861306863395907], [80.71424486320254, 17.860990085224817], [80.71316908836607, 17.860787110769703], [80.71084206618359, 17.860390836612982], [80.70875921895896, 17.860171552033886], [80.70744652322884, 17.857996776250424], [80.70561511388729, 17.856201589345233], [80.70324204672177, 17.85451354949861], [80.70141073510906, 17.853187069836867], [80.69898443362104, 17.85232026492795], [80.69682513025253, 17.85132367713105], [80.69558113961041, 17.84934699644093], [80.6940395473154, 17.847090482102857], [80.69157492321446, 17.845383465628814], [80.68962170903602, 17.844853508440394], [80.68762275540833, 17.84449887691587], [80.68705815063022, 17.844325963497], [80.6834950382647, 17.84325242503791], [80.68137386904803, 17.842194834457754], [80.67995446675187, 17.84051933949455], [80.67829850108255, 17.838583013159344], [80.6774896173562, 17.837735821631142], [80.67647471647338, 17.836853886021295], [80.67400971420139, 17.837215399889907], [80.67240620006446, 17.83705206446912], [80.67029315355319, 17.83681430158033], [80.66901934866527, 17.83675548191168], [80.66759575464773, 17.837026125079657], [80.66672671252674, 17.837670556636855], [80.66600755163134, 17.838419652213346], [80.66561806155461, 17.839093625251994], [80.66534848969545, 17.839917197028846], [80.66498908447075, 17.841130063693537], [80.6644798745594, 17.84259754350738], [80.66406045364694, 17.84346615029657], [80.66277193223955, 17.844694759236617], [80.66170813530609, 17.84562378193812], [80.6604196832105, 17.84718172958583], [80.66040483475773, 17.847840420462223], [80.65992558449804, 17.8492479960019], [80.65875682405465, 17.849877706703655], [80.65784264985862, 17.849683857620004], [80.65659875989334, 17.84935555241742], [80.65475532862459, 17.848503796941596], [80.65309187430597, 17.848355480661134], [80.6515183411307, 17.84823702944516], [80.65042433404997, 17.848028360322495], [80.64882083192356, 17.847924903406884], [80.64877616611344, 17.84931714724135], [80.64849184940697, 17.851293419598502], [80.64819258524756, 17.853449343194217], [80.6478031954791, 17.8546023540353], [80.64543545914873, 17.854694143303895], [80.6432325751107, 17.854830704013956], [80.64108963786948, 17.854982185998683], [80.63842217598449, 17.855029313911132], [80.63881222713846, 17.85703496422948], [80.63923215809734, 17.85860646140989], [80.63941233232038, 17.860253007721997], [80.63840817805486, 17.85974486378044], [80.63568042131512, 17.85811540615687], [80.63422663344765, 17.857323206756323], [80.63164878748292, 17.855948113490324], [80.63004516316082, 17.855260828052707], [80.62847144163979, 17.854244179268733], [80.62598385239937, 17.854500736977585], [80.62381093062615, 17.85459236261972], [80.62148818566232, 17.854848783191468], [80.61780171696434, 17.855031487754207], [80.6159135318276, 17.85515281768406], [80.61249681415612, 17.855365237657736], [80.61018963548037, 17.855529995269585], [80.60973946800766, 17.855562139105782], [80.60903514814993, 17.855622604359766], [80.60767510146871, 17.85484938468812], [80.60659387865364, 17.85428525750597], [80.60406826136719, 17.852789781546768], [80.60231326322426, 17.85156993453015], [80.60008517989465, 17.850024672975827], [80.59758249491742, 17.8487387621218], [80.5950721660603, 17.847382361172823], [80.59249315169441, 17.84592312975405], [80.58991414818144, 17.8445191534853], [80.58781581791825, 17.8432405272003], [80.58549622848182, 17.841914452744284], [80.58369505004096, 17.838770279130213], [80.58371023578775, 17.838421593856825], [80.58377849710573, 17.836500982197016], [80.58301500651828, 17.83383608399223], [80.58200743631338, 17.83144766039866], [80.58121342414974, 17.828761829136273], [80.58044975827998, 17.82525859453178], [80.57980083011488, 17.823178532583185], [80.57967090381095, 17.822090706561667], [80.5795590968771, 17.821160711157184], [80.57955249908954, 17.821105828679404], [80.57922107470617, 17.820752408050033], [80.57876616787402, 17.82069803822273], [80.57797722153464, 17.820603742083474], [80.57616391170336, 17.820470519774847], [80.57426066359912, 17.820232582560216], [80.57253724276633, 17.819979526035997], [80.57109866808516, 17.820280121324057], [80.56880584689154, 17.82031196667812], [80.56729224853699, 17.82016352530041], [80.56407035710996, 17.820435663231915], [80.56149281045239, 17.8204976851934], [80.55882528660354, 17.82026038364379], [80.55723676959526, 17.82015691423514], [80.55630753607805, 17.81961876770191], [80.55530337115312, 17.81906571386404], [80.55429921487452, 17.81855756967419], [80.55224589543444, 17.817301800484657], [80.55173628127123, 17.816838154721662], [80.55074704198039, 17.816000659756224], [80.5495179416267, 17.814744204883777], [80.54827385619646, 17.813487762490652], [80.54713468967725, 17.812321051913457], [80.5461304455365, 17.811393749565706], [80.54463150347293, 17.809673449578714], [80.5441518855032, 17.809329539175344], [80.54364220746959, 17.808566495292293], [80.54274290496662, 17.8078337148366], [80.54199343841807, 17.80699601961062], [80.54122891764258, 17.80582899867597], [80.54031459759494, 17.80494653093351], [80.53965504910674, 17.80412373181964], [80.53799120974158, 17.802149079454768], [80.53728669738229, 17.80129637797347], [80.53670208794064, 17.800518426040284], [80.53524810543976, 17.798813058958817], [80.5342737894481, 17.797676152149947], [80.53374913541722, 17.796958030357093], [80.53364386671079, 17.795206632494686], [80.53353864897639, 17.79369475376532], [80.53365812702305, 17.791748560702338], [80.53362798872739, 17.79095517742357], [80.53367271680015, 17.789862333847214], [80.5335825984429, 17.788889360809588], [80.53346228479953, 17.786853546992617], [80.53343207082281, 17.785700885281106], [80.53359656000508, 17.78400914298317], [80.5334315562049, 17.783245812144816], [80.53341636946824, 17.782287747379204], [80.53338620854123, 17.781389575619873], [80.53320605546621, 17.779847819615906], [80.53305600954037, 17.77894974675262], [80.53299589607497, 17.778141418845145], [80.53284572111296, 17.776629577901957], [80.53268074508944, 17.776000976683715], [80.53254565024633, 17.774938222342154], [80.53209578686044, 17.77356135974992], [80.532095632353, 17.77282783179514], [80.53200555136324, 17.77203449905333], [80.53169057547785, 17.770732374673482], [80.5315255279824, 17.769759464164544], [80.53128552874881, 17.76868182652288], [80.53100055639518, 17.76752937723663], [80.53082051262187, 17.766511569600027], [80.53055060793862, 17.765748325728335], [80.5304755068876, 17.76492504074841], [80.53022048040542, 17.76365280646288], [80.53001051591696, 17.762874543176324], [80.52986047894501, 17.76202137997376], [80.52965053596941, 17.761347906414017], [80.52955398516289, 17.760043509450536], [80.5294538542591, 17.75989783460881], [80.52930854829339, 17.759686437502687], [80.52939307670381, 17.75941598041079], [80.52809083428761, 17.759835344777613], [80.52746024910958, 17.76074602529366], [80.52700490887284, 17.761796583756478], [80.52658456075206, 17.762602071958945], [80.52535843458728, 17.76442340404642], [80.52465768246746, 17.764949076532506], [80.52413213180499, 17.765404591224105], [80.52367663091914, 17.76568501770077], [80.52311597033787, 17.765825508326966], [80.52262536718985, 17.765825915631115], [80.52163591643125, 17.76564107373119], [80.52054547826191, 17.765262408308455], [80.51990106111485, 17.764718342055534], [80.51984320088313, 17.764536856287606], [80.51935571009433, 17.76390189173575], [80.51877724462304, 17.76273065293218], [80.51809958209891, 17.761212931172082], [80.5178763981468, 17.760470477317426], [80.5174302018578, 17.759802472467737], [80.51701708718554, 17.759324225846267], [80.51665355692802, 17.758953208401316], [80.51563747010577, 17.758615739328416], [80.5146131568521, 17.758443308743942], [80.51333279334244, 17.758353605436827], [80.51295281287467, 17.75832091515099], [80.51243106669997, 17.758119976350564], [80.51202115848852, 17.756829754231546], [80.51154819715157, 17.755382197562472], [80.51104383738435, 17.75446977877805], [80.5102874266056, 17.753714955774743], [80.50883793002339, 17.753653206798038], [80.50827077399745, 17.753811063411515], [80.50760911245155, 17.75409490775213], [80.50647480655394, 17.754442099956208], [80.50489936726561, 17.754852612022177], [80.50322934973836, 17.755042863800373], [80.50187439073024, 17.755012512177807], [80.50070832978776, 17.754195075526837], [80.49969988090463, 17.753660802051503], [80.49894359573096, 17.753504044465345], [80.49832667128838, 17.75317595292716], [80.49786792043552, 17.752578760770895], [80.49744902254716, 17.751852059502], [80.49714987655115, 17.75165311681162], [80.49621266623157, 17.751564259817417], [80.49577399927472, 17.75165426060225], [80.4956843665963, 17.7521224349555], [80.4957248076271, 17.754791566430832], [80.49581494007256, 17.756703729027475], [80.49576567699701, 17.759502408760344], [80.49584562826387, 17.76040866308625], [80.49584588831335, 17.76164365003239], [80.49585671523806, 17.765727064711996], [80.4958569576638, 17.76688237428638], [80.49332453794969, 17.766844641280446], [80.48933650572869, 17.766927631722858], [80.48671436877179, 17.766959689257042], [80.48256681408196, 17.767042813002174], [80.47924676287454, 17.767045571765074], [80.47544052499187, 17.7670661856148], [80.47341797609639, 17.765740978599222], [80.47059348223769, 17.76441569034368], [80.46644001553507, 17.763423415898533], [80.4637816169698, 17.76193203511118], [80.4607903123132, 17.757370775529974], [80.45726274891818, 17.752814541072336], [80.45716389323718, 17.7524762914727], [80.45676864395865, 17.751955024684026], [80.45607699101139, 17.751194352573805], [80.45513123924, 17.750053267666015], [80.45319751802013, 17.74833502011792], [80.4521389079359, 17.74737729279556], [80.4507557046287, 17.746349348256455], [80.44962654635926, 17.74544806800756], [80.44798932701426, 17.744434432532657], [80.44560406915431, 17.742956211749128], [80.4445878576592, 17.742294489914602], [80.44314824714301, 17.741463952699174], [80.44218853393946, 17.741041835011558], [80.44052311463896, 17.74014100051156], [80.43812375572249, 17.738719180671488], [80.43579500179443, 17.737508759339637], [80.43462363104443, 17.737199594885492], [80.43295833935886, 17.73690493809897], [80.43064384534217, 17.736399362999506], [80.42881209279423, 17.736042682423474], [80.42797654519364, 17.735879984066706], [80.42608545091093, 17.735543223732524], [80.42406732269372, 17.73509379082551], [80.42289597907204, 17.734911501393388], [80.42224696951, 17.735616898918437], [80.42079383710013, 17.737591708722572], [80.41998967417335, 17.738677859053983], [80.41970752968919, 17.739143299594186], [80.41907264457667, 17.739905074637303], [80.41791612400569, 17.743106091879678], [80.41729551092357, 17.744629101191038], [80.41670312864628, 17.746180281235908], [80.41602606060404, 17.747675143988204], [80.41533495863595, 17.749536543888986], [80.41520808347794, 17.750171021370463], [80.41485529786213, 17.750255897667824], [80.41427673343699, 17.75041144730421], [80.413909979345, 17.75117299848086], [80.41309193001858, 17.753330544400935], [80.41168934143792, 17.753650506719097], [80.40737858804725, 17.752781454710565], [80.39858917625176, 17.750771031586265], [80.39622396951607, 17.750231887970635], [80.39498028363799, 17.74973182465036], [80.38565714546714, 17.749278483571015], [80.37985900198547, 17.749982548393884], [80.37792911814816, 17.751584612491683], [80.37650256977811, 17.752231697791334], [80.37589228191503, 17.752510379875186], [80.37539642184694, 17.75273371361], [80.3744810090195, 17.75324128673199], [80.37244421658262, 17.754374732713302], [80.36911816480907, 17.75597795648392], [80.3659602047823, 17.758747090544258], [80.36301580441686, 17.761224535052573], [80.35957553002773, 17.763854816085992], [80.35695923354099, 17.766533949886302], [80.35217644039483, 17.770323774653924], [80.34951436481602, 17.77298389410391], [80.34638660927224, 17.77427067046208], [80.34192383679508, 17.77610728476428], [80.33717092794316, 17.77689050331362], [80.33323428444177, 17.777331993962704], [80.33054878709386, 17.777465689358245], [80.32755810813376, 17.77755772180911], [80.32416297531921, 17.777181383777798], [80.32117224535106, 17.77703525320563], [80.31773147334538, 17.777306758417573], [80.31547319425495, 17.777327685895397], [80.31507646720335, 17.7773184891412], [80.31273424876167, 17.777259463565635], [80.31030814617748, 17.777381512412035], [80.30919427277263, 17.777424353511435], [80.30396822104377, 17.777626844100073], [80.30045111043805, 17.777688828383514], [80.29565222233934, 17.777513712383126], [80.29351609571036, 17.77793084381733], [80.29060926601537, 17.777677944505303], [80.28740495390919, 17.777720615812186], [80.28407855359853, 17.7776738393351], [80.28143115293955, 17.777575055251564], [80.27779201060616, 17.777818144725426], [80.27556444298031, 17.778759311165373], [80.27342086989161, 17.780039553257808], [80.27217751227666, 17.78110184297271], [80.27102549134527, 17.781140905825534], [80.26677602374212, 17.78148738817155], [80.26389206247124, 17.78114682601063], [80.26168671883057, 17.778946117111406], [80.25891735939588, 17.7773175559935], [80.2578567830396, 17.77635016591707], [80.25628097987197, 17.776978910255647], [80.25522050981796, 17.777425567137147], [80.25521105212988, 17.777433820933247], [80.25473078113372, 17.77782077530601], [80.2539555902808, 17.778242197734777], [80.25336598367218, 17.778240482993095], [80.25346460926436, 17.779043882654232], [80.25361071351134, 17.780234026446642], [80.25391077767691, 17.78210659652947], [80.25430529096808, 17.783889235872888], [80.25462910691913, 17.785694216476507], [80.25474431257886, 17.786483825440083], [80.25528105250486, 17.787951175666], [80.25594874556796, 17.78888893992423], [80.25659854493087, 17.789391957680742], [80.25666514838834, 17.789443515435632], [80.25666123433176, 17.78946524490824], [80.25648858445524, 17.790423800061678], [80.25609459935391, 17.791223363326225], [80.25559556788102, 17.792710244100462], [80.25543243855209, 17.79302038877656], [80.25499107950569, 17.793859508587925], [80.25490658477611, 17.79471523272974], [80.2541947708647, 17.79649466208396], [80.25388610945271, 17.79732812621975], [80.25421351340592, 17.798005594233636], [80.25465798277763, 17.79888635331784], [80.25496094350801, 17.79985689149695], [80.25496967853277, 17.80057383632013], [80.25497964076827, 17.801390376635453], [80.25484278489716, 17.80184399996525], [80.25464656772007, 17.802494380384136], [80.2542436142855, 17.803372676070534], [80.25379305920588, 17.804408672239326], [80.25362541000875, 17.80531020582786], [80.25331444184945, 17.80645587642709], [80.25317284471686, 17.806977613677173], [80.2527085268014, 17.80833086488632], [80.25253129079653, 17.80884741932583], [80.2519369580748, 17.810672246791878], [80.2514372765229, 17.812339508521365], [80.25125227658789, 17.812963998401735], [80.25088994679734, 17.81418704155265], [80.25069844457319, 17.81517868392942], [80.25032859403136, 17.81653248623728], [80.25015057617422, 17.817184044900177], [80.24983978445124, 17.81867145794353], [80.24873279146135, 17.821065832364617], [80.24829887557605, 17.82200435265136], [80.24842892605753, 17.82221500326268], [80.24851818433525, 17.822359580735508], [80.24932003224787, 17.823658320573408], [80.24954023026501, 17.824014957452775], [80.24969931646166, 17.824213179191776], [80.24970598849922, 17.824221493287066], [80.25050168103334, 17.82521291880674], [80.25118071264774, 17.826090270270896], [80.25171378427984, 17.826696053112858], [80.25238197501027, 17.827424714534917], [80.25292670795405, 17.8281361123046], [80.25350705953136, 17.828746207816025], [80.25360891064791, 17.828868908949644], [80.25421018269083, 17.829593249406173], [80.2544143854035, 17.829833810247518], [80.25484302770812, 17.830338695632886], [80.25559920105829, 17.831152101011913], [80.25637623100074, 17.83231886380984], [80.25667049016818, 17.83276072502107], [80.25733882274066, 17.833455558644776], [80.25784840830877, 17.83413304323556], [80.25839275920939, 17.834979621499553], [80.25879546728332, 17.83597789789334], [80.25912818452619, 17.8367900612153], [80.25947891962775, 17.837483962851074], [80.25998767475853, 17.838431838215616], [80.26033794455022, 17.839277852560617], [80.26079461658169, 17.839955169237793], [80.26128626870468, 17.840733990359503], [80.2617603279766, 17.841495855023034], [80.26226926302677, 17.84239302152263], [80.26279615032583, 17.843188838081854], [80.2632171277473, 17.844001249757646], [80.26365570029405, 17.84483058877025], [80.26398782055594, 17.845845546593452], [80.26430314126534, 17.846590050399012], [80.26439022060086, 17.846814454890335], [80.26439810850832, 17.846811080086404], [80.26476249737831, 17.847570025589775], [80.2649291704694, 17.84801310899069], [80.26530034580338, 17.848999767974377], [80.26603112263655, 17.85067119036269], [80.26653174754338, 17.851618570176402], [80.26685783455132, 17.852639653234693], [80.26696801561268, 17.853331395916378], [80.26699084065845, 17.853474695469156], [80.26704645729716, 17.854272422257484], [80.26708180302415, 17.855366854964032], [80.26704030184428, 17.8562570529073], [80.26674408401466, 17.858092476072635], [80.26670269307672, 17.858945556407786], [80.26660291979606, 17.859891236307572], [80.26646423381679, 17.86089244011505], [80.26712001069382, 17.861784601117197], [80.26791858799396, 17.86275218444302], [80.26839358704923, 17.863327714860844], [80.26894808079936, 17.86399140971748], [80.26966725586324, 17.86485226573039], [80.27024125495744, 17.865512260169996], [80.2702655762968, 17.865540225182112], [80.27136489430721, 17.8670828227748], [80.27248352683353, 17.868644015410286], [80.2730043416923, 17.869350297525493], [80.27313764741254, 17.870092598992173], [80.27292037548156, 17.87146452149093], [80.27286818746371, 17.87212306970568], [80.27277930487162, 17.87324473940075], [80.27293085975, 17.87435804099501], [80.27319873428182, 17.875434566737407], [80.27373689233085, 17.87680863010061], [80.2744509855571, 17.877663838684622], [80.27466684358758, 17.87789362737089], [80.27518466728482, 17.87844490536747], [80.27570642723671, 17.878854416878916], [80.27649916137239, 17.879338894303064], [80.27723364955095, 17.87986027563176], [80.27734564247625, 17.88125168524651], [80.27733806328868, 17.883737076589316], [80.27742636748243, 17.88653804094203], [80.27747900686158, 17.888337319375577], [80.27745211189345, 17.88921781822462], [80.27741443904515, 17.890451580690254], [80.27742579991204, 17.89264710544249], [80.27743882484666, 17.895162762731605], [80.27741769423012, 17.896248805233615], [80.27736989900319, 17.89870517990094], [80.27747159141349, 17.900411018343615], [80.27753576767601, 17.901487785761557], [80.27764404455229, 17.904103298251748], [80.27789130808463, 17.905606343562813], [80.27798671331055, 17.906088844246135], [80.27754984127571, 17.906428607687438], [80.27748486044277, 17.906479144802162], [80.27640884236314, 17.907315960765857], [80.27618067939058, 17.907493400868386], [80.2760180015717, 17.90761885459462], [80.2750543634713, 17.908361985108428], [80.27419970713122, 17.90908292946207], [80.27381095827117, 17.909644739733732], [80.27377586663243, 17.90969545278221], [80.27318776361903, 17.910545349076905], [80.27317496247124, 17.9107103362462], [80.27306674359798, 17.912102990791418], [80.27296724817822, 17.912186715128534], [80.2724315492633, 17.91263749908275], [80.27122142647681, 17.91365578584152], [80.27087690926288, 17.913999270801735], [80.27079968488796, 17.914076263464203], [80.270157301029, 17.914716717232235], [80.26999708071872, 17.91487644494213], [80.26999322455342, 17.91502008192428], [80.26998146159382, 17.91545830191933], [80.2699532865663, 17.916508497142935], [80.26988139244216, 17.91734594312031], [80.2698477898318, 17.91773746382882], [80.26979250630886, 17.918381339641712], [80.2696691265809, 17.918786320368636], [80.2694989141351, 17.91934497123983], [80.26930962075637, 17.919965337302276], [80.26899001381223, 17.92101280179258], [80.26861959373868, 17.921753636618305], [80.26822589150521, 17.92375563740823], [80.26803132475982, 17.924545924338357], [80.26783344187699, 17.92534959385068], [80.2677331238437, 17.92646215872411], [80.26794108431088, 17.92813199622907], [80.26840109665473, 17.929746933025154], [80.26872628951489, 17.931101794272852], [80.26935944072822, 17.933125246207254], [80.2695399037587, 17.93742871511282], [80.26993392540987, 17.941602938628158], [80.27027372486263, 17.944515811221464], [80.27032880828666, 17.945498961194424], [80.2701130974341, 17.946332976376187], [80.26981990345013, 17.94714821669193], [80.26939097010954, 17.94800015463956], [80.2687869921424, 17.9490556344876], [80.26857264394037, 17.9494445214789], [80.26897594946823, 17.950614131162276], [80.26930312180333, 17.951646088331344], [80.26941734869085, 17.952006403907067], [80.27003233758663, 17.953658832921565], [80.2702904333929, 17.954315942740294], [80.27045533779001, 17.954735745147644], [80.2706961988845, 17.955362438271337], [80.27139731857467, 17.95718662035407], [80.27176236970489, 17.958207722115805], [80.27222384912623, 17.959377482393943], [80.27247251473224, 17.96010858645049], [80.27268476757551, 17.960732714124692], [80.27327955699975, 17.961776303129287], [80.27418824454384, 17.963370604842602], [80.27490105119351, 17.964745081549335], [80.27530495117387, 17.96574774831829], [80.2767255835579, 17.965591037583284], [80.27850420398836, 17.96539482309376], [80.27924028218617, 17.965313612492857], [80.28145114165707, 17.965118941374907], [80.28230302907929, 17.965043924588947], [80.28526198672843, 17.964785533418578], [80.28827342946572, 17.96452252387892], [80.29053023279505, 17.96422996932589], [80.29135592092624, 17.964122932217162], [80.29292616176113, 17.96394174163361], [80.29323215277408, 17.96389938460407], [80.29410879057286, 17.963778032803216], [80.2943621893737, 17.963985619319168], [80.29501739715737, 17.964522368422823], [80.29555157074266, 17.964874658207318], [80.2964293386497, 17.96545354536451], [80.29646285399953, 17.965476777486927], [80.29884683032203, 17.967129292067316], [80.29945544114616, 17.967600991036196], [80.29990168787735, 17.96794684769793], [80.3003356593887, 17.968283204081814], [80.30194085217305, 17.96941886648579], [80.30358464880847, 17.970610246131056], [80.30524780986421, 17.971820232925182], [80.306497712391, 17.972711839874425], [80.30741388129113, 17.973365382905726], [80.30841889776006, 17.974099226112166], [80.30909639963102, 17.97459391554909], [80.31037712200198, 17.97550135016987], [80.31048893662712, 17.975580574352232], [80.31050950462662, 17.977568665565755], [80.3105192537977, 17.97851103917586], [80.31066772274704, 17.980039382920765], [80.31068737898585, 17.980241717260505], [80.31068865783689, 17.98025488402305], [80.31069171329781, 17.980271726432722], [80.31097482228581, 17.981832102504956], [80.31153993125194, 17.98338267148866], [80.31170554037716, 17.98383707187376], [80.3125543070508, 17.985230310765594], [80.3137519544595, 17.986624444475865], [80.31483352713347, 17.987944094433693], [80.31503091257943, 17.988058120292393], [80.31512378417186, 17.988111770586062], [80.31529265455542, 17.990059602068094], [80.31536030570922, 17.990756993036502], [80.31553740275315, 17.992582582769217], [80.31566920478062, 17.993936831613073], [80.31578275487175, 17.994901544584422], [80.31587822886023, 17.995402552309837], [80.31598851314617, 17.99563446765541], [80.31598533446756, 17.99563804620574], [80.31600925819784, 17.995707348265967], [80.31605144847123, 17.995829567129082], [80.31682595152354, 17.99610978150381], [80.31775549935116, 17.996390415954362], [80.31887867725669, 17.996745725729546], [80.31963363020323, 17.99708152307366], [80.32056267587225, 17.997547590812214], [80.32127825268658, 17.99810583213669], [80.32201289119156, 17.99877540468838], [80.32272816375718, 17.999444929846852], [80.32335346531119, 18.000080386626525], [80.32410041226555, 18.000839456040165], [80.32489457555556, 18.001279827907172], [80.32817885146012, 18.00310093961906], [80.32971241967368, 18.004461095755584], [80.33001321225133, 18.004750439875014], [80.33199928113956, 18.00666088454524], [80.33276157687516, 18.00739414195423], [80.33432258772812, 18.0082623803882], [80.33498149772515, 18.008696190488813], [80.33595014979132, 18.00929064236051], [80.33655948185314, 18.009664579325477], [80.33737470112148, 18.010164860958305], [80.338449989402, 18.010799154989822], [80.3402374495729, 18.0119121388843], [80.34023747883313, 18.011912148900716], [80.34080850394302, 18.012267697943706], [80.3416407932577, 18.012834886359684], [80.34261215406107, 18.01336917252175], [80.34353957412328, 18.017294006217597], [80.3440375919858, 18.01951614069599], [80.34347292071904, 18.019582258619348], [80.34400114993491, 18.019520423471757], [80.34413205441432, 18.019937618134136], [80.34474521082258, 18.02281050184162], [80.3455991534134, 18.025948012724154], [80.34655598888195, 18.02931679342729], [80.3467687580934, 18.030326027740717], [80.34695707300943, 18.03121923810361], [80.3475097512656, 18.03384069449299], [80.34778147112416, 18.035425553460456], [80.34819403953722, 18.035954633901387], [80.34881298078223, 18.036715245333017], [80.34943201541662, 18.037442851746572], [80.35022355117938, 18.038170880076002], [80.35099490887566, 18.038857646873268], [80.35115283212241, 18.03899824971774], [80.35147965991565, 18.0392928761761], [80.35170349769133, 18.039494658969453], [80.35228946353683, 18.03969411123661], [80.35236638859963, 18.04005192420836], [80.35236755161685, 18.040053042486132], [80.35243498330449, 18.04035890921144], [80.35243344141435, 18.04036379745864], [80.35245984763608, 18.040486621457912], [80.35270011544226, 18.040949260057275], [80.35293153821267, 18.04110924003777], [80.35371285282262, 18.041649347399293], [80.35380208882408, 18.041711033978217], [80.35435128351534, 18.042768489523368], [80.35553124471252, 18.043958814422403], [80.35645020285158, 18.044885827584782], [80.35717692215464, 18.045653447208775], [80.35849599950258, 18.047046737121814], [80.35889295739938, 18.047466022533275], [80.36029055780871, 18.0485858451871], [80.36033896139348, 18.048624627469632], [80.36226541419987, 18.050774488036343], [80.3626213805197, 18.051101385850963], [80.36457151467647, 18.052892231367537], [80.36586326459272, 18.054134037602875], [80.36687740809667, 18.05510895347963], [80.3676230835864, 18.055788057410325], [80.37014747703272, 18.058087002018443], [80.37121069095136, 18.059048015298867], [80.37166249998157, 18.059456394960144], [80.37245383360286, 18.060171648845667], [80.37383058492779, 18.061495010850848], [80.37512980883884, 18.062771273516244], [80.37559334443208, 18.06322661288122], [80.37568761189029, 18.063319212943213], [80.37660359537726, 18.064218985257934], [80.3769625988003, 18.064571630934104], [80.37756272300614, 18.06516768233231], [80.37902765436813, 18.066622628157457], [80.38298331925624, 18.070574129118516], [80.38339877660395, 18.070989134903808], [80.38615243221294, 18.07370169441669], [80.38672785984159, 18.074276297247845], [80.38769556726467, 18.075242609720586], [80.38833271872531, 18.07587883043122], [80.38875495554076, 18.076300448136376], [80.38967614264487, 18.077220277391742], [80.39055829534112, 18.078101119968963], [80.39232601989927, 18.079621448371206], [80.3923143071739, 18.07966946854697], [80.39252077076172, 18.079887711558186], [80.39324456172601, 18.080583218467204], [80.39331256188528, 18.080648561368957], [80.39355197174838, 18.08053128544551], [80.39413098676269, 18.080247650416432], [80.39445266535348, 18.08009007370588], [80.39528187476422, 18.079662896232218], [80.39690586988539, 18.078775450440336], [80.3983917419904, 18.077920686463404], [80.39942821846749, 18.07739494817064], [80.40108667753374, 18.07650754237989], [80.40246907546113, 18.07561951840683], [80.40392007191767, 18.07489664997554], [80.40571879795131, 18.073963380621166], [80.40696037690275, 18.073319172453367], [80.40747875261164, 18.072990277289353], [80.411728396221, 18.07068930129255], [80.416168720729, 18.068365441586117], [80.41654258085813, 18.068126249491428], [80.41794353471445, 18.067408071885946], [80.4204025304161, 18.066005594915953], [80.42233490751588, 18.06490343636836], [80.42311873312599, 18.064496641992264], [80.4238549143383, 18.06411457085697], [80.42585479654117, 18.06315621992282], [80.42692405161576, 18.0625225955162], [80.42734404364835, 18.06227371267057], [80.42831134839457, 18.061747683823217], [80.42979657796015, 18.06105770869177], [80.4310602064364, 18.06025772065667], [80.43113675299963, 18.06020925918521], [80.4320526259058, 18.05962942120037], [80.43229062787405, 18.059825161337464], [80.433295071699, 18.06065123691712], [80.43344096344349, 18.0607712206941], [80.4336336611754, 18.060572967528174], [80.43368715094435, 18.060517935909782]]]}}, {"type": "Feature", "properties": {"mandal": "Julurpad", "district": "Khammam", "state": "Telangana"}, "geometry": {"type": "Polygon", "coordinates": [[[80.56741390694798, 17.425015493161585], [80.56721166959099, 17.42496972427821], [80.5646011018804, 17.42312170887332], [80.56539126509506, 17.42055814792533], [80.56494937085708, 17.416168577554647], [80.56435291107623, 17.410243294181118], [80.56661981272768, 17.401398251994866], [80.56864740785916, 17.393486217734665], [80.56892328630657, 17.38621139470529], [80.56560630088426, 17.380184919446606], [80.56189139651967, 17.373434965890823], [80.55859989065402, 17.367453865420845], [80.55842175455733, 17.363760839556857], [80.56136975692203, 17.35303568204607], [80.56413220312359, 17.34371715422551], [80.56634379499673, 17.33492578208921], [80.56708294111202, 17.330529850862778], [80.56800676803738, 17.325078885741366], [80.56966389077687, 17.31945248852643], [80.57049024260769, 17.316768903641805], [80.57024543565363, 17.316690425002502], [80.56681154778181, 17.314841855098923], [80.56677223640523, 17.31481486281569], [80.56376219611069, 17.31274802188143], [80.55623779726717, 17.307581019296528], [80.54552990204675, 17.298604925996322], [80.52905615623429, 17.286062648319252], [80.52219301258259, 17.280649453427458], [80.51267932121198, 17.27241239064032], [80.50870802372425, 17.273860027239987], [80.50576891888787, 17.27825389440477], [80.50466093250772, 17.283352812763113], [80.50372933440137, 17.29249662106406], [80.50285122727794, 17.302577416952992], [80.50279497932148, 17.303223106932464], [80.50278222415238, 17.310784959784336], [80.50420156814488, 17.318575038284784], [80.5044165911675, 17.31975513662225], [80.5049469715946, 17.331362106897203], [80.50731274699827, 17.341563825778778], [80.50729489458448, 17.352290923488223], [80.5081997592647, 17.359325873406554], [80.50764338349879, 17.36319415046233], [80.50644325088525, 17.365978169147517], [80.50635516673726, 17.366182500834817], [80.50305390901882, 17.367058782123262], [80.49993325024941, 17.36951785315145], [80.49369048070753, 17.37513925838647], [80.48909952541837, 17.379531123988166], [80.48505837855755, 17.383923430551928], [80.47920756690978, 17.388645658017857], [80.47911964413443, 17.388496896544222], [80.47664765361131, 17.386779803043755], [80.47664091752866, 17.38676804889534], [80.47445457886852, 17.382952753851466], [80.47240200545993, 17.377543155281302], [80.46979981093746, 17.372001049371583], [80.46472268023156, 17.366588102119636], [80.46252923221672, 17.36495752581047], [80.46170213274169, 17.36434266000415], [80.45540846601355, 17.362447848473913], [80.45194632787396, 17.362827021268956], [80.45011417074296, 17.363995142858734], [80.44803089869166, 17.366022518837134], [80.44412403172875, 17.368687095429134], [80.44369374651382, 17.3690105608116], [80.44187818846754, 17.370375397409596], [80.43854795024212, 17.372878886692384], [80.4383349369012, 17.373446813440243], [80.4319774366247, 17.377958614075567], [80.42792848999136, 17.380658792269983], [80.42795746013226, 17.380723854550638], [80.43418331107442, 17.39470538033012], [80.4359603416236, 17.399139442493166], [80.43635170050428, 17.402084315636003], [80.43542899793117, 17.406236749696117], [80.43475436959633, 17.407621199944135], [80.43077686901454, 17.412237472079127], [80.4263013761761, 17.41358960067991], [80.42122205343563, 17.41515513649191], [80.41649794331113, 17.416684893092484], [80.41330116222886, 17.417645629575055], [80.41113465298395, 17.419244226697085], [80.40864858696783, 17.421517291961095], [80.40967920970931, 17.42382291572968], [80.41156256918003, 17.427121390358423], [80.41250720036885, 17.4289902591767], [80.41355262845906, 17.43105849543714], [80.41660875047519, 17.43691086581718], [80.41788817522534, 17.439925969092887], [80.418243656191, 17.441167624809108], [80.41927457552966, 17.44489262119637], [80.42162053964789, 17.452093987821595], [80.42236699320242, 17.454435332774917], [80.42293536716939, 17.454541312253877], [80.4242143019876, 17.455214450857785], [80.42698548007239, 17.457412173376454], [80.43046721096385, 17.460141570754825], [80.43661346416324, 17.464642967177117], [80.44055711442321, 17.468010697438395], [80.44485599846261, 17.471449100274537], [80.44780475725976, 17.473504738164458], [80.4512865090696, 17.476340588429522], [80.45331147866594, 17.477367949115376], [80.45533659023302, 17.479069512508644], [80.45761045162244, 17.48123216410511], [80.46084348934164, 17.483784346854694], [80.46336608741947, 17.48633711931522], [80.46471623542355, 17.48782633835281], [80.46528475868932, 17.48864200444478], [80.4656045086802, 17.488890129062785], [80.46620862766392, 17.490060609855004], [80.46770113915265, 17.492862629917312], [80.46933583563788, 17.496125828603134], [80.47081689788894, 17.499044435982526], [80.4728152602002, 17.497845930086452], [80.4744553222975, 17.49667470448482], [80.47909272920607, 17.490802486903473], [80.4792910378068, 17.490545104452714], [80.47951224872139, 17.49035438912606], [80.4820833837617, 17.490586603430547], [80.48795058698845, 17.491749677959124], [80.49534381188863, 17.493650742381025], [80.50797065194966, 17.495038733963813], [80.51794219099926, 17.49503043612741], [80.53269377131339, 17.490444290916543], [80.53471800554247, 17.48981497262856], [80.54202579678818, 17.484502596001224], [80.54755542661428, 17.476676687771867], [80.5556638737553, 17.469334486090833], [80.5573572653321, 17.467799300470766], [80.55749456747527, 17.467679151439537], [80.5595310837798, 17.465208171296197], [80.55985143427769, 17.464819221745195], [80.56133114880545, 17.463019374649967], [80.56578036663124, 17.455948555257127], [80.56625734344668, 17.45239410083526], [80.56797012706927, 17.449352647837497], [80.56834228540798, 17.444906136707388], [80.56834545508421, 17.442565747218385], [80.56871648469601, 17.438938359621208], [80.56872154866724, 17.43519372511721], [80.56872518930672, 17.4325022656894], [80.56738726318773, 17.429224887047233], [80.56702403197254, 17.4271182984646], [80.56741390694798, 17.425015493161585]]]}}, {"type": "Feature", "properties": {"mandal": "Kallur", "district": "Khammam", "state": "Telangana"}, "geometry": {"type": "Polygon", "coordinates": [[[80.62489454297082, 17.265681055444404], [80.62424431093312, 17.261755103229845], [80.6233483506485, 17.258379556249444], [80.62318740713437, 17.25594618580008], [80.62294302466114, 17.25357594481462], [80.62292408555923, 17.253578967149462], [80.62235569348148, 17.25330583835164], [80.62200078079877, 17.252828087406314], [80.62168233427617, 17.25149744475112], [80.62090199113568, 17.250030171733858], [80.61983743539494, 17.2484604420561], [80.61905622103615, 17.2478119492828], [80.61816786123956, 17.24764103945238], [80.6173859402606, 17.247640748151774], [80.6162836884919, 17.248049725894315], [80.61518139365808, 17.24849281495423], [80.61368813126889, 17.248935744531767], [80.6116264198615, 17.249173738929596], [80.60917330895224, 17.249786829208894], [80.60725308094678, 17.250604814786463], [80.60494175055597, 17.251524961458266], [80.60149266785646, 17.252751620057694], [80.59950145670378, 17.253433037830618], [80.59799063319633, 17.253770622402836], [80.59736830665928, 17.253909674294334], [80.59527019096949, 17.254795699299958], [80.59295942606052, 17.255169857048244], [80.59160815151627, 17.25568093254164], [80.5905060130189, 17.255919195190728], [80.58915494004992, 17.256259674610604], [80.58912071545313, 17.2552020582809], [80.58908670438018, 17.253973860981738], [80.58908823664343, 17.25274568093639], [80.58958723777684, 17.25162010090986], [80.58994418987315, 17.250392099007804], [80.59030223984712, 17.248277075323557], [80.5904822769894, 17.24640077372719], [80.59041331060526, 17.244694926573917], [80.59045096792043, 17.242989132073628], [80.59109404084745, 17.24029426662084], [80.59148650436333, 17.239066274101006], [80.59212770108415, 17.237872520029303], [80.59223633714267, 17.236234987972036], [80.59177823448196, 17.23306193715313], [80.5913178698389, 17.231731168925535], [80.5918529316032, 17.230127961690417], [80.59171250379072, 17.2287291171609], [80.59178467458834, 17.227842124203157], [80.59267476697894, 17.22651201992623], [80.59331608275507, 17.225181790367554], [80.59338941686343, 17.22333953323474], [80.59353373872901, 17.221565542989833], [80.59378429390074, 17.220098651773768], [80.59385720376797, 17.218597557570753], [80.59396573236013, 17.217028245399913], [80.5939673172382, 17.215731814081877], [80.59411150381077, 17.214060168097713], [80.59436146252936, 17.213070905150474], [80.59521390195108, 17.213412482128366], [80.59659913310077, 17.213959008973656], [80.5976649187024, 17.21419832655478], [80.59851777861489, 17.21419872374807], [80.59990404126331, 17.2138923119759], [80.6013965839563, 17.213858872708727], [80.60267643356073, 17.213381811220728], [80.6041339555269, 17.212904820601793], [80.60548474495927, 17.21253012366233], [80.60672935618982, 17.21178008903866], [80.60815136072792, 17.211268939021934], [80.60971600412294, 17.210314320115355], [80.61081832989339, 17.209666552431315], [80.61177827680037, 17.209223422896244], [80.61263138475071, 17.2089849465765], [80.61263284655669, 17.20768851106249], [80.61291900557005, 17.20601690281263], [80.61292054318562, 17.20465223226047], [80.61281494014973, 17.203765154326618], [80.61253186132049, 17.20270742055477], [80.61128976758881, 17.201308132267158], [80.6099416745847, 17.199397040278136], [80.60901965083995, 17.197793167724214], [80.60870087306834, 17.196905996258913], [80.60795625761322, 17.195541008699124], [80.60738958912732, 17.19393727537397], [80.60700011592479, 17.192743018078595], [80.60646840196641, 17.191651048737736], [80.60721531721632, 17.191003144198373], [80.60796218876837, 17.190389352934336], [80.60874470406878, 17.189673223492985], [80.60945630685806, 17.188820593240006], [80.61087895246305, 17.187592962760064], [80.61176796094688, 17.186945098110126], [80.61272825687108, 17.186092556255495], [80.61407941821, 17.185206045563177], [80.61521689064875, 17.184762965655242], [80.61638947332372, 17.184695180320613], [80.61777591374737, 17.184013361278083], [80.61816738495021, 17.183433516759628], [80.6182035158494, 17.182887656885065], [80.61784896547913, 17.182205183459992], [80.61742339461227, 17.18148856502585], [80.61742407249078, 17.180874457572106], [80.61767338208894, 17.180328677771364], [80.61742531400267, 17.1797485935334], [80.61646798122665, 17.177974142437545], [80.61554539681367, 17.176916158337292], [80.61508408861602, 17.176404223199494], [80.61426821979042, 17.175243922923265], [80.61366560932358, 17.174015469160967], [80.61434122421824, 17.17350397556037], [80.61444883978044, 17.172582852478413], [80.61444967845749, 17.17183227416206], [80.61374030232969, 17.170774363280938], [80.61182329709912, 17.16944302957735], [80.610332297444, 17.168418909034326], [80.60894836563284, 17.16698541331498], [80.60831067831893, 17.165415752317877], [80.60731832438972, 17.16333417917238], [80.6068583722348, 17.16169635286392], [80.60661114909037, 17.160433905131928], [80.60636487949915, 17.15835263971706], [80.60633101469094, 17.156919694727787], [80.6065810753497, 17.155725692375242], [80.60722116041093, 17.15518008459623], [80.60793205681613, 17.15483920964724], [80.6089983182079, 17.154396128442166], [80.60981636731432, 17.15354353015024], [80.60988800046738, 17.15303179739454], [80.60988877958066, 17.152349448505596], [80.61006823118487, 17.150746000730233], [80.61031806762726, 17.149722577763768], [80.61071116090844, 17.14767568704653], [80.61124556589743, 17.14631120226528], [80.6113181987849, 17.144912412592976], [80.61124885532753, 17.1434112110656], [80.6108961445467, 17.141193424882555], [80.61000986789553, 17.13962365331474], [80.60834270885083, 17.137541787263306], [80.60713638066326, 17.13631304424393], [80.60605602374821, 17.135418191098374], [80.60603676598777, 17.135423011271797], [80.6060305411816, 17.135424568804833], [80.60518081178648, 17.135637246701762], [80.60422386035087, 17.136876095739296], [80.60278666964314, 17.139355519771236], [80.60096913718307, 17.14096063432676], [80.59934287995581, 17.141969122956166], [80.59819453601489, 17.14297935114654], [80.59666283612877, 17.14486061758651], [80.5951335883114, 17.145409124391737], [80.5914517782966, 17.147012824907], [80.58820030446803, 17.14857069516629], [80.58556979175746, 17.149990319794014], [80.58308347711234, 17.151273329644532], [80.58045354524401, 17.152648804649655], [80.57975642449998, 17.15295870104506], [80.57911617589414, 17.153243103459616], [80.57911460115966, 17.153243803027756], [80.57859268283326, 17.15198380331178], [80.5782576274036, 17.151175095043566], [80.57798261006853, 17.150727726518085], [80.57798245806055, 17.15072747942486], [80.57749616944645, 17.14993643074579], [80.57749465782508, 17.149933972482053], [80.57668400633439, 17.149519709997293], [80.57668282677236, 17.149519107871416], [80.57544347152948, 17.147910442496535], [80.57544307255857, 17.147909924659885], [80.57463533795666, 17.14713106580072], [80.57463486834486, 17.14713061297429], [80.57329865581387, 17.145842148004295], [80.57329812703789, 17.145841638118174], [80.57329577807032, 17.145839373064714], [80.57095891293207, 17.14321688686236], [80.56900427045598, 17.140182321559553], [80.56638243639033, 17.136780103990034], [80.56638188165006, 17.136779384242523], [80.56451912003486, 17.135207659649044], [80.5633279796649, 17.134202110673588], [80.56197372436776, 17.132990729346723], [80.56175728824468, 17.132797125280703], [80.56146169880125, 17.132532717255316], [80.56145837216235, 17.132529741623028], [80.5608270783764, 17.132503941735763], [80.55949346854891, 17.13238666697432], [80.55805952638705, 17.13251905640822], [80.55696420581036, 17.132632725268948], [80.55576947944483, 17.132783543167708], [80.55506380605264, 17.132949785313762], [80.55406066089435, 17.13313140267046], [80.55341717352513, 17.133372339604545], [80.55296099869952, 17.13354337368674], [80.55296073142225, 17.133543473663362], [80.55153263918966, 17.132211215225485], [80.55152977588942, 17.13220854399723], [80.54963777475363, 17.131709408017496], [80.54917735602079, 17.13158833347964], [80.5491767045153, 17.131588162467906], [80.54890417718286, 17.131516496391956], [80.54890271717348, 17.131516112526885], [80.54771061287857, 17.130089958119058], [80.54489668537273, 17.127283309092416], [80.54432498249163, 17.126087568683356], [80.54356426061925, 17.124986512519033], [80.54356267972868, 17.12498422480242], [80.54346939615574, 17.124966944196828], [80.54346908212699, 17.12496688583029], [80.54255959635702, 17.124798402341835], [80.54183740385702, 17.12466388380867], [80.54131794253898, 17.1245669854411], [80.5402735788016, 17.124808385032356], [80.53974422780567, 17.124931100485696], [80.53974081055972, 17.1249318927275], [80.5396952856119, 17.12337127156956], [80.53969526963519, 17.123370712664894], [80.53792946870306, 17.12235619622634], [80.53544812687186, 17.12134229253618], [80.5354465677101, 17.121341655204823], [80.53397037289683, 17.11996325747778], [80.53396828653453, 17.11996130890643], [80.5280955316622, 17.117930786195423], [80.52809506359482, 17.117930624460474], [80.52757359051516, 17.117564740762305], [80.52757022781533, 17.117562381282568], [80.52711402168889, 17.117607983496626], [80.52623217585015, 17.11769810465225], [80.52568412099798, 17.117851987001156], [80.52568401373055, 17.117852017572584], [80.52379456072768, 17.118382523804613], [80.51938481564547, 17.119750925675294], [80.51896842227143, 17.119880228098136], [80.51657649716883, 17.12062229293626], [80.51517059433208, 17.12098827190043], [80.5139618906663, 17.12130290862809], [80.5134251576532, 17.121442328958594], [80.51342144285104, 17.121443293906175], [80.51347487690263, 17.11827368295929], [80.51321940885325, 17.111437578174403], [80.51286332632148, 17.11042072052189], [80.51264287715024, 17.109791836059205], [80.51264282008233, 17.10979167408517], [80.51229792553747, 17.108807770918062], [80.51015409797418, 17.105772302972184], [80.50996132566118, 17.105448670260085], [80.50871097415289, 17.103343926603735], [80.50682026238219, 17.100161898591605], [80.50435915247041, 17.09556788878093], [80.50401193485835, 17.094919738334422], [80.50273135735303, 17.089909684993394], [80.50627071309087, 17.087618804414195], [80.50910930903427, 17.085842806471657], [80.50971217262874, 17.08546560928629], [80.50985750452298, 17.085374292514977], [80.50766963578741, 17.080271129124668], [80.50610149197088, 17.075995361101263], [80.5037311558852, 17.066481968864203], [80.50366116219016, 17.066440524983207], [80.50291221168379, 17.065997060740663], [80.50077278880487, 17.064730252256123], [80.49768998487974, 17.06323940538063], [80.49695562807653, 17.06284018568006], [80.49509480568533, 17.06182625344228], [80.49304596611933, 17.059296041655475], [80.49188844020532, 17.056537932849096], [80.49171472743389, 17.056123876470693], [80.49149928070796, 17.055414697968846], [80.4904094826215, 17.051825506006708], [80.49040923413723, 17.051824688921506], [80.48998110223935, 17.051776690872586], [80.48946635184302, 17.05171898139293], [80.48861850959152, 17.051690312789127], [80.48831799955295, 17.051676092094468], [80.48764965699651, 17.051644463826644], [80.48607860365348, 17.0515568144742], [80.48569722536978, 17.051571944254388], [80.48525473077581, 17.05159035095525], [80.48497207450686, 17.051602267983814], [80.48369489034678, 17.05147896601566], [80.48240101405406, 17.051476582700385], [80.4814262383357, 17.051455563435894], [80.48047079217662, 17.05146509856923], [80.47947570536053, 17.05131742333574], [80.4783812921994, 17.051181993263352], [80.47681002944213, 17.050911142309474], [80.47593487042519, 17.050736544088235], [80.47440231815993, 17.050504183173132], [80.4728501034164, 17.05040629841536], [80.47187781408333, 17.050231883323526], [80.47187564878716, 17.05023149486856], [80.4710357908724, 17.049977701521076], [80.47103239248264, 17.049976674951647], [80.47061995628238, 17.05006563658137], [80.47061678283302, 17.050066321481243], [80.47023645700682, 17.049284457642855], [80.46828716619714, 17.045145552336084], [80.46714880413165, 17.041285140153285], [80.46711555702498, 17.041159635939344], [80.46711552064409, 17.041159499310897], [80.46539518381283, 17.034665223254247], [80.46379261588474, 17.030402289832015], [80.46379187173876, 17.030400310546142], [80.46224826616854, 17.03103829069586], [80.46183919564983, 17.03110871550216], [80.46023163955549, 17.03169794706614], [80.45925607626086, 17.032097355109084], [80.45829977325673, 17.032555580084125], [80.45745344318729, 17.033240107767252], [80.45709461480742, 17.033442885357978], [80.45674402134688, 17.033640026240096], [80.45560752790499, 17.034281018436783], [80.454534165833, 17.034519687038973], [80.45317969337529, 17.034881012735028], [80.45188564987457, 17.03527975498033], [80.4499546207672, 17.0357167836979], [80.4487401253335, 17.03573357268841], [80.44756613098797, 17.035768522493022], [80.44653159826119, 17.035705396201216], [80.4454563956073, 17.035971146149354], [80.44458036804762, 17.036237293659596], [80.44370395856171, 17.036408478549934], [80.4429272643009, 17.03665560282106], [80.44215069388417, 17.03684507129456], [80.44113519730291, 17.03720700943888], [80.43942244653167, 17.037490645528337], [80.43880505630864, 17.037653982158133], [80.43880339138366, 17.03765442278743], [80.43817247883143, 17.03746097827214], [80.43816867878023, 17.03745981288483], [80.43799140414897, 17.037919548397873], [80.4379912575914, 17.03791992883395], [80.43783242567095, 17.038331834064863], [80.43629662719427, 17.041729078738715], [80.43533704607424, 17.043610431449665], [80.4349593598644, 17.045298445692953], [80.43495749958846, 17.045306759257425], [80.43471030827676, 17.046411525632376], [80.43450564542128, 17.04689364464303], [80.43450548286415, 17.046894026851202], [80.43336587566485, 17.049578523294006], [80.43221618909246, 17.051046848363253], [80.43215440597368, 17.051346289815516], [80.43173320539685, 17.053388134270534], [80.43091596564511, 17.05568350111175], [80.42948554545666, 17.057784240266955], [80.4294786045429, 17.057794434123604], [80.4288629921789, 17.058481585583507], [80.42782439028113, 17.05964263413296], [80.42673452459675, 17.060860092391966], [80.4266055090502, 17.06100338810065], [80.4247889418626, 17.061873387068637], [80.42467500074441, 17.062104887291], [80.42402086958256, 17.063432905499358], [80.42293158739679, 17.065656439392104], [80.42258147905889, 17.066370136798472], [80.42229579481368, 17.06666570459123], [80.4208096310866, 17.068204462594213], [80.41879783844942, 17.070864612468856], [80.41707356865685, 17.07292848695058], [80.41668833054497, 17.07407618575072], [80.41693630738467, 17.074695003786413], [80.41759103453084, 17.076328834665393], [80.41801475301047, 17.078856277064183], [80.417820962957, 17.08208326217669], [80.41782095903412, 17.08208333180321], [80.41781607623894, 17.082164643189227], [80.41746726645046, 17.084827203404696], [80.41694347032947, 17.087674775466795], [80.4173218416184, 17.089237850836774], [80.41836764842463, 17.09139922688841], [80.41859975870646, 17.092072777815762], [80.41859999502307, 17.092073463817542], [80.4183376026826, 17.092059118733825], [80.41791128031882, 17.092035811944303], [80.41772670721214, 17.09204898067269], [80.41637001441293, 17.091902496401627], [80.4163120330789, 17.09246091691857], [80.41743767321275, 17.09538508854509], [80.41826123330162, 17.096275765125952], [80.41890221609017, 17.09727194950517], [80.41929325946556, 17.098199160291642], [80.41936225309702, 17.099366205795423], [80.41935979263782, 17.100533157526705], [80.41924877233936, 17.10235208816204], [80.41996029653333, 17.103794546991683], [80.42013763749381, 17.10441257699934], [80.42188523542225, 17.10589069694545], [80.4235261733213, 17.107128410291278], [80.4248464997505, 17.107919512532646], [80.42677373386597, 17.108951633396305], [80.42755800248885, 17.109810681316965], [80.42858983698954, 17.111905631757995], [80.4300487622379, 17.114824841089597], [80.43083391334862, 17.11527201184313], [80.43158425130423, 17.11527294951093], [80.43272811309292, 17.1150341202347], [80.43455147450865, 17.114487226912736], [80.43615961280254, 17.114351917661327], [80.43716172060243, 17.113529416082677], [80.43837702503914, 17.11329064359127], [80.43902195797887, 17.112399053601482], [80.43916673841575, 17.111472534158484], [80.4390613426536, 17.110580032529246], [80.43870611775004, 17.10954993950091], [80.43817190549707, 17.108691238002855], [80.43781890142687, 17.10656283762002], [80.43725091203594, 17.10474307111112], [80.43682452847197, 17.10357559685666], [80.43664734354421, 17.10285461518217], [80.43668501343817, 17.10189364061714], [80.43715107016469, 17.101104800293072], [80.43715280200095, 17.10024674778265], [80.43690464919179, 17.099285422869873], [80.43640724105077, 17.09791192517206], [80.43637324974469, 17.097053827916536], [80.43648216541911, 17.096195905505077], [80.43705566675035, 17.095269906913593], [80.43727085794379, 17.09485830341448], [80.43784379831413, 17.09420687959868], [80.43852377583895, 17.093624228507764], [80.43861469015168, 17.09347397873704], [80.4398208482128, 17.093821774781322], [80.46240470771146, 17.10729797440657], [80.46592543711294, 17.109398469233838], [80.46514884610316, 17.11006191091353], [80.46443193507437, 17.11129672211799], [80.46396583431275, 17.112154262985626], [80.46372986071968, 17.11308069862499], [80.46369232072627, 17.114041674126977], [80.46369102734229, 17.114728113121355], [80.46361782037275, 17.115654726588236], [80.46361639829338, 17.116409808764836], [80.46382923074816, 17.11723377035768], [80.46364908974627, 17.118022978374267], [80.46314723838259, 17.118880475262536], [80.4626098472137, 17.11963496653526], [80.46257288382687, 17.12028704346935], [80.46310710446163, 17.12121432360113], [80.46367757843772, 17.121867067525525], [80.46464013837237, 17.123035066573646], [80.46510342723955, 17.123687688198867], [80.46478029324565, 17.124511060677598], [80.46334984694174, 17.125127287395113], [80.46274220588343, 17.125229584676156], [80.46224111130326, 17.125675216233127], [80.46152510045599, 17.126395183511], [80.46113119827838, 17.126840931831097], [80.46055797910991, 17.127629697314244], [80.46055589205686, 17.128727994380117], [80.46055484946312, 17.129277142298175], [80.4601966716138, 17.129722927238053], [80.45937435539642, 17.129962262400564], [80.4589805062349, 17.130373684095797], [80.4587647973411, 17.131059878963207], [80.45876329052787, 17.131849278037084], [80.45869084055569, 17.13236402412025], [80.45935545300938, 17.133187748882328], [80.46009925624837, 17.134314464145167], [80.46052390805774, 17.13515935028315], [80.46108041083853, 17.136720852100936], [80.46160994145473, 17.138461440918178], [80.46200641715656, 17.140125114507452], [80.46245599138344, 17.141891197929827], [80.4627478939485, 17.142505637198777], [80.46263939103063, 17.143529045352995], [80.46215881341207, 17.14406586727665], [80.46146475424223, 17.14478156940762], [80.46069071458012, 17.145522767472748], [80.46018324094692, 17.146187495666073], [80.46010190134783, 17.146929461917104], [80.46020462762091, 17.14895104115869], [80.46033351358231, 17.15122852838527], [80.46107593302071, 17.153122873966637], [80.4618718011934, 17.15494051039491], [80.46237513082717, 17.156476351445043], [80.4623732922958, 17.157448696499063], [80.46226545719138, 17.158113867206424], [80.46218499174958, 17.158395246518154], [80.46209704945991, 17.159759371669693], [80.4620953715669, 17.160646421812515], [80.46220014199449, 17.16160182428919], [80.46255308400738, 17.16283043851646], [80.46297837182816, 17.16337678404683], [80.4634381590709, 17.16446904455302], [80.46428984018854, 17.164981738115973], [80.4653176885146, 17.166279318284477], [80.46599027624539, 17.167576508214637], [80.46652197491093, 17.168225313419942], [80.46737285276241, 17.169181517559824], [80.46868439565567, 17.170786441061452], [80.46928596528488, 17.172083540654132], [80.4697104058026, 17.173107511883927], [80.47017006420727, 17.174302105262115], [80.4704173126546, 17.175087063950983], [80.47130401991845, 17.175906820019314], [80.47197718263985, 17.176931048627978], [80.47240246388273, 17.177511489526538], [80.4731107293586, 17.17877457081644], [80.47374831952862, 17.179832872559807], [80.47467021776572, 17.180857352557794], [80.47552156312469, 17.18160881732458], [80.4760535170333, 17.182155244182496], [80.4766208185399, 17.18280405731416], [80.4770802313645, 17.184169216433094], [80.47711421294812, 17.18502217897957], [80.47714807002197, 17.18594337431056], [80.4776084221061, 17.18679677608106], [80.4778560877352, 17.18737702060991], [80.47799771685375, 17.187650102887634], [80.4792587512801, 17.187016500750435], [80.48006411828965, 17.187017323137518], [80.48167525998014, 17.186791513479765], [80.48361866779844, 17.186202110482103], [80.48532478874493, 17.18583990063466], [80.48646257515578, 17.18538613605834], [80.48731555050327, 17.185250510581774], [80.48831008648136, 17.185433446965604], [80.4899943002268, 17.185633102311396], [80.4895176070467, 17.187315745214153], [80.48979978282165, 17.188498744682192], [80.49001932375414, 17.18843311681012], [80.4913165729169, 17.188045323362083], [80.49226557159551, 17.187181941236886], [80.49311918180804, 17.18668237756555], [80.4946364205105, 17.18595599727618], [80.49563276878006, 17.18509264428299], [80.4970078647008, 17.18436611097196], [80.49833542216307, 17.18373050390513], [80.49970949196803, 17.183595314864256], [80.50103618698057, 17.183460073548726], [80.5027891668918, 17.183370703026636], [80.50402065251376, 17.183508292358194], [80.50558329919723, 17.183919109575534], [80.50757209133612, 17.18446676404264], [80.50998673576154, 17.185333200486223], [80.51164363597911, 17.186062481352717], [80.5129686296915, 17.186973420756104], [80.51448283860123, 17.188066470820896], [80.51514505207376, 17.188703888938196], [80.51594865861243, 17.189796319024126], [80.51698981162384, 17.190479542724862], [80.51822040159445, 17.191208410024277], [80.51945172866813, 17.191482377406576], [80.5195453876371, 17.192164795331802], [80.5194961182565, 17.193347475241534], [80.51973198018278, 17.193984521864692], [80.51958824920536, 17.194985165464878], [80.51953970811444, 17.19571295224156], [80.51939553801697, 17.196986529888903], [80.51934590334157, 17.198396653752923], [80.5192964855273, 17.199670308664572], [80.51905624276081, 17.20176260762706], [80.51839046451025, 17.20330867906505], [80.5168253594881, 17.204308118833417], [80.51521286039723, 17.20530750556174], [80.5136959932364, 17.205761094078184], [80.51260605184525, 17.20589661831165], [80.51127854029885, 17.206441331296126], [80.51032968198687, 17.207213814142065], [80.50980648270884, 17.20844155754133], [80.509709170094, 17.20998809726275], [80.50946978924094, 17.21148902228328], [80.50946843718577, 17.21230782197622], [80.50975106898206, 17.21330882791002], [80.51065025709543, 17.213946461907078], [80.51140730701069, 17.214583968696175], [80.51235306888196, 17.215722013784823], [80.51258789203527, 17.21699590643383], [80.51215996579253, 17.217905310941156], [80.51092481739367, 17.219860253281674], [80.50959570519481, 17.22131472767493], [80.50836186758895, 17.22245085545259], [80.50670088325647, 17.22399599280611], [80.50627283870891, 17.224950872832082], [80.50678202684034, 17.225589702991027], [80.50720727060748, 17.226317901761742], [80.5074907423815, 17.226818529988936], [80.50748991102714, 17.227318905200242], [80.50677778341966, 17.228137064520926], [80.5061142499736, 17.228227447821016], [80.50493017125555, 17.227907960891322], [80.50403047959855, 17.22754323689154], [80.50279879495014, 17.227360161972875], [80.50170895711734, 17.22735916351425], [80.500997191656, 17.227949861797633], [80.50037988149387, 17.22872259836832], [80.50004641038524, 17.229768528889736], [80.49990193444962, 17.231133053173927], [80.49966113833693, 17.23340725876435], [80.49946880623965, 17.235044667813227], [80.49922986013492, 17.236227147232604], [80.49918007004896, 17.237637244745997], [80.49984000199248, 17.239684838318265], [80.50078087819477, 17.243734176541423], [80.50115589773053, 17.24614540493804], [80.50181541740207, 17.248465914723088], [80.50219161176895, 17.25019481321352], [80.50268604807736, 17.251603435530654], [80.50048933326752, 17.251601417790244], [80.49889041369623, 17.252366682565253], [80.49549415487074, 17.253130239982536], [80.49189950134118, 17.25312680424722], [80.48890429360019, 17.252932208842868], [80.4888642308029, 17.252937295208643], [80.49309934803003, 17.256618653538176], [80.49817802936607, 17.259920851262184], [80.50431019085107, 17.263854575225714], [80.50476693805903, 17.264147561896447], [80.50957051287263, 17.267844914340433], [80.5125864547523, 17.27233198018044], [80.51267932121198, 17.27241239064032], [80.52219301258259, 17.280649453427458], [80.52905615623429, 17.286062648319252], [80.54552990204675, 17.298604925996322], [80.55623779726717, 17.307581019296528], [80.56376219611069, 17.31274802188143], [80.56677223640523, 17.31481486281569], [80.56681154778181, 17.314841855098923], [80.57024543565363, 17.316690425002502], [80.57049024260769, 17.316768903641805], [80.57354298112767, 17.31774750388522], [80.5804127527502, 17.320125443286116], [80.58852032757446, 17.322108118010018], [80.5885388081506, 17.32210291439378], [80.59319558092025, 17.32079153224635], [80.5959460396441, 17.3197377198679], [80.60150082710311, 17.317343076616936], [80.60131003791727, 17.317102357313228], [80.60406442010711, 17.312619235173145], [80.60695673693718, 17.30760855581866], [80.61122636358846, 17.29996052234725], [80.61480802059133, 17.29270779586186], [80.61756524514198, 17.285058997901213], [80.61949292543872, 17.281762354613722], [80.62238368368375, 17.277410874455494], [80.62266095620262, 17.27516876378834], [80.62322326953327, 17.27088685895772], [80.6232239455652, 17.27025736954591], [80.62335418377522, 17.26946266746417], [80.62351045647634, 17.26851895789528], [80.62392591961618, 17.267177963680595], [80.62428906627733, 17.26635850377931], [80.62454828133706, 17.26593638247955], [80.62489454297082, 17.265681055444404]]]}}, {"type": "Feature", "properties": {"mandal": "Kamepalle", "district": "Khammam", "state": "Telangana"}, "geometry": {"type": "Polygon", "coordinates": [[[80.35547674302514, 17.42870834117136], [80.33634298688928, 17.40589765522023], [80.32491355081177, 17.39227183164815], [80.32363748874738, 17.38293496611271], [80.32281225694257, 17.37693011396174], [80.32131460307714, 17.36597201437997], [80.32082415140287, 17.36383375225773], [80.32080484022954, 17.363749558771346], [80.31822339941107, 17.363744983453593], [80.31675371032995, 17.363651392432555], [80.3138607890837, 17.363828153081617], [80.30930716956621, 17.364411233178455], [80.30684098640391, 17.364588674382592], [80.30499208058767, 17.36444882110128], [80.30323838082158, 17.364172669770824], [80.30053634447293, 17.36389474051839], [80.29797693875197, 17.3634805858864], [80.29546558435527, 17.362839059311035], [80.2941382888431, 17.362700095245792], [80.29247870048651, 17.36269694967048], [80.29053511559276, 17.362511305010212], [80.28868573587357, 17.362553253323377], [80.2858852272673, 17.363594048542826], [80.28436711946317, 17.363864029953792], [80.28237560259264, 17.363860162422405], [80.27943574373454, 17.36385441984544], [80.2765433032325, 17.363848730073894], [80.27440953495525, 17.363844507126384], [80.27137627600565, 17.363338120121668], [80.26886474856853, 17.362787252549936], [80.26578186678341, 17.363053951059282], [80.26227275405807, 17.363137790953754], [80.25900085594132, 17.363176574136624], [80.25802926287534, 17.36326331573435], [80.25601278799759, 17.36344332577739], [80.25357611257691, 17.363149714400752], [80.25202936436045, 17.36306973134996], [80.2517074801908, 17.363683122063033], [80.25157191873676, 17.364424831564495], [80.25159608801222, 17.365269219121057], [80.25220621578724, 17.366396276347967], [80.25302798951596, 17.368112247889623], [80.25097495359338, 17.36785209969088], [80.24977498939296, 17.367747240376048], [80.24769643490274, 17.367103218088918], [80.24572381686232, 17.366715259086092], [80.2446845877367, 17.36638043782104], [80.24369863106969, 17.36607131069445], [80.24308516543796, 17.366070003792565], [80.24166967694407, 17.36668104612416], [80.24046825625565, 17.367062263441436], [80.2388126983573, 17.3676727716319], [80.23713076903877, 17.368180865651084], [80.23563554022282, 17.368689350873886], [80.23440812536076, 17.36884020476882], [80.23227281495672, 17.369321689469295], [80.23032436087497, 17.36975239088909], [80.22776194733135, 17.37033523736735], [80.22608020407299, 17.370766487094834], [80.22482776223548, 17.370379926124233], [80.22373552215234, 17.36994254191048], [80.22256342734609, 17.369453802089733], [80.22152454274445, 17.369016525335564], [80.21923132427739, 17.36880670721103], [80.21763144103485, 17.368649597464874], [80.21720164198757, 17.36857988126108], [80.21699161683607, 17.36854581372721], [80.21626903906521, 17.369311761652796], [80.21538593480483, 17.37023086035595], [80.21461007906774, 17.37097109582097], [80.2134319373925, 17.372401234840147], [80.21246757171076, 17.373703923443276], [80.2117174732534, 17.374725651142878], [80.21054123778543, 17.375541715888684], [80.20920560075965, 17.37615272259591], [80.20826973723209, 17.37686698152737], [80.2068531634441, 17.37775923114137], [80.205485187374, 17.37816573929934], [80.2051443913112, 17.37826700951089], [80.2040236715625, 17.378392348135982], [80.203383001265, 17.378544379864284], [80.20250004189249, 17.379386664360464], [80.2013220917359, 17.380714388729224], [80.20043960959858, 17.381403149854414], [80.19993262923809, 17.381453139407057], [80.19949195170909, 17.381316126452248], [80.19937853035614, 17.383396838823202], [80.19887409318345, 17.385408406097262], [80.19815635358478, 17.38738535703222], [80.19743760412948, 17.38966932986269], [80.19668559570702, 17.391236821185572], [80.19568204815327, 17.393588343424028], [80.19425176557206, 17.395904738343038], [80.19285668387207, 17.39832354685178], [80.19217752813329, 17.399345362561284], [80.19111267660077, 17.40142869239632], [80.19088877020461, 17.401866748137834], [80.18946161767394, 17.40319380254974], [80.18821554929, 17.40353197171688], [80.18718402082423, 17.4035295062221], [80.18611771044024, 17.403288153227813], [80.18480162396935, 17.40328499435987], [80.1837345268152, 17.40328242595374], [80.18213399481645, 17.403244450900097], [80.18071063180801, 17.403411576601542], [80.17928806280368, 17.403339897210024], [80.17800891329975, 17.402927416276235], [80.17669374264172, 17.402651297013467], [80.17605917294678, 17.4023316828044], [80.17506027986879, 17.401828563851783], [80.17360238402658, 17.401688531009633], [80.17249961153453, 17.40171993389601], [80.17186545423908, 17.39991032428167], [80.17105139170323, 17.398714321858954], [80.17020119321295, 17.39768879727912], [80.16867704841488, 17.396115772045334], [80.16686814877136, 17.394610254566008], [80.16448937442449, 17.39334209705288], [80.16342354560838, 17.392929989541962], [80.16253569518938, 17.39258669201599], [80.16150656027256, 17.391901823364627], [80.1615073895613, 17.391659912435838], [80.16149515724213, 17.391712959553008], [80.1612319138697, 17.392854554555317], [80.16080940669721, 17.394589847175144], [80.16078486489678, 17.39469934540022], [80.16066113193232, 17.395251450026702], [80.16063671727544, 17.395360384382812], [80.16045144338072, 17.396187045901858], [80.16036464998308, 17.39666920332962], [80.1602717177924, 17.397185451587823], [80.16022920208846, 17.397348241328213], [80.15958990445624, 17.399795930206828], [80.15933966422999, 17.401462112033844], [80.15929459738305, 17.401762196760966], [80.15906488608597, 17.403298341327307], [80.15907567980686, 17.403468634638934], [80.1594101216262, 17.403603129752682], [80.15960850433876, 17.403777626113605], [80.16016652529007, 17.40410123449521], [80.16085330666927, 17.40453387066926], [80.16177995137984, 17.40504415998673], [80.1624986420536, 17.405507647772023], [80.16350527931897, 17.40603355782011], [80.16374265290064, 17.406198245397054], [80.16423981188157, 17.40654319032876], [80.16572559752996, 17.407378066033665], [80.1653844684788, 17.408744785083456], [80.16506833453465, 17.41002134970269], [80.16495381058841, 17.410483829738443], [80.16447555995192, 17.412184439176755], [80.16423185784711, 17.41316725763505], [80.16385788407375, 17.414764396305454], [80.16340239481626, 17.416760852130732], [80.16294762498447, 17.41855751863546], [80.16265605156259, 17.419494061382384], [80.16241257403976, 17.420415391265507], [80.16274625743812, 17.421108109477156], [80.16302878458713, 17.421695750990065], [80.16328651260608, 17.42223186394466], [80.16348361097684, 17.422762242967206], [80.16363533495796, 17.42317052503165], [80.16468314017332, 17.425617700193914], [80.16496271823135, 17.42713744683994], [80.16499716877603, 17.4273247158789], [80.16555375863564, 17.428371654596955], [80.16595051050244, 17.42934121327663], [80.16680879269428, 17.431080763468753], [80.16730174219717, 17.43187142939028], [80.16770228766063, 17.432687744981376], [80.16806776437069, 17.433587378793405], [80.1680957738728, 17.433656328380952], [80.16815519247079, 17.433789013292174], [80.16844413517286, 17.434434236458564], [80.16888388928885, 17.435271087999123], [80.16936909397303, 17.4362106656716], [80.16952525035809, 17.436533330166363], [80.17148763175167, 17.436166202742832], [80.18049867879776, 17.43398287932576], [80.18445811293383, 17.43302693582337], [80.18748682603474, 17.432355655862565], [80.1877309539472, 17.432302104348487], [80.18842518499662, 17.43211099666162], [80.18991282335135, 17.431702024244842], [80.19298734145598, 17.431169793416988], [80.19500143229149, 17.430888040214175], [80.19809879212386, 17.4301366801214], [80.20070793453203, 17.42967533269213], [80.2028212145446, 17.429433507456626], [80.20314164362532, 17.429416093729625], [80.2054990883543, 17.4292921943377], [80.20813117128358, 17.42908042340267], [80.21087762473978, 17.42853703383354], [80.21443278773101, 17.427985349972055], [80.21573736464667, 17.42778420855928], [80.21530764534353, 17.433686089035774], [80.21639695887541, 17.437708223738134], [80.21759498141769, 17.441077882660633], [80.21933739723367, 17.445208204998043], [80.22264729948658, 17.44739543308669], [80.22318019185789, 17.44774757469644], [80.22771981877968, 17.451072703664444], [80.23163882137828, 17.45357025505942], [80.23362469453335, 17.45516312394567], [80.2371909331662, 17.458023604846122], [80.24110998151293, 17.46073861835506], [80.24426698852703, 17.462910610590125], [80.24666197810471, 17.464648313355568], [80.2502301740746, 17.466395228284625], [80.25033695077828, 17.46623509350106], [80.25244959869306, 17.462996216743097], [80.25495936268058, 17.46160516033661], [80.25690470532047, 17.460934779428513], [80.25898757089924, 17.46118264380118], [80.26113883376183, 17.460165326430197], [80.26279423676604, 17.45938086823126], [80.26502171517916, 17.45799195067259], [80.26663117487627, 17.456411111500984], [80.26743183397186, 17.454402249338468], [80.26750038984906, 17.45388775824897], [80.26773650383106, 17.452005115382267], [80.26897230507979, 17.451278165403302], [80.27003265345927, 17.450654247682316], [80.27321403405902, 17.45037342872336], [80.27620472372965, 17.45030044612554], [80.27873040535526, 17.452045515880048], [80.28086671550487, 17.452483867065194], [80.28207989768184, 17.453029682364992], [80.28375088260862, 17.45378089139479], [80.28469736362207, 17.4558778513051], [80.28548367246829, 17.45818643363547], [80.28604859690977, 17.459862637066173], [80.28568275369881, 17.461600583370572], [80.28495830317665, 17.46320355164596], [80.28292930454126, 17.465142938647432], [80.28110605977261, 17.4659484953018], [80.2792066718434, 17.467472416660403], [80.27861194624884, 17.469197216413757], [80.27881841783214, 17.471475795597538], [80.27945973886705, 17.473641600712845], [80.28098591706782, 17.47510551511547], [80.28309931752209, 17.475440999051088], [80.28485393556215, 17.47481459896555], [80.28631091946302, 17.473761656304884], [80.28838585813325, 17.472601502897263], [80.29018627119625, 17.47206461478167], [80.29259691389524, 17.470965152268196], [80.29566381693839, 17.47051294969823], [80.2959765934644, 17.47038503447955], [80.29780748052126, 17.469642346681045], [80.29986721494143, 17.46874132839521], [80.30227040727556, 17.468489734420032], [80.30463541202953, 17.46804764186541], [80.30655786217237, 17.467356322153545], [80.30840414391365, 17.467261426729184], [80.30909840730358, 17.467224648556865], [80.31148640068214, 17.4672626749129], [80.31355387544673, 17.4668913265813], [80.31607916202434, 17.466759666194466], [80.3175363493603, 17.466674620727467], [80.31901642444016, 17.46658765108363], [80.32159507993319, 17.46628446821916], [80.32282292819272, 17.464016128760704], [80.32295959107611, 17.46389977886275], [80.3229771076365, 17.463984064037344], [80.32330063012382, 17.46554083918955], [80.3235218211556, 17.466313433302158], [80.32540019068247, 17.464545523366667], [80.32755139346249, 17.462784005225448], [80.32834672851631, 17.462132743153056], [80.32917542172078, 17.461359276889873], [80.33070390739428, 17.459959646477337], [80.3326007263725, 17.458338916547557], [80.33396351486005, 17.4572890139604], [80.33541842060892, 17.456349432282593], [80.33742581946353, 17.45504140129901], [80.33891754816162, 17.454028189698892], [80.34121963719413, 17.452646316131855], [80.34344801830356, 17.451117307258603], [80.34576850244777, 17.44962502126505], [80.34696554554097, 17.448704052504333], [80.34967279477662, 17.447045849099894], [80.35018843866939, 17.446622232586705], [80.35055716755059, 17.448277878093997], [80.35083374981097, 17.449694406826488], [80.35112901491796, 17.45236208452555], [80.35138717161816, 17.453741829064423], [80.35138764301217, 17.455986564098755], [80.35133251294512, 17.456593792249826], [80.35142480163103, 17.457513688181727], [80.35173819989457, 17.458819789930683], [80.35202584933013, 17.459805806030793], [80.35220265136962, 17.45978668051872], [80.35342331242227, 17.459623713993032], [80.35438458299745, 17.459495258639052], [80.35702429379539, 17.459293006027927], [80.35954190562772, 17.458951767490877], [80.36187644340043, 17.45875167374801], [80.36430249296832, 17.458359067945764], [80.36807135457083, 17.45819588709943], [80.36713217789972, 17.454540376837908], [80.36687225968103, 17.4520636893746], [80.36686410767803, 17.44957536023175], [80.36680252967007, 17.446987999487394], [80.36658830048991, 17.444092105227693], [80.3654891564712, 17.441625641939854], [80.36468765836939, 17.439637164290684], [80.36367249787632, 17.43746023810273], [80.36246653276655, 17.434944325581437], [80.36098612569974, 17.433447982651778], [80.35939896200173, 17.43221085061699], [80.35768969322238, 17.430802342475225], [80.35558357997803, 17.42883400291625], [80.35547674302514, 17.42870834117136]]]}}, {"type": "Feature", "properties": {"mandal": "Khammam (Rural)", "district": "Khammam", "state": "Telangana"}, "geometry": {"type": "Polygon", "coordinates": [[[80.16063222836836, 17.37763274656063], [80.16148947022964, 17.376758605629917], [80.16161174188655, 17.37666258584136], [80.16259528820862, 17.375890204620994], [80.16422262239108, 17.374276378882094], [80.16542762936709, 17.372848166520335], [80.16686114609121, 17.370984926766422], [80.16783906661274, 17.36955613419607], [80.1684907238173, 17.36868657176719], [80.16885288430225, 17.36710067655373], [80.16892207373537, 17.365825189589184], [80.16892502335436, 17.364954016242603], [80.16867050021898, 17.363491043790578], [80.16835121815394, 17.361996796090427], [80.16850280961332, 17.361518459052775], [80.16870237675377, 17.36104924918466], [80.16895301777193, 17.360807120917485], [80.16923217175813, 17.36053744730472], [80.17008276390509, 17.359070952150006], [80.1706218379333, 17.357400662215145], [80.17105387274239, 17.35583244948787], [80.1717708498298, 17.354128479557374], [80.17281452041631, 17.35044664745465], [80.17349693410623, 17.348435548084836], [80.17375066957977, 17.34700334623801], [80.1741847205441, 17.344821056320043], [80.17469010703445, 17.342570708998174], [80.17508537496707, 17.341343538189477], [80.17566117323128, 17.33929804752396], [80.17563030273034, 17.33789925584846], [80.17567146293266, 17.33622771874382], [80.17578270865651, 17.33486338827313], [80.17585930953963, 17.33322605060941], [80.17568483868727, 17.332236285298276], [80.17515548690646, 17.331040959492498], [80.17466181324161, 17.329811603896328], [80.17488018952116, 17.32831107155806], [80.17538060845807, 17.32752764842121], [80.17538495437675, 17.326231281365093], [80.17528668408384, 17.32549377245527], [80.17377126657873, 17.32500486048243], [80.17219203294782, 17.324697729247948], [80.17124449551818, 17.324513443786767], [80.17086543985728, 17.32445185886283], [80.17021490416292, 17.323930519871794], [80.16950625464942, 17.323200973791238], [80.16879791928636, 17.322380452143644], [80.16818440286349, 17.3215601627798], [80.16795153243461, 17.320331433421867], [80.16743592467715, 17.318601643205287], [80.1668716848068, 17.317235626409307], [80.16640118232881, 17.3161882498106], [80.16753876081216, 17.31623656854689], [80.16915054804612, 17.31624056885145], [80.17000384786026, 17.316242681939183], [80.17109616997413, 17.315654049252746], [80.17180893752568, 17.315155449456782], [80.17252277321593, 17.31433843927244], [80.17323736767912, 17.313293992611577], [80.17376233652615, 17.31224907652523], [80.17457447313409, 17.310386094082794], [80.17595879032436, 17.307523786579647], [80.17753131045919, 17.305071312015905], [80.17834125717728, 17.30384512658475], [80.17876848637991, 17.303664217272317], [80.17900428601789, 17.304028690200482], [80.17990326945106, 17.304531236292785], [80.18108682570045, 17.30498897978854], [80.18217724172088, 17.30494613143996], [80.18307925156259, 17.304538924483168], [80.18379254946086, 17.30385833393932], [80.18441088789207, 17.303222999571652], [80.18479311367018, 17.30231417145022], [80.1854105433164, 17.301951756073944], [80.18645338942076, 17.30195425860726], [80.18749653481781, 17.301865782237286], [80.18816225616477, 17.301230550508425], [80.18935148341717, 17.299959740319682], [80.19006683045122, 17.298642308269436], [80.19007145149214, 17.297232207017988], [80.18988438317248, 17.296458473576536], [80.18936640713743, 17.295411026852573], [80.18936924185167, 17.29454677007494], [80.18956272262662, 17.293364554901313], [80.18970850199133, 17.292273200477776], [80.18971178343749, 17.291272480818687], [80.18948015685022, 17.28963437389825], [80.18796607717275, 17.288811982219904], [80.18645275853964, 17.28776214322773], [80.18493915658051, 17.286803267402696], [80.18361546300848, 17.285753863115723], [80.18248031958727, 17.285023319208037], [80.18101385379154, 17.28415550405123], [80.17987872925906, 17.283424946705942], [80.17902936214199, 17.28228568774424], [80.17756536263614, 17.280690048576414], [80.17638576645619, 17.279095093175474], [80.17501751989333, 17.277226741528132], [80.17412203334658, 17.275723443318768], [80.17299034933846, 17.273992120213606], [80.171809144801, 17.27289749918741], [80.16963204647944, 17.271982358946296], [80.16778580614613, 17.27134094575595], [80.16565288958674, 17.27138112269235], [80.16337747804164, 17.27151189585025], [80.16162371718724, 17.27155298120471], [80.15920517918096, 17.271956278579097], [80.15754432414171, 17.272543421169424], [80.15673782560668, 17.272768816648384], [80.15432004905922, 17.2729446199115], [80.15273303181253, 17.272940569335656], [80.15256643122657, 17.27294014371533], [80.15109718404408, 17.272936381714082], [80.15048104766055, 17.272934800879256], [80.14972272647513, 17.272932853626628], [80.14849045470014, 17.272929683132507], [80.14749515826043, 17.27292711683233], [80.14668769233243, 17.273425398679496], [80.14578511281488, 17.27401440820286], [80.14488284683219, 17.27451243809087], [80.14397537985782, 17.274704075413116], [80.14317549087193, 17.274826419346134], [80.14142089489175, 17.27509477656021], [80.1396645257325, 17.275863481598414], [80.1382416859226, 17.27613268065663], [80.13772129936012, 17.275858387030095], [80.13672808588123, 17.275264432507925], [80.13582821564343, 17.275080111128556], [80.13500707511328, 17.275601788010935], [80.13440189720293, 17.275527556453053], [80.13406442800171, 17.27582469572274], [80.13349830456046, 17.276217370635397], [80.13350595190414, 17.27407189261133], [80.13334962182668, 17.272453506138117], [80.13348395788958, 17.271147037639153], [80.13368312877405, 17.269840738820555], [80.13375173539491, 17.268783013687358], [80.13359363421253, 17.267662458568488], [80.13340566696458, 17.265826180098898], [80.13308703393666, 17.26426958919609], [80.13312266974582, 17.26336734946374], [80.1330020989805, 17.260815600508522], [80.13256070898608, 17.259553020463244], [80.13239238988471, 17.25907154317934], [80.13187994125464, 17.25732774166371], [80.13094475239019, 17.255956194780765], [80.13030165701993, 17.254492075183084], [80.13001381055071, 17.253402279817823], [80.12933920800927, 17.251689151592043], [80.1282172788615, 17.248170145957317], [80.12800589338104, 17.247469067809543], [80.12767270448857, 17.246364009857036], [80.12710215160577, 17.24447167247075], [80.12662268030468, 17.242881396979737], [80.12636251038793, 17.2411331439814], [80.12588033406631, 17.240011701566623], [80.12527120160038, 17.238143149194016], [80.12495043277545, 17.237208828781014], [80.12408515850188, 17.234468353703587], [80.12395944003633, 17.233378977993347], [80.12367480764054, 17.231417943745758], [80.12361279426082, 17.230639891681452], [80.1236153802426, 17.229924245407496], [80.12378126359353, 17.228866768172526], [80.12436827525694, 17.227872654729982], [80.12531405377972, 17.22625719357497], [80.12661578278838, 17.224798259367617], [80.12768938361472, 17.223680976957244], [80.12928099105218, 17.222720647674432], [80.1311984722382, 17.221263324114737], [80.13324667734486, 17.219495174255844], [80.13519905115086, 17.2173222486434], [80.13682386417725, 17.21611302363638], [80.13955617375427, 17.21319807993834], [80.14040246529602, 17.21229519492623], [80.14196293341665, 17.210930182396606], [80.14362213702155, 17.209129795235583], [80.14573633589403, 17.206957185938922], [80.14755870756137, 17.20481491530658], [80.15068243212359, 17.201213533492723], [80.15217965311287, 17.199350425868346], [80.15312237275225, 17.19851271129583], [80.15530245565135, 17.195966776915288], [80.15709382176321, 17.19335760101594], [80.15800601064873, 17.191959700383265], [80.15960105609561, 17.189878971147436], [80.16035139655682, 17.188418418102096], [80.16107027999891, 17.186677740200178], [80.161070969431, 17.18667649183867], [80.16095974547554, 17.186651547664585], [80.16081235084208, 17.18667475194772], [80.16069771859681, 17.186690179466265], [80.16050948415395, 17.186689705314073], [80.1603375100033, 17.186720706124618], [80.16019206163195, 17.18668127886815], [80.15851790915146, 17.185734239207893], [80.15679173888829, 17.18512137543582], [80.15517965025522, 17.184840691582483], [80.15339569895953, 17.184282969848592], [80.1511501229845, 17.183945319449613], [80.14999930288317, 17.18355514394335], [80.14896640270224, 17.182390824722017], [80.14833638102289, 17.18133817337921], [80.14672588315213, 17.18061489005258], [80.14551729005647, 17.180279858296092], [80.1433879590714, 17.179665839150147], [80.1422375697787, 17.17916498769083], [80.13970462251773, 17.17866051409077], [80.13820528076126, 17.179099121842185], [80.13647550337798, 17.17953711160213], [80.13555182629511, 17.1800878499719], [80.13491578732025, 17.18074997917392], [80.13410337639144, 17.18240735075862], [80.1332345267678, 17.183732665078253], [80.13087061008908, 17.18427956232709], [80.12925678183525, 17.184496533077862], [80.12833306032313, 17.18504723909172], [80.12723571272583, 17.185818744994535], [80.1248127486224, 17.186752637614834], [80.12354194999604, 17.187689609218836], [80.12273301661344, 17.188351233932988], [80.12117715716495, 17.188457664845437], [80.12019899835674, 17.188123113400053], [80.11910683006421, 17.187456344476697], [80.11829989733873, 17.187564786675736], [80.1171442812004, 17.188502033350733], [80.11644892811873, 17.189606480653392], [80.11615603146551, 17.19093329193542], [80.11569151121954, 17.191927731390905], [80.11493994264202, 17.192644799291756], [80.11384250014797, 17.193416234837173], [80.11240201970648, 17.193467600115852], [80.11119137335533, 17.193685539677425], [80.11043978260201, 17.19440259121539], [80.10934190468406, 17.19528463568254], [80.10859254538813, 17.19539319906704], [80.10726502349465, 17.19605332952609], [80.10582247413035, 17.1966578149672], [80.10478155959397, 17.197705944102275], [80.10390805224313, 17.198490242173605], [80.10453583768891, 17.200096181081044], [80.10505025372551, 17.20120395081003], [80.10544698765797, 17.20297519400099], [80.1045842157664, 17.202585576131888], [80.10245230185537, 17.202634949556106], [80.10008889795581, 17.20296023563825], [80.0984732270608, 17.203619501510858], [80.09622254217234, 17.204608864007838], [80.0945483974176, 17.205489201266573], [80.09339589762163, 17.20554125361119], [80.09190084082992, 17.204762573290186], [80.09081055894505, 17.203597817561267], [80.0890829760612, 17.20337162297789], [80.08660536461575, 17.203419849317726], [80.08498964476523, 17.204079012776827], [80.08349104274552, 17.20424064958619], [80.08170500214526, 17.20423549431198], [80.08043854922526, 17.203955245645425], [80.07946080745833, 17.203509875945315], [80.0771515624709, 17.204720134886852], [80.07322800732582, 17.206202228583415], [80.07005360580244, 17.207631139634525], [80.06728311454029, 17.20889524731977], [80.06537790790142, 17.209885305052573], [80.06283781963971, 17.21115003718546], [80.06110541895757, 17.212140570227554], [80.05885423142233, 17.213184851307147], [80.05706614192916, 17.213677333215973], [80.0549917121902, 17.213726403748506], [80.05205082707484, 17.214325997402288], [80.05055123779302, 17.214708666058005], [80.04801276196888, 17.21553069154108], [80.04460910979627, 17.21657130424236], [80.0428781266085, 17.21717447556431], [80.04206880168556, 17.21783578626658], [80.04044991119011, 17.21921371366126], [80.03900720959798, 17.219762425311387], [80.03826491779992, 17.220129951600995], [80.03756382830778, 17.22047707418815], [80.03652399553198, 17.22113764923569], [80.0354249626423, 17.222185250414498], [80.03403466843432, 17.22400636933208], [80.03322235611141, 17.22538674925936], [80.03252617588889, 17.226546223095117], [80.03154301162914, 17.227428214425625], [80.03113537199317, 17.22847795101051], [80.03136156672919, 17.22952966886995], [80.03343639343808, 17.22942551329669], [80.0341251515204, 17.230091455063466], [80.03411569874044, 17.232414710011753], [80.03410939644556, 17.23396354636022], [80.03410399480393, 17.235291119359665], [80.0335205544227, 17.237059419786878], [80.03276265196915, 17.239214386528396], [80.03223884355945, 17.24048502240265], [80.03188880588193, 17.24153493505526], [80.03188293740385, 17.242973134412754], [80.03210757249067, 17.244412053475482], [80.03285017240971, 17.246018534824792], [80.0339061764407, 17.247909483107954], [80.03256229050052, 17.248900980495396], [80.03152398324217, 17.249146659793922], [80.02944855108194, 17.249347597730072], [80.02728343719028, 17.250336484543592], [80.02477065573557, 17.251780608704056], [80.02334162334556, 17.25243988197219], [80.0206147379674, 17.253385436193696], [80.01827578869843, 17.254581112523898], [80.01934498293191, 17.25732264885779], [80.02007323409718, 17.25890146287943], [80.02092859122057, 17.261102978521645], [80.02161210270867, 17.26305502367185], [80.02165155414788, 17.26396785651999], [80.02164812423459, 17.26479757908806], [80.02117111710245, 17.26516944567095], [80.01974317803565, 17.26553828957367], [80.01822844090397, 17.265989819651196], [80.0176212346589, 17.266485723525847], [80.01691947094993, 17.268931194580492], [80.01647997452284, 17.270672228039352], [80.01634166947703, 17.27274611397141], [80.01627191193023, 17.273928257482655], [80.01701817269095, 17.27464974151287], [80.01862758671119, 17.275705865622786], [80.01966364364708, 17.276041055456425], [80.02162003941217, 17.276821683807274], [80.02346391678235, 17.276938154143245], [80.02530802404539, 17.276999294079527], [80.02686418211528, 17.27700419622018], [80.02807430102756, 17.277063316382804], [80.02928419407691, 17.277177744107835], [80.03020500523768, 17.277512520717167], [80.03141286929667, 17.27812476703703], [80.03250682163704, 17.278404759947062], [80.0335442678739, 17.27840799454889], [80.03452497850301, 17.27818978699324], [80.03579678595075, 17.277253379345957], [80.03729441409574, 17.27747928576051], [80.03844578313436, 17.277814740465793], [80.03902214068202, 17.277816522628044], [80.04017731273777, 17.277211620709085], [80.04144574128372, 17.277104898573885], [80.04248295887228, 17.277163404104734], [80.04357447427763, 17.278051800017916], [80.04478038410268, 17.27916180193938], [80.04564048847033, 17.28027073818104], [80.04644318730942, 17.281324180775883], [80.04712973480423, 17.282598526098024], [80.04770145952568, 17.283761887297747], [80.04794740470545, 17.284664950335657], [80.04699405658053, 17.285242851290263], [80.04629924196736, 17.28602896962259], [80.04590436149587, 17.287479782527644], [80.0455527053056, 17.2889307268637], [80.04515498212852, 17.291086794254714], [80.04471685309444, 17.29253746972105], [80.04440874291133, 17.293905570310482], [80.04418058562483, 17.2968918727728], [80.04395492441861, 17.29925588900005], [80.0451592457012, 17.300794562362107], [80.0462345540914, 17.30216689038119], [80.04761001456768, 17.3041624164328], [80.04898351321667, 17.30665575783929], [80.049885946868, 17.30802753740486], [80.05096413861344, 17.30869458511413], [80.0521723680136, 17.309279049861914], [80.05385469589723, 17.310238311813993], [80.05463027423565, 17.31090442619435], [80.05518886452295, 17.31177731267806], [80.05574466606419, 17.313355448571926], [80.05603712509411, 17.315928449442318], [80.05594523409866, 17.317297203171908], [80.05572379813783, 17.318624080359758], [80.05540848990343, 17.321817529626113], [80.05509563855246, 17.324388698266638], [80.05486826657192, 17.327209034015784], [80.056165397217, 17.32721294051504], [80.05720408502467, 17.326967149028818], [80.05824277117667, 17.326721352457852], [80.05886874914907, 17.332448232985016], [80.05920271725132, 17.3354776718021], [80.05928608837293, 17.336266144544055], [80.05953767731661, 17.33825819744858], [80.05965824126605, 17.340581737734684], [80.06007675667063, 17.344109241202865], [80.06024449378866, 17.345437270995976], [80.06024008199037, 17.346557359766216], [80.0599077714635, 17.348155900277963], [80.0600948262408, 17.348212743047473], [80.0603423506583, 17.348323046119887], [80.06078466394852, 17.348520150740065], [80.06185421623083, 17.348996762737187], [80.06234563263443, 17.34924407960187], [80.06327216093945, 17.34971037200435], [80.06354056001747, 17.349886391038407], [80.06356508211911, 17.349902472626948], [80.06499417986082, 17.35083968090925], [80.06635812309104, 17.351570336915845], [80.06753995225142, 17.352042917430648], [80.0678844587079, 17.35218067414742], [80.06932064769454, 17.35284249525562], [80.069342327659, 17.352849229841226], [80.07016494200377, 17.353104777019325], [80.0709569022799, 17.35296958537875], [80.0721725297973, 17.352197896563716], [80.0735540143225, 17.35131560853302], [80.07390210496467, 17.350934800531046], [80.07408459593928, 17.351217649762656], [80.07418029915287, 17.35136599688584], [80.07421625830675, 17.351421735819166], [80.07436010777121, 17.3519349488537], [80.07491509602575, 17.352343320242685], [80.07499995165844, 17.352405758655557], [80.07495579449973, 17.35253049189459], [80.07436370285428, 17.35420300197819], [80.07405131905814, 17.35489335897265], [80.07394187825857, 17.355135220145492], [80.07376790750008, 17.355519687016223], [80.07321362957448, 17.356096934455188], [80.07303112169049, 17.356786522826404], [80.07348886728795, 17.357848310877603], [80.07385002247847, 17.35829732289551], [80.07470210760617, 17.359356668604732], [80.07531109832462, 17.36110929842611], [80.07574409130034, 17.361949104120075], [80.07625412076614, 17.362789210875007], [80.07634419462497, 17.362976938974228], [80.07659777051698, 17.36350541588455], [80.07695442620732, 17.36418470016544], [80.07733255726923, 17.364186115573183], [80.07813531553523, 17.364189118207772], [80.07909811345984, 17.36416805644716], [80.07938408445801, 17.364192671760765], [80.07999632189167, 17.364245370146083], [80.08062635749293, 17.36438365386421], [80.08096947361688, 17.364458962719855], [80.08096958448887, 17.364431517205322], [80.0815709553142, 17.364611854899067], [80.08203725695411, 17.36475168694442], [80.08306011218602, 17.365073676840765], [80.08377193285435, 17.36548744030905], [80.08450592133796, 17.3653631313431], [80.08469256134686, 17.36533152167656], [80.08562031937784, 17.365112096198544], [80.08614746198705, 17.364852742754678], [80.08644263513197, 17.36471930726794], [80.08836647355844, 17.36384952163271], [80.09098928699555, 17.362895976675706], [80.09107981913056, 17.362851446862486], [80.09138592068655, 17.36267066438826], [80.09229753370053, 17.362058741616682], [80.0934371078451, 17.361293787242676], [80.09580697802049, 17.359797847625774], [80.09729167182729, 17.358751538821792], [80.09814539334542, 17.358267727248155], [80.09893851448659, 17.357725272931138], [80.09948749319229, 17.3573767034031], [80.09990201498121, 17.357464816420368], [80.10003996037234, 17.35749413848941], [80.10133956916168, 17.357753841143072], [80.10163559816719, 17.357812995859128], [80.10234249458695, 17.357973290860603], [80.10256956272549, 17.358024780273603], [80.1027703455107, 17.35807030829956], [80.10374307744965, 17.358268587284645], [80.10471611756343, 17.35838896214366], [80.1057294928386, 17.358567914785592], [80.10660120028814, 17.358668447532114], [80.10709141142993, 17.358638823866908], [80.10812266546255, 17.358576538706696], [80.10838085278301, 17.359979790267626], [80.10867852624582, 17.360718452855444], [80.10874242695338, 17.360877018595293], [80.10908372188295, 17.361774154992332], [80.10960823547342, 17.3624966750021], [80.10999416226689, 17.363235214141472], [80.11039338227974, 17.36399919961042], [80.11099797282102, 17.364994667727654], [80.11194494573739, 17.36661462058657], [80.11171850608223, 17.367294350523714], [80.1115755595519, 17.367723448109402], [80.11146081105781, 17.3681531755181], [80.11131449909553, 17.3687011825355], [80.11104042673531, 17.36972762504362], [80.11067117635497, 17.370797499388093], [80.11156027849367, 17.37165765527273], [80.11232919380066, 17.372127847616227], [80.1122540667434, 17.373002418645672], [80.11211677709758, 17.37460060264312], [80.11265776127112, 17.37433448044674], [80.11418019390534, 17.373585550096838], [80.11518542653249, 17.373072926289492], [80.11583595780692, 17.37275973488666], [80.11687205179963, 17.372260912277124], [80.1168926845836, 17.372403392470474], [80.11692370630047, 17.372617607622914], [80.11701880550186, 17.373245464821146], [80.11718845458012, 17.3743654960768], [80.11725958644892, 17.374873146959303], [80.11744507773658, 17.376197204079357], [80.11786352798126, 17.37814634023031], [80.11946507037044, 17.378366267992114], [80.11984071710745, 17.380899535010734], [80.11917129975063, 17.38091663097475], [80.11922338050104, 17.383195560708874], [80.11969769956882, 17.383212258636654], [80.12106897581103, 17.383260528433627], [80.1221644448506, 17.38322545048049], [80.1227327646239, 17.38313006947282], [80.12292297815678, 17.382655887444546], [80.12342927706459, 17.38134068666244], [80.12388464375756, 17.381561318328185], [80.12448208232763, 17.3818507831642], [80.12451810246061, 17.381809915049903], [80.12460611210862, 17.38171005694394], [80.1253377038402, 17.38087997332845], [80.12561496465123, 17.38069757774045], [80.12571467154642, 17.380632014943284], [80.1261917633122, 17.380318165159], [80.12686184626381, 17.38012574396802], [80.12731324014543, 17.38000122769502], [80.12893312600306, 17.37950976429059], [80.12895372620972, 17.379587413593196], [80.12923308950941, 17.380640440371156], [80.12945442847638, 17.381467442205274], [80.12947309927685, 17.38153720141811], [80.12965306946508, 17.38221950880985], [80.12968733813956, 17.38255107742996], [80.12975330482364, 17.38318914614834], [80.1297900352664, 17.383544384618162], [80.12976280370384, 17.38537506839386], [80.12959714133837, 17.38627040249955], [80.12939044386415, 17.38728245263885], [80.12936162534572, 17.38791658789752], [80.12934618431025, 17.388256120053892], [80.12973928264657, 17.38860010999516], [80.12977076034855, 17.388627654796846], [80.13088469965253, 17.389079490269733], [80.13191773333944, 17.3894726291108], [80.13282905334408, 17.38986533554433], [80.13434810910398, 17.390474394446226], [80.13556319407685, 17.391004461456014], [80.13649511630872, 17.39131931923476], [80.13783207652254, 17.39181084499391], [80.13874386261345, 17.39208667203017], [80.13985244163645, 17.392462259797934], [80.14048615276882, 17.392676971807127], [80.14158058154055, 17.392933929369864], [80.14249259589073, 17.393151309779533], [80.14324291574435, 17.393212305122645], [80.14350311144878, 17.393294481287985], [80.14436231610989, 17.393585257819023], [80.14464638650229, 17.393272787570943], [80.14476809785312, 17.393138907420006], [80.1450954451675, 17.392832953326536], [80.14543201811765, 17.392518377572404], [80.14578150680417, 17.392087741629428], [80.14588974064829, 17.391954377109446], [80.14642857362128, 17.39129043283626], [80.14770912836138, 17.39003573323242], [80.14904394787777, 17.38847495002251], [80.14912286069153, 17.388370818379446], [80.15020141794737, 17.38694756858528], [80.15155341637386, 17.385522939329498], [80.15310112753976, 17.383877783294906], [80.15448863818004, 17.382419221685215], [80.15462688008338, 17.38229187914353], [80.15553765775492, 17.38145292998698], [80.15692489863666, 17.38006241644657], [80.15788498349828, 17.379180880634785], [80.1595380971766, 17.377757209890287], [80.16048020580682, 17.37694366308526], [80.16051024696601, 17.377070691270855], [80.1605993374962, 17.37744740477972], [80.16063222836836, 17.37763274656063]]]}}, {"type": "Feature", "properties": {"mandal": "Khammam (Urban)", "district": "Khammam", "state": "Telangana"}, "geometry": {"type": "Polygon", "coordinates": [[[80.32080484022954, 17.363749558771346], [80.32140034201258, 17.363750609823494], [80.32438820772691, 17.36352842783238], [80.32804013804657, 17.363216381629407], [80.33031615097988, 17.36322031280126], [80.33221329373158, 17.363041625500994], [80.33695981894171, 17.361139283166693], [80.33961788742336, 17.360052091602093], [80.34056815813052, 17.35963977808409], [80.34118433409097, 17.359372420969276], [80.34336774348351, 17.358466333421582], [80.3455519253993, 17.357241819437366], [80.34768765031973, 17.35642658068383], [80.3489687621146, 17.356064787685156], [80.35015548765716, 17.35552088826914], [80.35167422331068, 17.354932034179946], [80.35395225273805, 17.35407147614449], [80.35328057661457, 17.35260460747969], [80.35227293749823, 17.35102611810443], [80.35031749031553, 17.34926413656709], [80.34893133639339, 17.347381768902356], [80.34811491004146, 17.34519708217819], [80.34723438513704, 17.343376176710763], [80.3466058349984, 17.341919574202418], [80.34604292081752, 17.33949269522458], [80.34560720226602, 17.336762778362512], [80.34479055617435, 17.33469936592777], [80.34397438008985, 17.33245400290872], [80.34321855572485, 17.331361065815873], [80.3426271949917, 17.330120176549368], [80.34177227163337, 17.32832620500925], [80.3395065868228, 17.324380217891417], [80.33849889737162, 17.32292294189639], [80.33553512481919, 17.320128063760045], [80.33269645940166, 17.31787920005053], [80.33010944283406, 17.316115925853957], [80.32789952578693, 17.31520236411644], [80.32550079530961, 17.313985203450475], [80.32272332841748, 17.31258540107381], [80.31975485526625, 17.311731068436835], [80.31808450465772, 17.311310295205452], [80.3174549969106, 17.310338780606756], [80.31506007497077, 17.307726564192183], [80.31323163999882, 17.306025086406024], [80.31115187385686, 17.30377728760553], [80.30825149432717, 17.301164071205555], [80.30591805138894, 17.299279652014246], [80.30251334662933, 17.296240876025983], [80.29980196939911, 17.29393113593412], [80.29569893614317, 17.292103940815586], [80.29405691001904, 17.291676289104984], [80.29266835790663, 17.29100650589453], [80.29121527550426, 17.290821791147785], [80.28988825859446, 17.290758607871606], [80.2876129172558, 17.290814895354004], [80.28634910072778, 17.290751811808224], [80.28483418253532, 17.29008173293127], [80.28293957201117, 17.289592855920098], [80.28142450540504, 17.288983402996084], [80.2795285444142, 17.2889796941416], [80.27719002113639, 17.289035746165425], [80.27479106032659, 17.28812125046041], [80.27277321484195, 17.286540334146196], [80.27170527266293, 17.28429414512397], [80.27107938331068, 17.282170133675624], [80.26988631076019, 17.279499128368677], [80.26856548568348, 17.277313059583594], [80.26730928370071, 17.274641906181973], [80.26579894003758, 17.272455433301502], [80.26428880512724, 17.27020829770131], [80.26359509471837, 17.26972168122282], [80.26182976689526, 17.268323115152125], [80.25967804681387, 17.26941041880872], [80.25822231201327, 17.270195881225334], [80.25683153967108, 17.270374962136067], [80.25543933596093, 17.271039236067203], [80.2537943507035, 17.271702974515225], [80.25271899103251, 17.272064637332633], [80.25044043282186, 17.273272881677492], [80.24873221826003, 17.273936447614513], [80.24778141557499, 17.274904852062367], [80.24651426847794, 17.275993883861325], [80.24458592917065, 17.277513963751005], [80.2437358029428, 17.27651142274456], [80.24217557115152, 17.275234435077817], [80.24123053865272, 17.274277168133366], [80.23976733276886, 17.27227256247688], [80.23863426312462, 17.270814511744685], [80.23721960863404, 17.268446086166247], [80.23589659016626, 17.26712407153291], [80.23509463978782, 17.265894156610763], [80.23348604330083, 17.264980899123017], [80.23486419115977, 17.26375571662391], [80.23586290361717, 17.26262067927517], [80.23671859761544, 17.2617582562614], [80.23752841098424, 17.2603953613794], [80.23852778093251, 17.259032870882564], [80.23886172718151, 17.258305778491604], [80.23938771413097, 17.256760310245493], [80.23944005955185, 17.25512284590598], [80.23920875047692, 17.253257330183114], [80.23921398155986, 17.251528785281018], [80.23893501377131, 17.249754139814403], [80.23865467246571, 17.248434373857858], [80.23837350797025, 17.247387535441856], [80.23847311028901, 17.245795655441743], [80.23852353042301, 17.244795018846094], [80.23881254504009, 17.243249033566045], [80.23924371656108, 17.241703351925572], [80.23758473701591, 17.24183624427126], [80.23654137862827, 17.242106921103822], [80.23563907354296, 17.242741806273834], [80.23378858622914, 17.24351109142899], [80.23222311008335, 17.244053541061554], [80.23032716412857, 17.244185858769004], [80.22942818780966, 17.243729001501823], [80.22881578414405, 17.24254495507797], [80.22839237808527, 17.241543275768215], [80.22839532173698, 17.240588023421623], [80.22877778176709, 17.23949713996021], [80.22878156374207, 17.23826895729683], [80.22878548570355, 17.236995286355896], [80.22889306956911, 17.235684776956678], [80.22709309815309, 17.235453368055335], [80.22590774184502, 17.23567819088104], [80.22509865510241, 17.236813613993814], [80.22405276583369, 17.237903019047682], [80.22291322285346, 17.238628301397785], [80.22177551302738, 17.238762230936757], [80.22040171900582, 17.23862269315169], [80.21826931146745, 17.238617908857268], [80.2164205097865, 17.238841185561974], [80.21480935494542, 17.238837542677754], [80.2135783006669, 17.23851633062949], [80.21310874341643, 17.237150606155616], [80.2125915187916, 17.235875748614635], [80.21178940965513, 17.23478219456793], [80.21112831305015, 17.234052868891926], [80.21046895351799, 17.232777679972276], [80.2094797848098, 17.23091038068768], [80.20802258481564, 17.227222449930263], [80.20717619882738, 17.22517350737426], [80.20675337571716, 17.224035313573935], [80.20675627906877, 17.223125543730188], [80.20699798259727, 17.221624967423576], [80.20728547004869, 17.220624873540572], [80.20743254678902, 17.2190785888412], [80.20657966901057, 17.219076625556152], [80.20534642381176, 17.219483181115265], [80.20435023170185, 17.21984478868976], [80.20335505725721, 17.219887972179126], [80.2025021750695, 17.219885992563505], [80.20160293550536, 17.219565479207265], [80.20098843041022, 17.219109159218554], [80.19966129012364, 17.219242529141226], [80.19966202485124, 17.219015086535634], [80.19928708005921, 17.217740519793125], [80.1983438569823, 17.21637364297073], [80.19834768146458, 17.21519093861856], [80.19863726136232, 17.21355401184542], [80.19897362937124, 17.212099150284885], [80.19968639128881, 17.211463969254346], [80.20063692840053, 17.21055640731995], [80.20078038759132, 17.210147339339628], [80.20054539286951, 17.209555433258746], [80.20021608063018, 17.20882683985049], [80.20007643518547, 17.208053198180476], [80.19917989809015, 17.20691387486779], [80.19809429631343, 17.20563763678439], [80.19625537335888, 17.20290396691855], [80.19536021151063, 17.201355225239503], [80.19503285378393, 17.200035265352074], [80.1951608720577, 17.198979204908042], [80.19322166577604, 17.197973859356292], [80.1921848651184, 17.196288297829543], [80.1909561975183, 17.195330103212168], [80.18868690804231, 17.193869036572636], [80.18726697336207, 17.193456235582122], [80.18570341690524, 17.19349797500724], [80.1838070244865, 17.193902814471322], [80.18233700933217, 17.19430866981364], [80.17987193658202, 17.194757588226118], [80.17736053837228, 17.194887939369977], [80.17508708626099, 17.194700419194017], [80.17305082518853, 17.194422479951832], [80.17134819655803, 17.193553983158274], [80.16945700156761, 17.192412068762817], [80.16775502265422, 17.191361586979987], [80.16600769528522, 17.189719614105048], [80.16449603130549, 17.18844213260095], [80.16240829677118, 17.18638963682481], [80.16227939897828, 17.186290674471085], [80.16209569455575, 17.186162020628526], [80.1620038805993, 17.186086642995246], [80.1617739599833, 17.186010917639518], [80.16159431533819, 17.186041409063748], [80.16149290181319, 17.18608093708798], [80.16139635370648, 17.186087357972163], [80.161070969431, 17.18667649183867], [80.16107027999891, 17.186677740200178], [80.16035139655682, 17.188418418102096], [80.15960105609561, 17.189878971147436], [80.15800601064873, 17.191959700383265], [80.15709382176321, 17.19335760101594], [80.15530245565135, 17.195966776915288], [80.15312237275225, 17.19851271129583], [80.15217965311287, 17.199350425868346], [80.15068243212359, 17.201213533492723], [80.14755870756137, 17.20481491530658], [80.14573633589403, 17.206957185938922], [80.14362213702155, 17.209129795235583], [80.14196293341665, 17.210930182396606], [80.14040246529602, 17.21229519492623], [80.13955617375427, 17.21319807993834], [80.13682386417725, 17.21611302363638], [80.13519905115086, 17.2173222486434], [80.13324667734486, 17.219495174255844], [80.1311984722382, 17.221263324114737], [80.12928099105218, 17.222720647674432], [80.12768938361472, 17.223680976957244], [80.12661578278838, 17.224798259367617], [80.12531405377972, 17.22625719357497], [80.12436827525694, 17.227872654729982], [80.12378126359353, 17.228866768172526], [80.1236153802426, 17.229924245407496], [80.12361279426082, 17.230639891681452], [80.12367480764054, 17.231417943745758], [80.12395944003633, 17.233378977993347], [80.12408515850188, 17.234468353703587], [80.12495043277545, 17.237208828781014], [80.12527120160038, 17.238143149194016], [80.12588033406631, 17.240011701566623], [80.12636251038793, 17.2411331439814], [80.12662268030468, 17.242881396979737], [80.12710215160577, 17.24447167247075], [80.12767270448857, 17.246364009857036], [80.12800589338104, 17.247469067809543], [80.1282172788615, 17.248170145957317], [80.12933920800927, 17.251689151592043], [80.13001381055071, 17.253402279817823], [80.13030165701993, 17.254492075183084], [80.13094475239019, 17.255956194780765], [80.13187994125464, 17.25732774166371], [80.13239238988471, 17.25907154317934], [80.13256070898608, 17.259553020463244], [80.1330020989805, 17.260815600508522], [80.13312266974582, 17.26336734946374], [80.13308703393666, 17.26426958919609], [80.13340566696458, 17.265826180098898], [80.13359363421253, 17.267662458568488], [80.13375173539491, 17.268783013687358], [80.13368312877405, 17.269840738820555], [80.13348395788958, 17.271147037639153], [80.13334962182668, 17.272453506138117], [80.13350595190414, 17.27407189261133], [80.13349830456046, 17.276217370635397], [80.13406442800171, 17.27582469572274], [80.13440189720293, 17.275527556453053], [80.13500707511328, 17.275601788010935], [80.13582821564343, 17.275080111128556], [80.13672808588123, 17.275264432507925], [80.13772129936012, 17.275858387030095], [80.1382416859226, 17.27613268065663], [80.1396645257325, 17.275863481598414], [80.14142089489175, 17.27509477656021], [80.14317549087193, 17.274826419346134], [80.14397537985782, 17.274704075413116], [80.14488284683219, 17.27451243809087], [80.14578511281488, 17.27401440820286], [80.14668769233243, 17.273425398679496], [80.14749515826043, 17.27292711683233], [80.14849045470014, 17.272929683132507], [80.14972272647513, 17.272932853626628], [80.15048104766055, 17.272934800879256], [80.15109718404408, 17.272936381714082], [80.15256643122657, 17.27294014371533], [80.15273303181253, 17.272940569335656], [80.15432004905922, 17.2729446199115], [80.15673782560668, 17.272768816648384], [80.15754432414171, 17.272543421169424], [80.15920517918096, 17.271956278579097], [80.16162371718724, 17.27155298120471], [80.16337747804164, 17.27151189585025], [80.16565288958674, 17.27138112269235], [80.16778580614613, 17.27134094575595], [80.16963204647944, 17.271982358946296], [80.171809144801, 17.27289749918741], [80.17299034933846, 17.273992120213606], [80.17412203334658, 17.275723443318768], [80.17501751989333, 17.277226741528132], [80.17638576645619, 17.279095093175474], [80.17756536263614, 17.280690048576414], [80.17902936214199, 17.28228568774424], [80.17987872925906, 17.283424946705942], [80.18101385379154, 17.28415550405123], [80.18248031958727, 17.285023319208037], [80.18361546300848, 17.285753863115723], [80.18493915658051, 17.286803267402696], [80.18645275853964, 17.28776214322773], [80.18796607717275, 17.288811982219904], [80.18948015685022, 17.28963437389825], [80.18971178343749, 17.291272480818687], [80.18970850199133, 17.292273200477776], [80.18956272262662, 17.293364554901313], [80.18936924185167, 17.29454677007494], [80.18936640713743, 17.295411026852573], [80.18988438317248, 17.296458473576536], [80.19007145149214, 17.297232207017988], [80.19006683045122, 17.298642308269436], [80.18935148341717, 17.299959740319682], [80.18816225616477, 17.301230550508425], [80.18749653481781, 17.301865782237286], [80.18645338942076, 17.30195425860726], [80.1854105433164, 17.301951756073944], [80.18479311367018, 17.30231417145022], [80.18441088789207, 17.303222999571652], [80.18379254946086, 17.30385833393932], [80.18307925156259, 17.304538924483168], [80.18217724172088, 17.30494613143996], [80.18108682570045, 17.30498897978854], [80.17990326945106, 17.304531236292785], [80.17900428601789, 17.304028690200482], [80.17876848637991, 17.303664217272317], [80.17834125717728, 17.30384512658475], [80.17753131045919, 17.305071312015905], [80.17595879032436, 17.307523786579647], [80.17457447313409, 17.310386094082794], [80.17376233652615, 17.31224907652523], [80.17323736767912, 17.313293992611577], [80.17252277321593, 17.31433843927244], [80.17180893752568, 17.315155449456782], [80.17109616997413, 17.315654049252746], [80.17000384786026, 17.316242681939183], [80.16915054804612, 17.31624056885145], [80.16753876081216, 17.31623656854689], [80.16640118232881, 17.3161882498106], [80.1668716848068, 17.317235626409307], [80.16743592467715, 17.318601643205287], [80.16795153243461, 17.320331433421867], [80.16818440286349, 17.3215601627798], [80.16879791928636, 17.322380452143644], [80.16950625464942, 17.323200973791238], [80.17021490416292, 17.323930519871794], [80.17086543985728, 17.32445185886283], [80.17124449551818, 17.324513443786767], [80.17219203294782, 17.324697729247948], [80.17377126657873, 17.32500486048243], [80.17528668408384, 17.32549377245527], [80.17538495437675, 17.326231281365093], [80.17538060845807, 17.32752764842121], [80.17488018952116, 17.32831107155806], [80.17466181324161, 17.329811603896328], [80.17515548690646, 17.331040959492498], [80.17568483868727, 17.332236285298276], [80.17585930953963, 17.33322605060941], [80.17578270865651, 17.33486338827313], [80.17567146293266, 17.33622771874382], [80.17563030273034, 17.33789925584846], [80.17566117323128, 17.33929804752396], [80.17508537496707, 17.341343538189477], [80.17469010703445, 17.342570708998174], [80.1741847205441, 17.344821056320043], [80.17375066957977, 17.34700334623801], [80.17349693410623, 17.348435548084836], [80.17281452041631, 17.35044664745465], [80.1717708498298, 17.354128479557374], [80.17105387274239, 17.35583244948787], [80.1706218379333, 17.357400662215145], [80.17008276390509, 17.359070952150006], [80.16923217175813, 17.36053744730472], [80.16895301777193, 17.360807120917485], [80.16870237675377, 17.36104924918466], [80.16850280961332, 17.361518459052775], [80.16835121815394, 17.361996796090427], [80.16867050021898, 17.363491043790578], [80.16892502335436, 17.364954016242603], [80.16892207373537, 17.365825189589184], [80.16885288430225, 17.36710067655373], [80.1684907238173, 17.36868657176719], [80.16783906661274, 17.36955613419607], [80.16686114609121, 17.370984926766422], [80.16542762936709, 17.372848166520335], [80.16422262239108, 17.374276378882094], [80.16259528820862, 17.375890204620994], [80.16161174188655, 17.37666258584136], [80.16148947022964, 17.376758605629917], [80.16063222836836, 17.37763274656063], [80.16070938306073, 17.378067525073668], [80.16083943961746, 17.378649626185506], [80.16089839213976, 17.378913480505506], [80.16144877701322, 17.38162032071844], [80.1617174143741, 17.382496453957177], [80.161667177333, 17.383188731901402], [80.16150511288737, 17.384140074175885], [80.16147092597782, 17.384340759140656], [80.16130785120053, 17.385170162711614], [80.16130657328026, 17.38517819264812], [80.16114402676367, 17.386199354341816], [80.16115429864695, 17.38623871975157], [80.16138084676187, 17.387106931450557], [80.16154961050354, 17.38786508629277], [80.16161709596798, 17.388168207533106], [80.16189697353823, 17.389464051100436], [80.16197917945962, 17.38984467055733], [80.16177548816906, 17.39057545826823], [80.16167103265168, 17.390950222937683], [80.1615073895613, 17.391659912435838], [80.16150656027256, 17.391901823364627], [80.16253569518938, 17.39258669201599], [80.16342354560838, 17.392929989541962], [80.16448937442449, 17.39334209705288], [80.16686814877136, 17.394610254566008], [80.16867704841488, 17.396115772045334], [80.17020119321295, 17.39768879727912], [80.17105139170323, 17.398714321858954], [80.17186545423908, 17.39991032428167], [80.17249961153453, 17.40171993389601], [80.17360238402658, 17.401688531009633], [80.17506027986879, 17.401828563851783], [80.17605917294678, 17.4023316828044], [80.17669374264172, 17.402651297013467], [80.17800891329975, 17.402927416276235], [80.17928806280368, 17.403339897210024], [80.18071063180801, 17.403411576601542], [80.18213399481645, 17.403244450900097], [80.1837345268152, 17.40328242595374], [80.18480162396935, 17.40328499435987], [80.18611771044024, 17.403288153227813], [80.18718402082423, 17.4035295062221], [80.18821554929, 17.40353197171688], [80.18946161767394, 17.40319380254974], [80.19088877020461, 17.401866748137834], [80.19111267660077, 17.40142869239632], [80.19217752813329, 17.399345362561284], [80.19285668387207, 17.39832354685178], [80.19425176557206, 17.395904738343038], [80.19568204815327, 17.393588343424028], [80.19668559570702, 17.391236821185572], [80.19743760412948, 17.38966932986269], [80.19815635358478, 17.38738535703222], [80.19887409318345, 17.385408406097262], [80.19937853035614, 17.383396838823202], [80.19949195170909, 17.381316126452248], [80.19993262923809, 17.381453139407057], [80.20043960959858, 17.381403149854414], [80.2013220917359, 17.380714388729224], [80.20250004189249, 17.379386664360464], [80.203383001265, 17.378544379864284], [80.2040236715625, 17.378392348135982], [80.2051443913112, 17.37826700951089], [80.205485187374, 17.37816573929934], [80.2068531634441, 17.37775923114137], [80.20826973723209, 17.37686698152737], [80.20920560075965, 17.37615272259591], [80.21054123778543, 17.375541715888684], [80.2117174732534, 17.374725651142878], [80.21246757171076, 17.373703923443276], [80.2134319373925, 17.372401234840147], [80.21461007906774, 17.37097109582097], [80.21538593480483, 17.37023086035595], [80.21626903906521, 17.369311761652796], [80.21699161683607, 17.36854581372721], [80.21720164198757, 17.36857988126108], [80.21763144103485, 17.368649597464874], [80.21923132427739, 17.36880670721103], [80.22152454274445, 17.369016525335564], [80.22256342734609, 17.369453802089733], [80.22373552215234, 17.36994254191048], [80.22482776223548, 17.370379926124233], [80.22608020407299, 17.370766487094834], [80.22776194733135, 17.37033523736735], [80.23032436087497, 17.36975239088909], [80.23227281495672, 17.369321689469295], [80.23440812536076, 17.36884020476882], [80.23563554022282, 17.368689350873886], [80.23713076903877, 17.368180865651084], [80.2388126983573, 17.3676727716319], [80.24046825625565, 17.367062263441436], [80.24166967694407, 17.36668104612416], [80.24308516543796, 17.366070003792565], [80.24369863106969, 17.36607131069445], [80.2446845877367, 17.36638043782104], [80.24572381686232, 17.366715259086092], [80.24769643490274, 17.367103218088918], [80.24977498939296, 17.367747240376048], [80.25097495359338, 17.36785209969088], [80.25302798951596, 17.368112247889623], [80.25220621578724, 17.366396276347967], [80.25159608801222, 17.365269219121057], [80.25157191873676, 17.364424831564495], [80.2517074801908, 17.363683122063033], [80.25202936436045, 17.36306973134996], [80.25357611257691, 17.363149714400752], [80.25601278799759, 17.36344332577739], [80.25802926287534, 17.36326331573435], [80.25900085594132, 17.363176574136624], [80.26227275405807, 17.363137790953754], [80.26578186678341, 17.363053951059282], [80.26886474856853, 17.362787252549936], [80.27137627600565, 17.363338120121668], [80.27440953495525, 17.363844507126384], [80.2765433032325, 17.363848730073894], [80.27943574373454, 17.36385441984544], [80.28237560259264, 17.363860162422405], [80.28436711946317, 17.363864029953792], [80.2858852272673, 17.363594048542826], [80.28868573587357, 17.362553253323377], [80.29053511559276, 17.362511305010212], [80.29247870048651, 17.36269694967048], [80.2941382888431, 17.362700095245792], [80.29546558435527, 17.362839059311035], [80.29797693875197, 17.3634805858864], [80.30053634447293, 17.36389474051839], [80.30323838082158, 17.364172669770824], [80.30499208058767, 17.36444882110128], [80.30684098640391, 17.364588674382592], [80.30930716956621, 17.364411233178455], [80.3138607890837, 17.363828153081617], [80.31675371032995, 17.363651392432555], [80.31822339941107, 17.363744983453593], [80.32080484022954, 17.363749558771346]]]}}, {"type": "Feature", "properties": {"mandal": "Konijerla", "district": "Khammam", "state": "Telangana"}, "geometry": {"type": "Polygon", "coordinates": [[[80.3858041783462, 17.248742844518784], [80.38594440222116, 17.247468894862127], [80.38613838221393, 17.2455283420183], [80.38633263528551, 17.243466484983617], [80.38633664190327, 17.241707605618096], [80.38634092628668, 17.239827422336813], [80.38641101633355, 17.23679495753507], [80.38629183931046, 17.23364091042655], [80.38591842329163, 17.23115365386261], [80.38573344931638, 17.229151883369124], [80.38567497440654, 17.22708964355921], [80.3853615721975, 17.225997456234154], [80.38485850128954, 17.22496564049242], [80.38454441392939, 17.2241767083093], [80.38391666337752, 17.222416886092688], [80.38228185972687, 17.21901797606208], [80.38228115714709, 17.219015597924155], [80.38203110694869, 17.21816847971332], [80.38159320388026, 17.21628762395106], [80.3812827756799, 17.21392174011791], [80.38065662619215, 17.211494732288426], [80.38009296432186, 17.2093710736832], [80.38009716732552, 17.207551518269373], [80.38003889828549, 17.20542860778406], [80.3796646343363, 17.203365876927606], [80.37910297182451, 17.20039308088039], [80.37916979183319, 17.198816222164844], [80.378668929945, 17.19687459971772], [80.37848420186019, 17.194812143322544], [80.37848682240596, 17.19480642513031], [80.37835155181101, 17.194810551680952], [80.37816278714726, 17.19481468899283], [80.377683861826, 17.194871436267942], [80.37732472771606, 17.194888578627985], [80.37699776770067, 17.1949278699092], [80.37675820688858, 17.194998235728928], [80.37662013877318, 17.195062625293225], [80.37553114480534, 17.195895979190936], [80.37486638423638, 17.196531822901495], [80.37429552268036, 17.197531721681624], [80.37410356652518, 17.19857768230953], [80.37353194843087, 17.19989600084964], [80.37267765715487, 17.200531548665605], [80.37163342015502, 17.201348759597373], [80.37021154490967, 17.20157402641977], [80.36878912915653, 17.20202672836815], [80.36713089515649, 17.20202416476693], [80.3657583392591, 17.201430673206463], [80.36500278874455, 17.200383244512555], [80.36448532842373, 17.19883580359871], [80.36330372796628, 17.19765123434049], [80.36264230368853, 17.19687687827584], [80.36254676657516, 17.196846127846953], [80.36122209219576, 17.196419749345115], [80.35875828080383, 17.196506825645937], [80.35757353125582, 17.196641406737623], [80.35482412406813, 17.197273852386733], [80.35221638516171, 17.198088449377863], [80.35126805974895, 17.198405335128204], [80.34918267663791, 17.198720360745963], [80.34738233929818, 17.198717410845187], [80.34529739893404, 17.198850441962104], [80.34330755140051, 17.198847144404898], [80.34188668653573, 17.198662820170334], [80.34101613235394, 17.198645256706758], [80.34127033209198, 17.19803915825662], [80.34089344483473, 17.197189395696874], [80.3408963362523, 17.196037006226796], [80.34071048293077, 17.1945810376594], [80.34071337538168, 17.19342864703667], [80.34071504984567, 17.192761472666238], [80.34071931172036, 17.191063211341238], [80.34085127590069, 17.18881928966883], [80.34022433424812, 17.186938010380764], [80.33997548086188, 17.185421277760977], [80.33940973862546, 17.18432858094316], [80.33871858997492, 17.182871754842036], [80.33821679152267, 17.181475897440055], [80.3371479065677, 17.179533205460142], [80.33620552135572, 17.177530068237324], [80.33577029890975, 17.174799952879955], [80.33571021148045, 17.173586792810312], [80.33565089397439, 17.17207036993481], [80.3355928068944, 17.170068724441435], [80.33585006000493, 17.168249571773813], [80.33667604925853, 17.166310075550278], [80.3372501535143, 17.16406688344746], [80.33744299968451, 17.162732840849113], [80.33801647349468, 17.160732255431643], [80.33820114485263, 17.159182158219334], [80.3377385399849, 17.158391983281756], [80.33706220340616, 17.157326873762624], [80.33645665613435, 17.156536453632423], [80.33592137109285, 17.156226652105417], [80.33495688747472, 17.15605340493635], [80.33431378206602, 17.15598366695351], [80.33363660052689, 17.15526175907831], [80.33260231094445, 17.15443627288899], [80.33167436463498, 17.153954180057223], [80.33096137399177, 17.153266523497784], [80.32964120940771, 17.152440530300836], [80.32892876046606, 17.151546937849176], [80.32832193881926, 17.151271313844276], [80.32767955955462, 17.150926984348338], [80.32671661440037, 17.150170234919795], [80.326003831239, 17.149413918139214], [80.32529584970767, 17.1468042387836], [80.32420965719173, 17.138462165601055], [80.32335835633322, 17.136023826720013], [80.32289720347323, 17.134718788811334], [80.32179633878805, 17.132074070224984], [80.32126463389538, 17.1304256834294], [80.3200215114135, 17.127540447415612], [80.3180537901427, 17.128463641314855], [80.31619406196482, 17.129078113973982], [80.31479859648749, 17.129327095148472], [80.31432506016267, 17.128227943620733], [80.31380243375386, 17.127677853076996], [80.31289854244582, 17.127172835208558], [80.31190034156663, 17.12630154259351], [80.3106621078258, 17.12611624673456], [80.30989969765882, 17.12616062299926], [80.30980221527214, 17.126984171783437], [80.30903906746641, 17.127303118646832], [80.30841970477114, 17.12730198834715], [80.30761038033461, 17.12707169568184], [80.30714221456104, 17.12674318136371], [80.30642789886187, 17.126888815431144], [80.30573823291333, 17.12693170347526], [80.30435878149925, 17.127061626789583], [80.30320905831891, 17.127236122686863], [80.30288752929432, 17.127276690991888], [80.30021913671523, 17.129021162064447], [80.29926190601235, 17.130621061510073], [80.29773055454213, 17.13308936465456], [80.29658420435858, 17.134139746110367], [80.29433735419089, 17.136881249104814], [80.29256803900131, 17.139211771827785], [80.29161284186091, 17.1400336755901], [80.2898459993211, 17.14144893338261], [80.28841062827935, 17.14359700850848], [80.28659366208866, 17.145881622820973], [80.28463421909152, 17.147982895964468], [80.2828650740513, 17.15017604332485], [80.28138410058308, 17.151546019493352], [80.27923394761511, 17.153646865278414], [80.27722605139144, 17.155976779101355], [80.27569773428066, 17.15720933394334], [80.27369706201296, 17.156976552192386], [80.2700750981196, 17.157152363790452], [80.2668833033414, 17.15687136345888], [80.26340468537578, 17.156910064753742], [80.2613080642002, 17.156905781596667], [80.25816407041789, 17.15657898586889], [80.25425592731078, 17.15684546212032], [80.25110774104505, 17.157937176682545], [80.249008113457, 17.158939531162865], [80.2474331741607, 17.159759924829892], [80.24619287508713, 17.160214920877227], [80.24617532453775, 17.160171785114933], [80.24502180738862, 17.160788697918615], [80.24478128626923, 17.162016414714966], [80.24468150477614, 17.163699328162544], [80.244581994241, 17.165291261704372], [80.24363174194954, 17.166244525293564], [80.24206567449069, 17.167196469183743], [80.24106926600685, 17.167740214095677], [80.23997756128723, 17.168465709558586], [80.23855356957357, 17.169417931237213], [80.23798223197068, 17.170371984941877], [80.23760050819956, 17.171280956074234], [80.2380653971157, 17.172454583747346], [80.2381546244837, 17.174274364182722], [80.23800837411301, 17.17563873988414], [80.23748176435758, 17.177457188879274], [80.23690887799975, 17.178911618987282], [80.2361933119787, 17.18054769635209], [80.23590603002846, 17.1815478447212], [80.23599704077861, 17.182776260281784], [80.23589883386522, 17.18391328578026], [80.23541817209887, 17.186186719447406], [80.23503377324435, 17.187959974906043], [80.23503030838378, 17.18909720290816], [80.23545322092968, 17.190235356896803], [80.23573262650751, 17.19182809170759], [80.2361555489895, 17.192966242206708], [80.23643289057301, 17.195241309940705], [80.2363801203614, 17.197015279148044], [80.23613756471443, 17.198879814582945], [80.23561046015851, 17.200834710499453], [80.23561509898967, 17.20089973637768], [80.23574677925382, 17.20274555306899], [80.23593200180862, 17.204156119295142], [80.23687390788483, 17.206023213102863], [80.23795934966661, 17.20743571974027], [80.2397538514449, 17.20939561333043], [80.23915846303181, 17.21014237614447], [80.23754423009474, 17.211230634478227], [80.23635681941664, 17.212183338594357], [80.23573699624656, 17.213455688714618], [80.23554484171048, 17.21431956269125], [80.235684492666, 17.215138667279877], [80.23606063669013, 17.216094750318305], [80.23615290925044, 17.21691375166943], [80.2356279725134, 17.21814081575354], [80.23500909688728, 17.21909474026865], [80.2334404818114, 17.220728930165755], [80.23244252477895, 17.22168202149785], [80.232486705906, 17.222728360980717], [80.23229480646609, 17.223501252140046], [80.23162935040536, 17.224182131465113], [80.23077282058374, 17.22536296583097], [80.23081475977317, 17.227137119905606], [80.2309042239474, 17.22886588841492], [80.2308049885799, 17.230321310387716], [80.23042227738749, 17.231503177919812], [80.22984890184938, 17.233048535894625], [80.22889306956911, 17.235684776956678], [80.22878548570355, 17.236995286355896], [80.22878156374207, 17.23826895729683], [80.22877778176709, 17.23949713996021], [80.22839532173698, 17.240588023421623], [80.22839237808527, 17.241543275768215], [80.22881578414405, 17.24254495507797], [80.22942818780966, 17.243729001501823], [80.23032716412857, 17.244185858769004], [80.23222311008335, 17.244053541061554], [80.23378858622914, 17.24351109142899], [80.23563907354296, 17.242741806273834], [80.23654137862827, 17.242106921103822], [80.23758473701591, 17.24183624427126], [80.23924371656108, 17.241703351925572], [80.23881254504009, 17.243249033566045], [80.23852353042301, 17.244795018846094], [80.23847311028901, 17.245795655441743], [80.23837350797025, 17.247387535441856], [80.23865467246571, 17.248434373857858], [80.23893501377131, 17.249754139814403], [80.23921398155986, 17.251528785281018], [80.23920875047692, 17.253257330183114], [80.23944005955185, 17.25512284590598], [80.23938771413097, 17.256760310245493], [80.23886172718151, 17.258305778491604], [80.23852778093251, 17.259032870882564], [80.23752841098424, 17.2603953613794], [80.23671859761544, 17.2617582562614], [80.23586290361717, 17.26262067927517], [80.23486419115977, 17.26375571662391], [80.23348604330083, 17.264980899123017], [80.23509463978782, 17.265894156610763], [80.23589659016626, 17.26712407153291], [80.23721960863404, 17.268446086166247], [80.23863426312462, 17.270814511744685], [80.23976733276886, 17.27227256247688], [80.24123053865272, 17.274277168133366], [80.24217557115152, 17.275234435077817], [80.2437358029428, 17.27651142274456], [80.24458592917065, 17.277513963751005], [80.24651426847794, 17.275993883861325], [80.24778141557499, 17.274904852062367], [80.24873221826003, 17.273936447614513], [80.25044043282186, 17.273272881677492], [80.25271899103251, 17.272064637332633], [80.2537943507035, 17.271702974515225], [80.25543933596093, 17.271039236067203], [80.25683153967108, 17.270374962136067], [80.25822231201327, 17.270195881225334], [80.25967804681387, 17.26941041880872], [80.26182976689526, 17.268323115152125], [80.26359509471837, 17.26972168122282], [80.26428880512724, 17.27020829770131], [80.26579894003758, 17.272455433301502], [80.26730928370071, 17.274641906181973], [80.26856548568348, 17.277313059583594], [80.26988631076019, 17.279499128368677], [80.27107938331068, 17.282170133675624], [80.27170527266293, 17.28429414512397], [80.27277321484195, 17.286540334146196], [80.27479106032659, 17.28812125046041], [80.27719002113639, 17.289035746165425], [80.2795285444142, 17.2889796941416], [80.28142450540504, 17.288983402996084], [80.28293957201117, 17.289592855920098], [80.28483418253532, 17.29008173293127], [80.28634910072778, 17.290751811808224], [80.2876129172558, 17.290814895354004], [80.28988825859446, 17.290758607871606], [80.29121527550426, 17.290821791147785], [80.29266835790663, 17.29100650589453], [80.29405691001904, 17.291676289104984], [80.29569893614317, 17.292103940815586], [80.29980196939911, 17.29393113593412], [80.30251334662933, 17.296240876025983], [80.30591805138894, 17.299279652014246], [80.30825149432717, 17.301164071205555], [80.31115187385686, 17.30377728760553], [80.31323163999882, 17.306025086406024], [80.31506007497077, 17.307726564192183], [80.3174549969106, 17.310338780606756], [80.31808450465772, 17.311310295205452], [80.31975485526625, 17.311731068436835], [80.32272332841748, 17.31258540107381], [80.32550079530961, 17.313985203450475], [80.32789952578693, 17.31520236411644], [80.33010944283406, 17.316115925853957], [80.33269645940166, 17.31787920005053], [80.33553512481919, 17.320128063760045], [80.33849889737162, 17.32292294189639], [80.3395065868228, 17.324380217891417], [80.34177227163337, 17.32832620500925], [80.3426271949917, 17.330120176549368], [80.34321855572485, 17.331361065815873], [80.34397438008985, 17.33245400290872], [80.34479055617435, 17.33469936592777], [80.34560720226602, 17.336762778362512], [80.34604292081752, 17.33949269522458], [80.3466058349984, 17.341919574202418], [80.34723438513704, 17.343376176710763], [80.34811491004146, 17.34519708217819], [80.34893133639339, 17.347381768902356], [80.35031749031553, 17.34926413656709], [80.35227293749823, 17.35102611810443], [80.35328057661457, 17.35260460747969], [80.35395225273805, 17.35407147614449], [80.3549489614836, 17.353663702538906], [80.35684720492978, 17.35298444778297], [80.35836634146945, 17.352213601247314], [80.36021835154033, 17.351033892087468], [80.36126507398369, 17.349534493741345], [80.3616942034135, 17.34853446879517], [80.36315674609779, 17.346962350133527], [80.36321535771482, 17.34689934660185], [80.36525987160422, 17.344491757257916], [80.3665429307037, 17.34326561666734], [80.36873003216353, 17.340676266061497], [80.36982361408361, 17.339358837889694], [80.37091728950946, 17.33799591659658], [80.37125141684096, 17.337041208606372], [80.371257525793, 17.334448477493677], [80.36865911466752, 17.333147262488538], [80.36682954679301, 17.331628208721323], [80.36279093412581, 17.328710752777845], [80.35957315401829, 17.326219064099025], [80.35730375115953, 17.32366818965066], [80.35623611768634, 17.320815969089505], [80.35630419357415, 17.318814650206065], [80.35713385319546, 17.315540909198628], [80.35796172098067, 17.312994951943338], [80.35929594593105, 17.31014654425596], [80.36196165539332, 17.305541383950093], [80.36488468497552, 17.298995789249126], [80.36691695451432, 17.2948747575916], [80.36857455169846, 17.291385932856613], [80.36907654115548, 17.29032934463664], [80.37136299561422, 17.28554149433578], [80.37168540706345, 17.282812728164753], [80.37194261576376, 17.280932961878868], [80.37194276205798, 17.280870623717323], [80.37194335920962, 17.280616957656587], [80.37194846399603, 17.27844630762147], [80.37069943247688, 17.272136751713187], [80.369642061604, 17.264978356552742], [80.36952586010727, 17.26067197436534], [80.36928472171408, 17.25575888376301], [80.36941869844445, 17.252544589732423], [80.3701183380286, 17.25060483227406], [80.37133837501193, 17.24867840067462], [80.37266495643192, 17.248816890612844], [80.37522302616713, 17.249230169150934], [80.3769288363488, 17.24932371760641], [80.3792985210631, 17.249236291925694], [80.38062605619119, 17.248965339838403], [80.38171863074034, 17.24782975259137], [80.38200390715171, 17.247420780331026], [80.38276098302741, 17.247922271334794], [80.38408725500825, 17.24819715558738], [80.3858041783462, 17.248742844518784]]]}}, {"type": "Feature", "properties": {"mandal": "Kothagudem", "district": "Khammam", "state": "Telangana"}, "geometry": {"type": "Polygon", "coordinates": [[[80.73187277756443, 17.470769960850774], [80.73773668392855, 17.469917208390374], [80.74213904052452, 17.469212949830737], [80.75002786305295, 17.464815025802277], [80.75186302787851, 17.462352733646014], [80.75241443476034, 17.45953906831817], [80.75076653466871, 17.45303319904428], [80.74875432962676, 17.44107614007229], [80.74545831381542, 17.42999852933128], [80.74344373483046, 17.42437183995603], [80.74271220521344, 17.420151636009578], [80.73978089147586, 17.414700927884454], [80.7394156900232, 17.41153571649043], [80.73921752288908, 17.405166536099347], [80.73899829297896, 17.405749863364896], [80.73501086062508, 17.404563620010777], [80.72896150508926, 17.40192685650661], [80.72291208668048, 17.399685580939774], [80.71603773194244, 17.397444205084586], [80.70599931418285, 17.397444851535], [80.69980926065047, 17.400346544106068], [80.6969201623537, 17.402192983491666], [80.69334351778706, 17.40390748404061], [80.68770462761307, 17.40483051677013], [80.6826158603354, 17.405621551120294], [80.67755066501866, 17.406540050000267], [80.67752835837706, 17.406548423317638], [80.6736752299424, 17.407994718469944], [80.67051040018363, 17.41023642414868], [80.66665720795227, 17.41326930444061], [80.663904102064, 17.416302286173586], [80.65716105584659, 17.421049037853997], [80.65275939356387, 17.421839481940086], [80.64794585633807, 17.42183842245011], [80.63777077640336, 17.419725643200216], [80.63772608074078, 17.41962590708156], [80.63370699236266, 17.421299779507255], [80.62794525322936, 17.42397022632128], [80.62593999682754, 17.422887284681035], [80.62346487523281, 17.42249078278605], [80.62153902467493, 17.422885766076927], [80.61727368843643, 17.42459872907239], [80.61204599701588, 17.425915564595254], [80.6057172001039, 17.42789123110604], [80.60200378602055, 17.427889603361077], [80.5999414072417, 17.42736112832681], [80.59787951657077, 17.426436974673017], [80.59571576054925, 17.423578362749492], [80.59568251730903, 17.423534444420483], [80.59362295032317, 17.42076384002917], [80.59115036968483, 17.418388667953], [80.58895092314368, 17.41759624171251], [80.58358704772495, 17.417857222407942], [80.58000912974428, 17.419569809280635], [80.57588051254749, 17.421677680706647], [80.57175039602534, 17.42484055876538], [80.56954899888885, 17.425498681901882], [80.56741390694798, 17.425015493161585], [80.56702403197254, 17.4271182984646], [80.56738726318773, 17.429224887047233], [80.56872518930672, 17.4325022656894], [80.56872154866724, 17.43519372511721], [80.56871648469601, 17.438938359621208], [80.56834545508421, 17.442565747218385], [80.56834228540798, 17.444906136707388], [80.56797012706927, 17.449352647837497], [80.56625734344668, 17.45239410083526], [80.56578036663124, 17.455948555257127], [80.56133114880545, 17.463019374649967], [80.55985143427769, 17.464819221745195], [80.5595310837798, 17.465208171296197], [80.55749456747527, 17.467679151439537], [80.5573572653321, 17.467799300470766], [80.5556638737553, 17.469334486090833], [80.54755542661428, 17.476676687771867], [80.54202579678818, 17.484502596001224], [80.53471800554247, 17.48981497262856], [80.53269377131339, 17.490444290916543], [80.51794219099926, 17.49503043612741], [80.50797065194966, 17.495038733963813], [80.49534381188863, 17.493650742381025], [80.48795058698845, 17.491749677959124], [80.4820833837617, 17.490586603430547], [80.47951224872139, 17.49035438912606], [80.4792910378068, 17.490545104452714], [80.47909272920607, 17.490802486903473], [80.4744553222975, 17.49667470448482], [80.4728152602002, 17.497845930086452], [80.47081689788894, 17.499044435982526], [80.47064880029976, 17.49914524964778], [80.46647602086695, 17.501377935593222], [80.46455366036245, 17.502488426506066], [80.46258545898229, 17.503288389227837], [80.45881686664549, 17.50472050762665], [80.45411781554176, 17.507681460269726], [80.45688784617751, 17.510455194574774], [80.46150349716832, 17.509984553434762], [80.46674477414899, 17.509618184900468], [80.47115447990812, 17.509374446351682], [80.47619796073253, 17.511709973306846], [80.47779290522733, 17.513684454169297], [80.48038598566207, 17.509416304237266], [80.48419266562355, 17.507705977944], [80.49212687061409, 17.506251340278077], [80.49388170209912, 17.50665571167586], [80.49963449720839, 17.5079732104734], [80.5038996185315, 17.509520585597564], [80.51126248482046, 17.512187611771566], [80.51976277845986, 17.517997455146794], [80.52235712306674, 17.51977104695087], [80.52295998504971, 17.520462173732813], [80.52847091881516, 17.526746854631185], [80.52746729074072, 17.526778696690446], [80.5265105035555, 17.526871144562215], [80.52637989927533, 17.527295422427052], [80.52638003001543, 17.5279177512228], [80.52638018577183, 17.5286645466117], [80.52638038141298, 17.529598039562913], [80.52601188099274, 17.530334410423553], [80.52769646040363, 17.530536978493824], [80.52927894938398, 17.530756628611222], [80.53094649857394, 17.530891221427964], [80.53344785846961, 17.531263084119697], [80.53571098572954, 17.531567155648805], [80.53775291179993, 17.531871411449757], [80.53899510885991, 17.532176332737713], [80.54011827144502, 17.532838299900423], [80.54078199345504, 17.53339866527141], [80.54105427726333, 17.53356841342956], [80.54212637601151, 17.534145436156518], [80.5428581498194, 17.534654751540103], [80.5431985138419, 17.534909430938125], [80.54428765565176, 17.535622419161754], [80.54503642023178, 17.536012738038874], [80.54534275652912, 17.536284442917196], [80.54595539677617, 17.53667487537694], [80.54631278338834, 17.536963535757355], [80.54699349309415, 17.537387906036823], [80.54735087507422, 17.5376595687681], [80.5483379067107, 17.5382876544909], [80.54930791954054, 17.538898757078783], [80.54978442489104, 17.539238310123295], [80.55065233637337, 17.53981550230996], [80.55128199622908, 17.540222918713965], [80.54918930864378, 17.5412785038416], [80.54757302270083, 17.542180716539097], [80.54646716765161, 17.542912528625102], [80.54439152356193, 17.544104080191577], [80.54299642222581, 17.54492112094975], [80.54214575661753, 17.545448751136778], [80.54093780381194, 17.54616365057687], [80.54029129618179, 17.54655513133098], [80.53889577921062, 17.545383465586465], [80.53782366615194, 17.544738453237763], [80.53666644741192, 17.5439575314888], [80.53561134313236, 17.543278509557616], [80.53470938971257, 17.54265035299448], [80.53398779490385, 17.54208879831935], [80.53315744698946, 17.54279728058055], [80.53048741583778, 17.543917920060437], [80.52782477930575, 17.543920135912426], [80.5258106825719, 17.544142828326542], [80.52201881336698, 17.543705856018356], [80.51743358515881, 17.543709670661972], [80.51733440322654, 17.54370975397638], [80.51660976005084, 17.544390552455152], [80.51411545755802, 17.546728540081634], [80.51412322309548, 17.54737824522131], [80.51419295898806, 17.552499665664662], [80.51419301658602, 17.55277403062359], [80.5150715676985, 17.558397779632944], [80.51539997170629, 17.560037979980798], [80.5167288572825, 17.566634969472883], [80.5172560873353, 17.57048516665676], [80.51747768417083, 17.572138792338148], [80.51864614516425, 17.577741342686657], [80.5187224799998, 17.57793752601147], [80.52418042895394, 17.592156138842682], [80.52635597262623, 17.597815011665762], [80.53385992774342, 17.600681912064527], [80.5345478870942, 17.599807222170586], [80.53541421337908, 17.59874567831278], [80.5363229650621, 17.597429502516345], [80.5370363975612, 17.59649538582764], [80.53793669212837, 17.59536592152263], [80.53843775750212, 17.59453381986144], [80.53922760629231, 17.593387474240302], [80.5405100894269, 17.59172303852763], [80.54090926127577, 17.591145618664722], [80.54146980742829, 17.590372873858037], [80.54099698255636, 17.587240437400148], [80.54107966608093, 17.585414869628142], [80.54116220989931, 17.58292548513324], [80.54154976031876, 17.581690329397336], [80.54214521463618, 17.581238998099167], [80.54381576841817, 17.579949617608342], [80.54571512772134, 17.578309468435606], [80.54595922025578, 17.578090154453253], [80.54680567875226, 17.57619175966412], [80.54820894138547, 17.573641284063157], [80.5488115420691, 17.573082526401024], [80.54929209673897, 17.572638189306428], [80.54984892909565, 17.572121385777415], [80.54991758399868, 17.572075601509827], [80.55164919324632, 17.570890961489166], [80.55302998667514, 17.570337272187462], [80.55443366525259, 17.569775942706833], [80.55484561501144, 17.569609837348796], [80.558072458759, 17.567879034534453], [80.56052122810517, 17.566705229512536], [80.56233757275106, 17.564595608136937], [80.56438862509772, 17.564280669632517], [80.56503912950467, 17.56435889261926], [80.56531519257896, 17.5648312435035], [80.56567017279599, 17.56563827415367], [80.56590683760446, 17.56622880427459], [80.56708966671768, 17.566818545786546], [80.56758251417676, 17.567074117269836], [80.5682330351711, 17.56723110288592], [80.56902156311445, 17.56750611942816], [80.56988887997268, 17.567505397451992], [80.57117011513935, 17.56736649533708], [80.57203739115141, 17.567168864160436], [80.57300314782012, 17.56659702550872], [80.57487552174803, 17.565433705251646], [80.57605806625699, 17.564664776335214], [80.57686620296724, 17.564447504354074], [80.5773984160182, 17.56442737012231], [80.57791100409177, 17.564820760930726], [80.57871935081509, 17.56560772410724], [80.57946853760511, 17.566276590617882], [80.5806119676197, 17.56698451042616], [80.58185399306508, 17.56786956627893], [80.58274115817565, 17.56851862713366], [80.58329317786087, 17.568951367522097], [80.58423945237429, 17.569482233722304], [80.58408182074585, 17.569777728529417], [80.58293855153694, 17.569837752917504], [80.58189382775649, 17.569838621596865], [80.5810463918372, 17.570646653144966], [80.58098737160923, 17.571198047639882], [80.5812439492122, 17.572753414177104], [80.58077133242341, 17.574978877328594], [80.5806729259608, 17.57570752178301], [80.58067311588631, 17.57661330179687], [80.58102808418202, 17.577361260483293], [80.58158017329305, 17.57812874526217], [80.58240824390661, 17.57897476404337], [80.58359114259036, 17.57989925120621], [80.58429999603673, 17.579224285551984], [80.58565493767344, 17.578943109451593], [80.58674881554644, 17.57882739380925], [80.58715664698728, 17.57903921872057], [80.58802323627465, 17.57923368920655], [80.58835458038293, 17.579309792583246], [80.58906824887586, 17.579504389685926], [80.58922970573279, 17.579699447260005], [80.59013035180017, 17.580250325394204], [80.59035127942421, 17.58045381944473], [80.59101393460112, 17.580453267386712], [80.59195697130937, 17.580588268483186], [80.59331626840026, 17.58061259676393], [80.59421681819254, 17.58070519917202], [80.59444615805036, 17.580509816917697], [80.59549952574618, 17.58011007093681], [80.59669727793846, 17.579515013923384], [80.59696910016957, 17.579345055793777], [80.59723256981857, 17.579854031462595], [80.597725460089, 17.58055800775385], [80.59851586100093, 17.58205098762066], [80.59888131765642, 17.582755070178234], [80.5996971900625, 17.584180136042225], [80.60026662617449, 17.58529140494314], [80.60070005610197, 17.58603786341846], [80.60142250831632, 17.587607279371717], [80.60207685757635, 17.588514799133193], [80.60364902313094, 17.59091880463127], [80.6030167079544, 17.591125911230133], [80.59809205450563, 17.59273883743936], [80.5918940862584, 17.595769000589396], [80.58610805322132, 17.59945856902621], [80.58211116944487, 17.60328082266868], [80.57966285982434, 17.605535389043496], [80.57838996489865, 17.606707523137292], [80.57632160948317, 17.609343850519227], [80.57576731556031, 17.612112895612082], [80.5757631439591, 17.615277871036344], [80.57658549667754, 17.618047688863072], [80.57947050931077, 17.62266487740985], [80.5846555486937, 17.628426729710835], [80.58469459839766, 17.628470120696953], [80.58675671785564, 17.63084491214578], [80.5892297791838, 17.634934234480493], [80.59032793028346, 17.63757223827517], [80.59235536933402, 17.643158957321724], [80.59238614781266, 17.643243766346462], [80.59348195861604, 17.647859818018965], [80.59402737931332, 17.652211844916785], [80.59419886897794, 17.65574807938677], [80.59292988105102, 17.656990965577847], [80.59017029032402, 17.659655412317033], [80.58543613761744, 17.66410419341409], [80.58510315552961, 17.664770008262998], [80.58408040486859, 17.666719933490167], [80.58201116376365, 17.670881266582658], [80.58034625368744, 17.67421033999084], [80.57996564767562, 17.67470981039217], [80.57956135198216, 17.67570845362349], [80.57746842175104, 17.680368958732167], [80.57630292458006, 17.68241408035203], [80.57570821945465, 17.68315142065882], [80.57508981960895, 17.684364164483082], [80.57287766307122, 17.687812539700023], [80.56956595843353, 17.69295394601579], [80.5654655008963, 17.695845062676252], [80.55760587518407, 17.70256534218801], [80.55195187805424, 17.707572542601774], [80.54726134029035, 17.71284399313856], [80.54532704451721, 17.716930504125777], [80.54449536316278, 17.72049031302464], [80.54448834593191, 17.72523750008393], [80.54503308927184, 17.729457605081304], [80.54708980184176, 17.735920482049117], [80.54709111834393, 17.735923053473236], [80.54449457515865, 17.739137219652232], [80.5401556398344, 17.7446742978888], [80.53341888916056, 17.753350904317045], [80.52959388921009, 17.75877346266969], [80.52939307670381, 17.75941598041079], [80.52930854829339, 17.759686437502687], [80.5294538542591, 17.75989783460881], [80.52955398516289, 17.760043509450536], [80.52965053596941, 17.761347906414017], [80.52986047894501, 17.76202137997376], [80.53001051591696, 17.762874543176324], [80.53022048040542, 17.76365280646288], [80.5304755068876, 17.76492504074841], [80.53055060793862, 17.765748325728335], [80.53082051262187, 17.766511569600027], [80.53100055639518, 17.76752937723663], [80.53128552874881, 17.76868182652288], [80.5315255279824, 17.769759464164544], [80.53169057547785, 17.770732374673482], [80.53200555136324, 17.77203449905333], [80.532095632353, 17.77282783179514], [80.53209578686044, 17.77356135974992], [80.53254565024633, 17.774938222342154], [80.53268074508944, 17.776000976683715], [80.53284572111296, 17.776629577901957], [80.53299589607497, 17.778141418845145], [80.53305600954037, 17.77894974675262], [80.53320605546621, 17.779847819615906], [80.53338620854123, 17.781389575619873], [80.53341636946824, 17.782287747379204], [80.5334315562049, 17.783245812144816], [80.53359656000508, 17.78400914298317], [80.53343207082281, 17.785700885281106], [80.53346228479953, 17.786853546992617], [80.5335825984429, 17.788889360809588], [80.53367271680015, 17.789862333847214], [80.53362798872739, 17.79095517742357], [80.53365812702305, 17.791748560702338], [80.53353864897639, 17.79369475376532], [80.53364386671079, 17.795206632494686], [80.53374913541722, 17.796958030357093], [80.5342737894481, 17.797676152149947], [80.53524810543976, 17.798813058958817], [80.53670208794064, 17.800518426040284], [80.53728669738229, 17.80129637797347], [80.53799120974158, 17.802149079454768], [80.53965504910674, 17.80412373181964], [80.54031459759494, 17.80494653093351], [80.54122891764258, 17.80582899867597], [80.54199343841807, 17.80699601961062], [80.54274290496662, 17.8078337148366], [80.54364220746959, 17.808566495292293], [80.5441518855032, 17.809329539175344], [80.54463150347293, 17.809673449578714], [80.5461304455365, 17.811393749565706], [80.54713468967725, 17.812321051913457], [80.54827385619646, 17.813487762490652], [80.5495179416267, 17.814744204883777], [80.55074704198039, 17.816000659756224], [80.55173628127123, 17.816838154721662], [80.55224589543444, 17.817301800484657], [80.55429921487452, 17.81855756967419], [80.55530337115312, 17.81906571386404], [80.55630753607805, 17.81961876770191], [80.55723676959526, 17.82015691423514], [80.55882528660354, 17.82026038364379], [80.56149281045239, 17.8204976851934], [80.56407035710996, 17.820435663231915], [80.56729224853699, 17.82016352530041], [80.56880584689154, 17.82031196667812], [80.57109866808516, 17.820280121324057], [80.57253724276633, 17.819979526035997], [80.57426066359912, 17.820232582560216], [80.57616391170336, 17.820470519774847], [80.57797722153464, 17.820603742083474], [80.57876616787402, 17.82069803822273], [80.58514571389303, 17.814604791875585], [80.59153455503466, 17.80628530135599], [80.59965499587553, 17.804069760477297], [80.60661882016613, 17.799079154883202], [80.61074049899403, 17.7951409617081], [80.61065566331511, 17.79481234855703], [80.61153244787528, 17.794384239800138], [80.61261600744969, 17.793855160896857], [80.61480541082375, 17.7928473356122], [80.61581238274265, 17.79238350714365], [80.6197412547964, 17.791301832734653], [80.62257923162528, 17.790687867277775], [80.62381125268219, 17.79020258529383], [80.62537133145695, 17.789588085141087], [80.6286746281498, 17.78864601865762], [80.62854442624925, 17.78623971683001], [80.6283376900808, 17.782682669574505], [80.62798583436644, 17.778348375502055], [80.62761142905401, 17.775631710396713], [80.62704618399118, 17.772404580879964], [80.6268245122937, 17.77038703865057], [80.62680156981155, 17.77012603015708], [80.62680156519855, 17.770105071213347], [80.62641911697426, 17.765412604459605], [80.6258990377394, 17.7592684027912], [80.62565410970863, 17.75549227625521], [80.62530245064644, 17.75209920677876], [80.62496634664095, 17.750119866661866], [80.62459206504448, 17.74799384877835], [80.62321016181414, 17.743229811449535], [80.62266802097817, 17.74103343655301], [80.62185874536372, 17.73831713333353], [80.62136352214145, 17.736097055391], [80.63039526204092, 17.727563075853023], [80.63043722811855, 17.7275234200539], [80.63774334282873, 17.72185533165], [80.64849668470833, 17.711704310122975], [80.66533089018093, 17.698551811962197], [80.66649089403994, 17.69764538888114], [80.66417463463102, 17.69481114123168], [80.66160570160251, 17.692700831165254], [80.65793555567039, 17.690062813497846], [80.65545781012287, 17.687687751070357], [80.65426631449353, 17.686545601446433], [80.64876386527087, 17.6800388724252], [80.64564817700004, 17.67406004939944], [80.6463861508571, 17.67036786612999], [80.64694049418891, 17.666675629825907], [80.6469448631818, 17.662104117542857], [80.6467654700527, 17.657708378528813], [80.64953752632252, 17.648368827531844], [80.6498964775939, 17.647159384933676], [80.65289580585723, 17.639237417307637], [80.65302470959419, 17.639247733681863], [80.65302491141513, 17.63902927823367], [80.65302503472923, 17.638896073922812], [80.65302633525675, 17.63748943514562], [80.65431490595248, 17.633621437020924], [80.65634056661183, 17.626588611535173], [80.65708229178901, 17.61832468222554], [80.65690478003488, 17.611643034070177], [80.65489537943145, 17.60109268020522], [80.65545513989247, 17.5910702714464], [80.65748047964323, 17.583861447401592], [80.65913769316754, 17.577707524412677], [80.66152993707368, 17.57032284225255], [80.6657581063046, 17.561707529220357], [80.66731218028816, 17.55839703262048], [80.66980240794743, 17.553092070983112], [80.6747633629161, 17.54500411365297], [80.67674680056393, 17.53953158248978], [80.67678610662217, 17.539553327335557], [80.67972778828383, 17.531992514831718], [80.68248468679508, 17.525838340260066], [80.68358793861923, 17.522673294389403], [80.68854494421669, 17.518101708573912], [80.6942354275626, 17.513705849848506], [80.70157734199452, 17.508430595972886], [80.70708505779967, 17.502100118202726], [80.71149132772265, 17.49647292492411], [80.71277847550427, 17.491549245054518], [80.71370150290872, 17.482053648901037], [80.71443581119634, 17.475577216278904], [80.71462261762129, 17.475547356304318], [80.72177762731847, 17.472908992576244], [80.73168343902347, 17.47079749240606], [80.73187277756443, 17.470769960850774]]]}}, {"type": "Feature", "properties": {"mandal": "Kusumanchi", "district": "Khammam", "state": "Telangana"}, "geometry": {"type": "Polygon", "coordinates": [[[80.01627191193023, 17.273928257482655], [80.01634166947703, 17.27274611397141], [80.01647997452284, 17.270672228039352], [80.01691947094993, 17.268931194580492], [80.0176212346589, 17.266485723525847], [80.01822844090397, 17.265989819651196], [80.01974317803565, 17.26553828957367], [80.02117111710245, 17.26516944567095], [80.02164812423459, 17.26479757908806], [80.02165155414788, 17.26396785651999], [80.02161210270867, 17.26305502367185], [80.02092859122057, 17.261102978521645], [80.02007323409718, 17.25890146287943], [80.01934498293191, 17.25732264885779], [80.01827578869843, 17.254581112523898], [80.0206147379674, 17.253385436193696], [80.02334162334556, 17.25243988197219], [80.02477065573557, 17.251780608704056], [80.02728343719028, 17.250336484543592], [80.02944855108194, 17.249347597730072], [80.03152398324217, 17.249146659793922], [80.03256229050052, 17.248900980495396], [80.0339061764407, 17.247909483107954], [80.03285017240971, 17.246018534824792], [80.03210757249067, 17.244412053475482], [80.03188293740385, 17.242973134412754], [80.03188880588193, 17.24153493505526], [80.03223884355945, 17.24048502240265], [80.03276265196915, 17.239214386528396], [80.0335205544227, 17.237059419786878], [80.03410399480393, 17.235291119359665], [80.03410939644556, 17.23396354636022], [80.03411569874044, 17.232414710011753], [80.0341251515204, 17.230091455063466], [80.03343639343808, 17.22942551329669], [80.03136156672919, 17.22952966886995], [80.03113537199317, 17.22847795101051], [80.03154301162914, 17.227428214425625], [80.03252617588889, 17.226546223095117], [80.03322235611141, 17.22538674925936], [80.03403466843432, 17.22400636933208], [80.0354249626423, 17.222185250414498], [80.03652399553198, 17.22113764923569], [80.03756382830778, 17.22047707418815], [80.03826491779992, 17.220129951600995], [80.03815453092393, 17.218475214883025], [80.03792965713299, 17.217091603223157], [80.03747409224385, 17.215762593708973], [80.03672663423407, 17.215373060161905], [80.0365022230047, 17.213878814535065], [80.03679591543715, 17.212496807893658], [80.03726065876326, 17.21155786440788], [80.03720819896238, 17.21028541706611], [80.03721245849238, 17.209234411603184], [80.03681453116509, 17.20790557441783], [80.03612943408518, 17.20635457780962], [80.03561606687998, 17.205080695776292], [80.0356201100782, 17.20408500427741], [80.03631664163673, 17.20281487800235], [80.03632180292686, 17.201542605083432], [80.03621084042923, 17.200491238118413], [80.03644443455309, 17.199717525297316], [80.03690757980773, 17.199165791988346], [80.03720035033142, 17.198005042562837], [80.03720304067276, 17.197341246440526], [80.03755185049161, 17.19656788888535], [80.03841961077141, 17.195685502459515], [80.03853819108305, 17.19485611373358], [80.03837162370046, 17.193306719372963], [80.03803401900957, 17.191314257026566], [80.03647355271222, 17.1907631634609], [80.03522120415508, 17.19059332209164], [80.0342275973324, 17.190548742264102], [80.03275566455835, 17.191249448700674], [80.03111190586803, 17.19170067851249], [80.02947017571954, 17.191654048788145], [80.02791673363458, 17.19115131686377], [80.02727219187909, 17.19027804405797], [80.02671441123846, 17.18932206728878], [80.02598585264562, 17.18786769422715], [80.02564429036997, 17.18687090638396], [80.02412692526703, 17.188110753236234], [80.02304383917097, 17.18881262108925], [80.02178534625531, 17.190136245748675], [80.02074373249592, 17.191253112491264], [80.02035280225219, 17.19174972446214], [80.01965975847271, 17.192162399752117], [80.01892522247832, 17.192160060333993], [80.01823423972561, 17.192074882526807], [80.0172864212475, 17.191408051614896], [80.01681199785901, 17.191199097117835], [80.01616388178323, 17.191197024977], [80.01551369244397, 17.191692799387408], [80.01460442638522, 17.192146252885266], [80.01378139801764, 17.192641467235777], [80.01317769713808, 17.192349113660764], [80.01240289996377, 17.19164132902191], [80.01162741399337, 17.191099491196002], [80.0106775389863, 17.190930478354336], [80.00985537565168, 17.191218241188356], [80.00933427241017, 17.19183887689602], [80.00876961048264, 17.192542346009212], [80.00883117084398, 17.19274537465174], [80.00816922760276, 17.191461718885655], [80.00726622437746, 17.19042159736975], [80.00670784202914, 17.189631517252096], [80.00576129912108, 17.188674223146453], [80.00455674768762, 17.187425669666123], [80.00369768879656, 17.18621972174776], [80.00275731419664, 17.183810353448116], [80.00202719889901, 17.182770769845003], [80.00134170198173, 17.181399425455325], [80.00108580640816, 17.180610315332967], [80.00156545682503, 17.17957468120474], [80.00204492658933, 17.178580533460224], [80.00256987661774, 17.177047187046217], [80.00222809969208, 17.176133332461724], [80.0014990690164, 17.17484481916275], [80.00048084531853, 17.17365416326139], [80.00046726949836, 17.17363828812803], [79.99981797897318, 17.173926579124583], [79.99817340740626, 17.17458499731604], [79.99717865346457, 17.17483065713605], [79.99579629836025, 17.17478461990062], [79.99406848694488, 17.17469594365512], [79.99255776275113, 17.174359043942], [79.99113363034424, 17.173980931889904], [79.98988231763953, 17.173603384914106], [79.98845819584342, 17.173225254859954], [79.98716351071657, 17.172889036033443], [79.9856947634145, 17.17284264431279], [79.98412383327006, 17.172400176542727], [79.98405499531783, 17.172380787324904], [79.9815517044463, 17.17179155235816], [79.9796075482382, 17.171785008923436], [79.97856831895331, 17.172320850411463], [79.97765634620367, 17.1733964631131], [79.97639909370315, 17.17438792666746], [79.97536020438226, 17.17484077706063], [79.97536597011762, 17.174986265887934], [79.97434856333884, 17.17353158731578], [79.9737383115411, 17.172255798033255], [79.97336890216994, 17.170071025884425], [79.9727622535494, 17.1679764250283], [79.97248839768089, 17.165610012967498], [79.9718348021892, 17.163424265619792], [79.97146263703782, 17.16187633510761], [79.96995584845455, 17.159824138939694], [79.96910983078793, 17.158320073135467], [79.9677919601745, 17.15640497520265], [79.96732430507012, 17.155038666722664], [79.96700136202709, 17.153081480801074], [79.96719964756124, 17.15108058945938], [79.96720766615111, 17.149261005655426], [79.96721347979224, 17.147941807152257], [79.96783563341934, 17.146488249096503], [79.96826631868775, 17.145488936885055], [79.96988889418027, 17.142719574201422], [79.9712252513729, 17.140404124023622], [79.97217988603717, 17.138724231134855], [79.97303918331217, 17.1371804806377], [79.97394642577375, 17.135500416059795], [79.97381229752435, 17.13368033950819], [79.97386522882512, 17.132406783259665], [79.97363757629604, 17.130313442694316], [79.9729828907616, 17.12840061013357], [79.97213539081966, 17.127260458472865], [79.97086306167972, 17.125800419069268], [79.96916491919505, 17.124247933612974], [79.9675617217085, 17.12265026850757], [79.96666691927778, 17.121509930597444], [79.96619895360784, 17.12023458293831], [79.96516249854972, 17.11900276875116], [79.96495346461666, 17.118396033627736], [79.96373876429867, 17.120382264944233], [79.96257957008842, 17.12311567320106], [79.9610904527804, 17.125207517273488], [79.96092610203387, 17.12535787667795], [79.96042109167827, 17.125987033822774], [79.95993863487807, 17.12634059232067], [79.95860618282931, 17.12654824005632], [79.9567539456936, 17.127180396264777], [79.95543673413681, 17.12758268988566], [79.953715339452, 17.128411979605232], [79.95178759666098, 17.129363834726078], [79.94963441025125, 17.131061519121232], [79.94814543019538, 17.133082141655862], [79.94751146908578, 17.13418183850567], [79.9469166677422, 17.134819382543448], [79.94635177372146, 17.135306334340687], [79.94589243196418, 17.135426763237067], [79.94550435277331, 17.1354649921351], [79.94513138490323, 17.135501731772074], [79.94450679918057, 17.135446814117593], [79.94404596223431, 17.135236008932342], [79.94364006739353, 17.134894945017592], [79.94349432286214, 17.134836261355687], [79.94285371298359, 17.13457831847974], [79.942720341258, 17.134055760032883], [79.94258672290763, 17.133585406094802], [79.94231618266659, 17.13334932751722], [79.94207280458804, 17.133113367610136], [79.94191165672792, 17.132721184840356], [79.94175013638025, 17.132407291772807], [79.94071955273118, 17.132037397553503], [79.94003880442774, 17.131656187971252], [79.939850374648, 17.131289986496288], [79.93968910866039, 17.13092390415295], [79.93944623297413, 17.130583548727692], [79.9390940583101, 17.130373209898128], [79.93868681631935, 17.130319212334747], [79.93825179222848, 17.13039560815233], [79.93773537301557, 17.130445523718237], [79.93727368366854, 17.130417386642012], [79.93664998727387, 17.130179763578713], [79.9359725572263, 17.12981138339024], [79.93466171868167, 17.128943902759257], [79.93413102148095, 17.128762819091083], [79.93411929906412, 17.1287588189209], [79.93338580879097, 17.128755575717335], [79.93276037408546, 17.128883307615315], [79.9321625977394, 17.128906763799417], [79.93170162856126, 17.12872201733938], [79.93134924999669, 17.128563870483905], [79.93091469392976, 17.12853584075517], [79.9303981872464, 17.128611842904974], [79.92977299982975, 17.1286873766277], [79.92925583043822, 17.12889386967844], [79.92879301759955, 17.12910060398242], [79.92822190085036, 17.12922854408324], [79.92735218939836, 17.129302985726227], [79.92689000225728, 17.12937921844987], [79.9264269342605, 17.12963813513993], [79.92590988285059, 17.129818518514327], [79.9251210599254, 17.13002379014847], [79.92386246435024, 17.12970486015463], [79.92332039666398, 17.12944143886165], [79.92272350423771, 17.1292821871943], [79.92218080652374, 17.129149259466093], [79.92158315549979, 17.129146583568122], [79.92103970081672, 17.129170251812276], [79.92035942659419, 17.129402095214683], [79.91984199122577, 17.129660753799897], [79.91913493410622, 17.12981416427705], [79.91869964995878, 17.12994270860889], [79.91834559574959, 17.130123804888846], [79.91801755796997, 17.130539911361023], [79.91792491468523, 17.13073767510327], [79.9178929763804, 17.13080585364625], [79.9177979473221, 17.13100871069468], [79.91736531875434, 17.132315919015802], [79.91680167506019, 17.134018966751583], [79.91663688935625, 17.134383617596228], [79.91661323331749, 17.134408178804577], [79.91633654779548, 17.134695449368586], [79.91629684349547, 17.13484501854311], [79.91622582995653, 17.13511253097687], [79.91605939012192, 17.13581644344676], [79.91597472419573, 17.1364685182611], [79.91580815509577, 17.13719853248098], [79.9155867496333, 17.138032694423377], [79.91486148299904, 17.141667194686875], [79.91391894217314, 17.145525530670135], [79.91311562852587, 17.148378610339183], [79.91270401739924, 17.149211887524213], [79.91270158408308, 17.14921494855512], [79.91100908927119, 17.151344316625934], [79.91038225420426, 17.151732952458286], [79.90978312574225, 17.152017316470307], [79.90635353171629, 17.15328055685891], [79.90293019516955, 17.15471529347969], [79.90255654035349, 17.154871889059365], [79.90003074054856, 17.15587335911722], [79.89988860733835, 17.155929712890256], [79.8995889824796, 17.156084942109413], [79.89926034413571, 17.156605406912764], [79.89917620914619, 17.156786829481813], [79.89725542833963, 17.16092854087738], [79.8971741359657, 17.16108595998358], [79.89574349444968, 17.163856289680055], [79.89552457313549, 17.164168446322908], [79.89519760078342, 17.16434964486412], [79.89465274551118, 17.164634215890505], [79.89405290543424, 17.16504902896845], [79.8936702970208, 17.165490926151683], [79.89331488855355, 17.165932966983696], [79.8929870004816, 17.166296841658905], [79.89277861546049, 17.166462018654194], [79.89249598238452, 17.166686049410085], [79.8919784132969, 17.166944635801013], [79.89055614289931, 17.168125221503093], [79.89022697384493, 17.16875006180591], [79.89017139062884, 17.168868637287584], [79.88989737688537, 17.169453190017126], [79.88964918238311, 17.170182797737525], [79.88937421150247, 17.170833990537794], [79.88927056691831, 17.171037683853292], [79.88899001291713, 17.1715890528905], [79.88868809694742, 17.172187913705077], [79.88841403511843, 17.17265642468985], [79.8878144184074, 17.173019015074512], [79.88709867915844, 17.173182975470493], [79.88655313123475, 17.1735980172649], [79.88611694201968, 17.173883070959857], [79.88568124161615, 17.174063732171483], [79.88513743074445, 17.17413951236672], [79.88453964358104, 17.174136732515738], [79.88304463300764, 17.17423416595322], [79.88233841456628, 17.17420373224482], [79.88100712439872, 17.174146355652166], [79.88073541631702, 17.174145087083136], [79.88063301164512, 17.17437793279879], [79.88059796213307, 17.17445762762421], [79.88036658883667, 17.176996122616295], [79.88031025304913, 17.177614192274724], [79.87997027062495, 17.17942507636219], [79.87914174765575, 17.182057122710702], [79.87859965103871, 17.184025825023724], [79.87856039990214, 17.184168370952957], [79.8784191356845, 17.185237726746063], [79.87796723980698, 17.18848355236778], [79.8776501808393, 17.192057514875017], [79.87762049752668, 17.192553237355803], [79.87748302554736, 17.19286577098309], [79.87746484182212, 17.19288010069531], [79.87641904658342, 17.19370420997978], [79.87640093698138, 17.193869988491812], [79.87639055307362, 17.1939650500089], [79.87652471540163, 17.194304960631587], [79.87936644872634, 17.196614888429423], [79.88107298998968, 17.198227806245498], [79.88174923526303, 17.19885731774818], [79.88201742099432, 17.199563213352114], [79.88357715790653, 17.2038272658777], [79.8836526367026, 17.204033607304012], [79.88483082627485, 17.207536222583986], [79.88501164502897, 17.208044896626024], [79.88542249400686, 17.20920067922894], [79.88574718764092, 17.209489260998723], [79.88666472514618, 17.209621209545233], [79.89151709606652, 17.210318946218365], [79.89195066157089, 17.210381283892332], [79.8958601569256, 17.211208327792693], [79.90104674799908, 17.212093349796003], [79.90112778509064, 17.212198111747455], [79.89971884495652, 17.21668898180549], [79.89776274648374, 17.22200397603304], [79.8956382530788, 17.228222732601107], [79.89536049144267, 17.22942196594116], [79.89525960793871, 17.230713607626537], [79.89524434729222, 17.23090899368969], [79.89521015268521, 17.23231810887506], [79.89545008831084, 17.233258732730707], [79.89643651316491, 17.237378046958835], [79.8988060486403, 17.236423317375987], [79.90011799627302, 17.24044837000785], [79.90201956011897, 17.246919540368783], [79.9017770708533, 17.246886400412922], [79.89984640340353, 17.24662253212954], [79.89991348585023, 17.24696335696556], [79.9007485929344, 17.25120619340726], [79.90060207943627, 17.25435478280629], [79.90046585376314, 17.25454892676609], [79.9004380579131, 17.254588539947807], [79.89875959015761, 17.25528720446996], [79.89752801217637, 17.25579983870592], [79.8952986269126, 17.256571281501856], [79.8947014059961, 17.256594581450088], [79.89394109842881, 17.25666924435404], [79.88919971050014, 17.259049062117903], [79.88972503619905, 17.257123361847444], [79.88989585990828, 17.25553473595289], [79.88858582663522, 17.25698781103307], [79.88705652912496, 17.258856742938253], [79.88431586375678, 17.258739785594532], [79.8816991479475, 17.25873203687996], [79.88041486032033, 17.26044573558784], [79.8801149904919, 17.260704889739667], [79.87991986088487, 17.260822821152118], [79.87951604159919, 17.2610668772024], [79.8756542317768, 17.262586073402346], [79.87502825681206, 17.26292187207534], [79.87478226875196, 17.263259435230523], [79.87477532844323, 17.26338584866085], [79.8746888473079, 17.264961007456794], [79.87456341851635, 17.265042530365204], [79.8741714418957, 17.26529729591741], [79.87359934580189, 17.265711504204948], [79.87283647228422, 17.266281140042626], [79.87243538296848, 17.266471308085613], [79.87298822643616, 17.26697087290283], [79.87363132137432, 17.268052015683725], [79.87410051032921, 17.2693399171645], [79.8743109632173, 17.270502358041547], [79.87430205118636, 17.272327737328148], [79.87416406866765, 17.274028156921656], [79.87402871785366, 17.275189259511315], [79.8738509500963, 17.27618425168212], [79.87436824847221, 17.276476655851475], [79.87505602504137, 17.27726755671227], [79.87569774860417, 17.278639088855126], [79.8764663336494, 17.280591919305554], [79.87663196788957, 17.28208607101356], [79.87649662610114, 17.283247171334114], [79.87588314507435, 17.284945752369907], [79.87557488227657, 17.28610618358061], [79.8766541805597, 17.286400748875447], [79.87842655229949, 17.286407567954186], [79.87959493259487, 17.286163136093656], [79.8816290852103, 17.28567309654066], [79.8823659762904, 17.28526105203355], [79.88475034653084, 17.283859619516296], [79.8880444613773, 17.282046751796592], [79.89068652302248, 17.280978122259786], [79.89233154863143, 17.280486505440095], [79.89376062908698, 17.27995257612979], [79.89488750867852, 17.279334525346385], [79.89618392297214, 17.27942237704959], [79.8982138168867, 17.279803378344983], [79.9008029155843, 17.28076726320979], [79.90227067812427, 17.28118760983008], [79.90520426360557, 17.28244313068692], [79.90666970015025, 17.28336127596706], [79.90800409749185, 17.28456933043055], [79.90877693215795, 17.285692325387846], [79.90967809611159, 17.287106195487056], [79.909801929217, 17.288351244489597], [79.91022057016599, 17.291256835441867], [79.9105552972055, 17.293622790089863], [79.9125059068601, 17.292509854082567], [79.91376482059832, 17.291394357286755], [79.91550021198863, 17.2900731695448], [79.91836398311465, 17.287801909852128], [79.91970890451239, 17.286769662737626], [79.92205230014027, 17.284828341849853], [79.92391803121993, 17.283341610941566], [79.92552436798452, 17.281853924101767], [79.92626402703405, 17.28081943978196], [79.92729937898453, 17.281279535513814], [79.92842310304333, 17.281325080332067], [79.92980561936089, 17.28149601137442], [79.93110092046535, 17.281832564530582], [79.93183122002125, 17.282830864381406], [79.93195481067258, 17.284158873953384], [79.93186340342153, 17.285237192361265], [79.93138255641014, 17.286397083318064], [79.93111689621495, 17.287765178625243], [79.93085199426558, 17.28896732975383], [79.93076038799381, 17.290087130620467], [79.93158193698109, 17.29004859856827], [79.93387347657854, 17.28997384853837], [79.93607779640797, 17.29006470823674], [79.93884466896873, 17.290033088744345], [79.9407040991804, 17.289915241119513], [79.94126400833665, 17.29037357760234], [79.94203856265315, 17.291164564204752], [79.9433760495556, 17.29175010935938], [79.94428387548489, 17.291753320002663], [79.9451054297271, 17.291714734932054], [79.94592810795547, 17.291427233617057], [79.94675209440992, 17.29084932997925], [79.94761893198982, 17.29035454608403], [79.94969450786478, 17.29023737985694], [79.95220293355773, 17.289997249166497], [79.95397608357895, 17.28983749758314], [79.955922517722, 17.289595361411397], [79.95760957187296, 17.289352306912118], [79.95813386933614, 17.288109536883653], [79.95913423056473, 17.28674395619182], [79.96004738396024, 17.28554401272973], [79.96139170158614, 17.284594473745365], [79.96269167617803, 17.283893690947778], [79.96399329312543, 17.282819528489586], [79.96486335373513, 17.281577928525497], [79.96508499406639, 17.280334096852993], [79.96514637703585, 17.276227145060798], [79.9653257006692, 17.274775732451964], [79.96546674502655, 17.272204049352144], [79.96547829353416, 17.269590432942827], [79.96574589020202, 17.267724452545533], [79.96588179327712, 17.26631437162115], [79.9662277705931, 17.26627407212187], [79.9667895021525, 17.266317486405317], [79.96752339966882, 17.266527434922615], [79.96903241553478, 17.267403818746175], [79.97023960143166, 17.26811321534191], [79.97058284717714, 17.26869519997857], [79.97139683469926, 17.270357440418383], [79.97186211993873, 17.27268227502841], [79.97233323688488, 17.27367955627565], [79.97323534798815, 17.27496870745865], [79.9741797894163, 17.276465430179325], [79.97460534229695, 17.278001874657424], [79.97537835013351, 17.279166116298104], [79.97675727340274, 17.280166459418325], [79.97869545970289, 17.281790976702815], [79.98072337639364, 17.28266902164421], [79.98219078514087, 17.283213274835074], [79.98461047434651, 17.283470301082346], [79.9863372690579, 17.284015393192746], [79.98888451808588, 17.284770632097455], [79.99108738179764, 17.285192809061563], [79.99397367160807, 17.28585922384807], [79.99472462042083, 17.285474494862612], [79.99674595402547, 17.284540793681515], [79.99697980325827, 17.28376715009563], [79.99669397267907, 17.28321305840391], [79.99508744773695, 17.281492998515372], [79.99468965978728, 17.280164121927456], [79.99596001884028, 17.27961515420922], [79.99896156754907, 17.27857402398044], [80.00155729355555, 17.278084678601687], [80.0049046024408, 17.277044592991686], [80.00755816077732, 17.27650004631207], [80.01032651037151, 17.276066468262552], [80.01194122195933, 17.27585040761498], [80.0129805028398, 17.2754112258228], [80.01379154819544, 17.2744181531165], [80.01413897085664, 17.274032059936882], [80.0155231234964, 17.273815231995616], [80.01627191193023, 17.273928257482655]]]}}, {"type": "Feature", "properties": {"mandal": "Madhira", "district": "Khammam", "state": "Telangana"}, "geometry": {"type": "Polygon", "coordinates": [[[80.38859286707704, 17.073400192461857], [80.38859273028763, 17.073399995000223], [80.38803293576623, 17.072588188149982], [80.38646266335921, 17.07024118237585], [80.38446032602026, 17.068675434407616], [80.38446307503476, 17.067572126924432], [80.38613855756664, 17.066106406138687], [80.387815152717, 17.064180582021844], [80.3881984061895, 17.063895455578614], [80.38860108654595, 17.063595678844955], [80.38996807124786, 17.062578006738594], [80.3909285201813, 17.060557825778233], [80.39167171997943, 17.058966137809808], [80.39218026379626, 17.057876988585004], [80.39232085585364, 17.057575478054936], [80.39232486248943, 17.057576028853582], [80.39266390505895, 17.057622604265603], [80.39332356523903, 17.05771566563775], [80.3933232984574, 17.057714803180662], [80.39325360624039, 17.05748941685784], [80.39303906250142, 17.05679596659438], [80.39289561015124, 17.05634685380694], [80.39262519842428, 17.055501022965576], [80.3926127873976, 17.05546220236491], [80.3926406940479, 17.055449319731476], [80.39399933755139, 17.05482211591269], [80.39385820701087, 17.05390387244593], [80.39386262176038, 17.053903975577125], [80.39439289369838, 17.05391638525385], [80.39439369546713, 17.053916077773884], [80.39584562566951, 17.053358958728403], [80.396345339931, 17.05319703373537], [80.3969958755836, 17.052986235701162], [80.3973951736834, 17.052854870642328], [80.39768511978109, 17.0512932398813], [80.3973750565963, 17.04989721591622], [80.39730731095855, 17.049592194905966], [80.39625972374436, 17.048349735992055], [80.3955958643959, 17.046373342678095], [80.39578951171526, 17.04527045771157], [80.39550906695969, 17.042927528864965], [80.39575276460866, 17.040814128889842], [80.39509531942367, 17.036218478692902], [80.39672550556564, 17.035018183998712], [80.39672581446108, 17.03501795679308], [80.39696118361344, 17.034844653239784], [80.39705850365036, 17.034798129770603], [80.3987782091919, 17.033976015636195], [80.40002211618152, 17.032968167906024], [80.3992141379473, 17.03131250378934], [80.39983648910832, 17.030762232198626], [80.40034372385357, 17.03068197054496], [80.40078286610282, 17.03033137741665], [80.40182797506803, 17.02988717337929], [80.4026872949506, 17.029740992733245], [80.40404355052623, 17.02865875929327], [80.40638890259781, 17.026458412798657], [80.40635242227984, 17.02573936029377], [80.40635241420058, 17.025739200202864], [80.40630391667005, 17.02478326620299], [80.40629798965693, 17.024666433231168], [80.40630640850335, 17.021129241596228], [80.40626556044569, 17.018050905042013], [80.40600874298669, 17.015948215513827], [80.40600867752987, 17.015947677269054], [80.40598492306887, 17.01575318523298], [80.40488830271758, 17.014923265608637], [80.40069061585952, 17.013260080559526], [80.3994506852215, 17.012430942146715], [80.39787597175818, 17.012058884829873], [80.39377290009385, 17.010671606266175], [80.39024017880133, 17.01029618449433], [80.3884276669715, 17.009648811750726], [80.38675928474555, 17.008451217252148], [80.38633268530027, 17.007071068702555], [80.38632891172921, 17.007047847483335], [80.38618364771271, 17.00615385707998], [80.38618362271174, 17.006153705087833], [80.38586226939304, 17.004175991486335], [80.38319796336685, 17.00049469660385], [80.38129142515236, 16.99920380526417], [80.37981651819369, 16.997041179266418], [80.37725118303071, 16.9919356355419], [80.37363395777797, 16.98728654798116], [80.3715839331276, 16.98613314425372], [80.37001148244438, 16.984980854617888], [80.36901364196346, 16.983095111439884], [80.36749046598675, 16.981299678199214], [80.36691978418396, 16.980517156555017], [80.36621682630485, 16.980690700136186], [80.3656296570601, 16.980835126311558], [80.3643011086973, 16.977846350684562], [80.36415168169415, 16.977466162206404], [80.36415157058838, 16.977465880676604], [80.36354194972158, 16.97591480068193], [80.36473857132404, 16.9747227589275], [80.36474121247304, 16.97472334768628], [80.36522052026423, 16.97483017957196], [80.36578817787337, 16.974955891986273], [80.36659896443457, 16.975325237039016], [80.36660228766331, 16.975323362057367], [80.36686837061612, 16.975173266214725], [80.36687000118222, 16.975173616488732], [80.36704013411696, 16.975210217167557], [80.36727753829746, 16.975261290158166], [80.3676246285299, 16.97527019996126], [80.36829713996663, 16.975287461602406], [80.36943109664317, 16.97515563211046], [80.37030719670409, 16.975024317170373], [80.37134207996618, 16.974816501219557], [80.37227755270617, 16.974664969219322], [80.37353156656837, 16.974438442277172], [80.37547152005854, 16.974019077641003], [80.37572128546167, 16.97396540109449], [80.37647933115738, 16.97382813025561], [80.37670439265031, 16.973787960396887], [80.37696353801603, 16.97374108723736], [80.37719388839636, 16.973699798765082], [80.37789671750767, 16.9735635241082], [80.37840542566583, 16.97346614641514], [80.37840556199902, 16.973466120506323], [80.37846849643617, 16.973454072730426], [80.37847113825735, 16.9734532857536], [80.38032065742937, 16.972902192757367], [80.38032391563641, 16.972901442461914], [80.38128742348248, 16.972679473663856], [80.38128761455032, 16.972679356537494], [80.38245747466863, 16.971962070138268], [80.38671060264826, 16.970272766569266], [80.38738318048449, 16.969994601676213], [80.3902471239079, 16.968810101345], [80.3902496392018, 16.96880989545169], [80.3910272781699, 16.968746309219956], [80.39103027907574, 16.968745436082475], [80.39180959604164, 16.968518601278138], [80.39270550451972, 16.968195056292675], [80.3937405639701, 16.967891040586196], [80.39517411341723, 16.967473740613382], [80.39656776809667, 16.967035992541472], [80.39805236593416, 16.966551722339045], [80.39805248255387, 16.966551684616444], [80.39814073793735, 16.966522895161212], [80.39993228125725, 16.965971838042822], [80.40148526446927, 16.96545867115117], [80.402229580373, 16.96523762027175], [80.40295876815685, 16.9650210596495], [80.40467031549954, 16.964508220340313], [80.40622386215934, 16.96399501991256], [80.40622712407222, 16.963994583048766], [80.40777550305044, 16.96378703405337], [80.40964660557916, 16.96359669422233], [80.41127811541887, 16.96338885663205], [80.4112808625497, 16.963388329938468], [80.41324832265533, 16.96301104021106], [80.41325212620492, 16.963010438912736], [80.41503975443985, 16.96272778128455], [80.41655224434369, 16.962424684350708], [80.41800486801525, 16.96210223162168], [80.41941804736581, 16.96181812086893], [80.42075134674582, 16.961533830117165], [80.42075404528892, 16.961533568182368], [80.4220553805912, 16.9614071800518], [80.42248258165228, 16.961365687274764], [80.42248452955323, 16.96136533870867], [80.42343796414299, 16.961194754001646], [80.42516958874057, 16.960853626233813], [80.42694033920324, 16.960608657825126], [80.42787624280224, 16.96047723045733], [80.42883146169927, 16.960115220948538], [80.42949196336156, 16.95994234021252], [80.42949208371589, 16.959942308811108], [80.42984695364615, 16.959849424349798], [80.4309012491001, 16.959564485700074], [80.43199691294208, 16.959164318674688], [80.43317105696592, 16.95886040011293], [80.43426595297939, 16.958537092617103], [80.43575913590205, 16.957909371798426], [80.43699385363058, 16.957563729230568], [80.43816836645553, 16.957085689186894], [80.43952174611101, 16.95672444969436], [80.44099480014077, 16.956422228277155], [80.44278550416439, 16.956156820633723], [80.44323217081094, 16.956081605614628], [80.4432328213206, 16.956081495695546], [80.44401930859993, 16.95594905437845], [80.44530459112876, 16.955834084692597], [80.44531070220083, 16.95583354174549], [80.44569052842336, 16.955799819984843], [80.44587969565373, 16.95577420061297], [80.44682495012637, 16.955648360121447], [80.44756300209883, 16.955466706255717], [80.44770757835818, 16.95515046110218], [80.44897246566298, 16.954531159722613], [80.44966570673355, 16.95419173684687], [80.44985763079009, 16.954097766704624], [80.45011856349491, 16.95393527403156], [80.45272573658401, 16.952311661700037], [80.456787846467, 16.950206810395354], [80.4584157218895, 16.949208435113288], [80.46037260267049, 16.948008251145176], [80.46395852613107, 16.945212733034886], [80.4670183782206, 16.942876253484858], [80.46876293722579, 16.941458378726985], [80.46876702494568, 16.941423575609566], [80.46880392125836, 16.94016116530565], [80.4686666966338, 16.93962945904932], [80.46839453377716, 16.937336821193618], [80.46781085295206, 16.935342846957564], [80.46746916937511, 16.933282686322382], [80.46722947532591, 16.932119640442618], [80.46674730419743, 16.93128855666107], [80.46633399225665, 16.93059043592798], [80.46535635594819, 16.931551747341906], [80.46488348043609, 16.9319079801697], [80.46444494226296, 16.931939931797622], [80.46373705942354, 16.931712133519177], [80.46265883307619, 16.9311271761448], [80.46225475959123, 16.930769980403277], [80.46131139680259, 16.930217596273263], [80.46080552676487, 16.93018460321183], [80.46009672958556, 16.930443267397575], [80.45932053586598, 16.93066942196038], [80.45827518963127, 16.93053852328405], [80.45712934209133, 16.93005075593198], [80.45635414106538, 16.929757993509376], [80.4551094275933, 16.92807012895271], [80.45339360776512, 16.925830375686434], [80.45218292415811, 16.92401280383664], [80.45141040267627, 16.92235788940791], [80.45030055970163, 16.920735012617566], [80.4498975433201, 16.919858884584716], [80.44915098401846, 16.920331018202084], [80.44838859332239, 16.92078778332329], [80.44619785143375, 16.92151745687489], [80.44248217958554, 16.923206363631444], [80.4404354532324, 16.923295432123467], [80.43681784279711, 16.923519860153213], [80.4332976493303, 16.9226459723769], [80.43147093981919, 16.921485621746328], [80.43187840512937, 16.920145614548105], [80.43188246992356, 16.918156467099735], [80.43183988660482, 16.916988866332535], [80.43184244869195, 16.915734837233632], [80.43197947351929, 16.91469718767131], [80.43238604016386, 16.913789601692116], [80.4332436880627, 16.912190694207375], [80.43396519081722, 16.91119701041628], [80.43539436785358, 16.910041383904602], [80.43499238183568, 16.908700368561476], [80.43436706235606, 16.90662395034489], [80.4337862817534, 16.90476379872918], [80.43338458093956, 16.903293049577613], [80.4331173424439, 16.9020386800325], [80.4326710409254, 16.90039490297668], [80.43280787449737, 16.89944373406494], [80.43294541140094, 16.89814662295583], [80.43321651838183, 16.89749831859821], [80.43398187613698, 16.89702359799182], [80.43501736470925, 16.896376236823873], [80.43668181599368, 16.895989098964638], [80.43659284910902, 16.89551331933662], [80.43659599208988, 16.89395658297321], [80.43650929605228, 16.892356493389357], [80.43602222192501, 16.88863701213154], [80.43589013453158, 16.887253078652567], [80.43585015823503, 16.88478818535572], [80.43625856700177, 16.882929242068737], [80.43651704456185, 16.882075776880246], [80.43563261677103, 16.881506861057098], [80.43533090629903, 16.880630819372154], [80.43502959254221, 16.879560185390975], [80.43445924793093, 16.87813246280746], [80.43378729089497, 16.87693163787239], [80.43321689676478, 16.87553634286125], [80.43301709038545, 16.874303668798834], [80.43248075938185, 16.87274625190985], [80.43214754277939, 16.870799898451956], [80.43238588843768, 16.86966506466485], [80.43282227606818, 16.86909083536131], [80.43349778540903, 16.868529514883566], [80.4344432994679, 16.86783879617337], [80.43538959420788, 16.8667588866088], [80.43709927547195, 16.866112338840324], [80.43822406989541, 16.865681281460162], [80.44052110959596, 16.86356515442429], [80.44187178391165, 16.862572188956843], [80.44371841843817, 16.86084467248404], [80.44489060413656, 16.859159582646075], [80.44615208302979, 16.857777293439135], [80.44687442613497, 16.856221389549805], [80.44872637355742, 16.851726261990105], [80.45016910920572, 16.849565778742672], [80.45147670286458, 16.84753485865562], [80.45282821743629, 16.846022899496763], [80.45345859856451, 16.845317671890967], [80.45241073519384, 16.845253457697925], [80.44947013563586, 16.844533986080947], [80.4462456570379, 16.843984629780095], [80.44479346891374, 16.843437337585133], [80.44302173881626, 16.843162438839553], [80.44029312614123, 16.84281817503068], [80.43802599712633, 16.842133455676926], [80.43554676515649, 16.841175664806055], [80.43331477025205, 16.840661430374823], [80.43154091054511, 16.840376510645665], [80.42802229040888, 16.838944080674935], [80.42819443866954, 16.846463273411395], [80.42819444037767, 16.846463348481535], [80.42795240133283, 16.84654047739465], [80.4266313463331, 16.846961442929985], [80.42662702863535, 16.846962818483807], [80.42662698849891, 16.84696312228309], [80.42653776688287, 16.84763845540182], [80.42624758503997, 16.84983485246482], [80.42624756593298, 16.849834994417787], [80.42580452173, 16.84996971373375], [80.42544169239646, 16.85008004057289], [80.4229634978019, 16.85083357686284], [80.41669644832524, 16.851610225110907], [80.41457659651849, 16.85177572461077], [80.41401084162347, 16.85181989008007], [80.4128206252233, 16.852032115874337], [80.41281695705658, 16.852032769930474], [80.41256435700218, 16.852371691045995], [80.41244284568702, 16.852534726985834], [80.41238323524405, 16.852648886411274], [80.41199369858336, 16.85339488082484], [80.4119933023345, 16.853395639670335], [80.41021122646742, 16.853787560429794], [80.41021102161466, 16.853787605202616], [80.4091113133537, 16.854029448549845], [80.40811701973513, 16.854248104269598], [80.4061737928761, 16.8546754247925], [80.40617245473794, 16.85467571939358], [80.40317982313547, 16.856051576112424], [80.40172053037087, 16.85672246078135], [80.39768612864945, 16.858577130806932], [80.39482437695371, 16.85989264999384], [80.39482241080842, 16.859893553583728], [80.39176143393038, 16.861035804589434], [80.38593808974927, 16.863177211023114], [80.3848224890191, 16.863603920090984], [80.38481815963377, 16.86360557603598], [80.38421928878238, 16.864466083244476], [80.38332374670699, 16.86525274014244], [80.38332222646561, 16.86525407606093], [80.38294535409382, 16.865333803451563], [80.38265054499757, 16.865396170136712], [80.38265044176283, 16.86539613643435], [80.38264445410259, 16.865394199785257], [80.38242695107034, 16.86532382823455], [80.38206327214913, 16.865252913144477], [80.38205434505517, 16.865251173155162], [80.38205417325479, 16.865251139293495], [80.38205489180828, 16.864963844395323], [80.3818327367323, 16.864389202589606], [80.38183255662199, 16.86438873639922], [80.38093782476729, 16.86424300996863], [80.37996814278964, 16.864240754010158], [80.37944264330243, 16.863963160050893], [80.379148727358, 16.863807898751986], [80.37840512374581, 16.862944426494813], [80.37840499169724, 16.862944273340496], [80.37840716328387, 16.862082388052883], [80.37914991158684, 16.861097147357373], [80.37938008560751, 16.860791823248334], [80.37945538026199, 16.860504766974575], [80.37945539732965, 16.860504702801034], [80.37954424076261, 16.86046218630041], [80.37990347526234, 16.860290273962097], [80.37990356892347, 16.860290004664922], [80.38020393808502, 16.85942924989743], [80.38020399673727, 16.859429082717412], [80.38018770963755, 16.859371026651512], [80.38002401350387, 16.858787505611186], [80.37998221341986, 16.858638500107965], [80.37998329574222, 16.85820755741333], [80.38065603454454, 16.857634528708786], [80.38094421550593, 16.857481237538977], [80.38116259938126, 16.857365072836124], [80.3820004225115, 16.85691940845348], [80.3820003843158, 16.856919283555683], [80.38189140163317, 16.85656638504794], [80.38177845602158, 16.856200650843718], [80.38151608506068, 16.855308241830556], [80.38148262217283, 16.855194424010282], [80.38041659558174, 16.854739790306088], [80.37961992022024, 16.854400023010584], [80.37927031610337, 16.854174409222328], [80.37872632132785, 16.853823344548978], [80.37842833524839, 16.853678999420016], [80.3783165706769, 16.853570851482488], [80.37820511728592, 16.853463004475806], [80.37820620346523, 16.85303206116713], [80.37947598273988, 16.852316780718013], [80.38023063088356, 16.85179095583652], [80.38029787485868, 16.85174410081329], [80.38029896145504, 16.85174374881121], [80.380300699443, 16.851743186691834], [80.38157891262648, 16.851329585564113], [80.3849259688816, 16.850246509109184], [80.38589665047846, 16.84981779872558], [80.38727822126017, 16.849579182140527], [80.38835903530469, 16.84939250433093], [80.39034330041106, 16.849158256712148], [80.39253704256483, 16.848899258251063], [80.4022324199738, 16.849208341797322], [80.40426325515406, 16.84917524167297], [80.40611102311668, 16.84914510813689], [80.40650352164582, 16.84905153537328], [80.4070065576997, 16.848931609119077], [80.40700945555972, 16.848930221793935], [80.40723761348559, 16.848820992091596], [80.40730503612821, 16.848788713513386], [80.40730523828124, 16.848788617185658], [80.40731726855486, 16.848717254457593], [80.40732045306035, 16.848698366398267], [80.40760783748377, 16.846993671376694], [80.40687256947145, 16.84253893387952], [80.40570376537885, 16.83838514101293], [80.40462133155228, 16.83453813002474], [80.4042841283004, 16.833339664534837], [80.40416549620691, 16.833167432588635], [80.40414187874758, 16.833133144343552], [80.40368955488931, 16.83247644969748], [80.4027177754834, 16.83213976998055], [80.40264690095185, 16.83211521482846], [80.40264631074604, 16.83211501002213], [80.40251120184709, 16.83213733016487], [80.40093132087728, 16.832398319770224], [80.40093030811788, 16.832398487542296], [80.40005812457456, 16.83284068760896], [80.39980905380425, 16.83292002646879], [80.39923432855939, 16.833103097753536], [80.39859047323007, 16.83324467238479], [80.39847192086656, 16.833270740616822], [80.39833910144075, 16.83329994587461], [80.39830829070394, 16.83330672052055], [80.39830260700529, 16.833307970343366], [80.39830250646637, 16.833307992728443], [80.39817450605439, 16.833215088440358], [80.39773038805035, 16.832892742916], [80.39744516452694, 16.83234014800144], [80.39658933798698, 16.830751354743857], [80.39632495557461, 16.83021575465702], [80.39580516334806, 16.829162719793057], [80.39423012238956, 16.828745196396014], [80.39193769004666, 16.82873999829657], [80.3913448328286, 16.82873864996619], [80.39079147345109, 16.828737389973224], [80.39036958837269, 16.828600883634607], [80.39014723630126, 16.82852893804776], [80.3899923119912, 16.828253845709906], [80.38990755138593, 16.82810334101111], [80.38984064844904, 16.827984544457767], [80.38971927359631, 16.82776902403547], [80.38922103701361, 16.826456992318878], [80.38866613827226, 16.82511168041076], [80.38865133969571, 16.825075801574144], [80.38857694004146, 16.825061293496624], [80.38836581272085, 16.82502012292286], [80.3882526519142, 16.824998056350015], [80.38793729025194, 16.824936559376102], [80.38793530882889, 16.8249361731688], [80.38709616255471, 16.82533786223966], [80.38678774840345, 16.82548549552313], [80.38678049028294, 16.825486643745766], [80.38641942737368, 16.825543747678953], [80.38608228620348, 16.825597067663043], [80.38593407607846, 16.825620507535355], [80.38592775832998, 16.825621506854333], [80.38551717041506, 16.825501844423755], [80.38521189883038, 16.82541287492711], [80.38509446071404, 16.82523284035664], [80.38435551314771, 16.824100006098483], [80.38414318031543, 16.8230645992656], [80.38426209067175, 16.822517677166744], [80.3845779759641, 16.82106476307129], [80.38507572025226, 16.818496876566385], [80.38507582108451, 16.818496355850627], [80.3850859079823, 16.818444316839287], [80.38508594127777, 16.818444144171114], [80.38504758684063, 16.818332430830726], [80.38504748988241, 16.818332148426883], [80.38495488189528, 16.81806241562075], [80.38465922215768, 16.817201258114075], [80.38381119811375, 16.816321929386564], [80.38365892052184, 16.81616402932674], [80.38244200568579, 16.815816239442576], [80.38169318918266, 16.816014709628337], [80.38115532412111, 16.816157265751283], [80.38115504316521, 16.816157340165663], [80.38115173276917, 16.816158217904707], [80.38076037130472, 16.81662706802853], [80.38000212571939, 16.81753543460155], [80.3793890285612, 16.818123081620094], [80.37926243788019, 16.818244416941557], [80.37885319622575, 16.818636667534168], [80.37875696940056, 16.8187596181805], [80.3779907953843, 16.81973856514331], [80.37793596240054, 16.81979340597083], [80.37787755857858, 16.81985181813996], [80.37759336877808, 16.820136043041707], [80.37654957733704, 16.821179959498952], [80.37633899642277, 16.821390563354814], [80.37562041367607, 16.822354499882746], [80.37562019130131, 16.822354798724305], [80.37519164763856, 16.823430333317184], [80.37504342719058, 16.823802325638013], [80.37499786238989, 16.823961699841377], [80.37460975469156, 16.82531918307263], [80.37316875477265, 16.828558521154456], [80.37309272437359, 16.83028320000188], [80.37373326589626, 16.831940574619924], [80.37483854403195, 16.833277835771764], [80.37601874926978, 16.83470572306159], [80.37621404448913, 16.83493017558464], [80.3783046444572, 16.837332857471228], [80.37909009914274, 16.838369604156256], [80.37930086041649, 16.840025954955504], [80.37937374435911, 16.84078234015194], [80.37944041786174, 16.84147426001906], [80.37944047826724, 16.841474887826298], [80.37944050388572, 16.841475157402705], [80.37880567452625, 16.841656949482044], [80.37872355145255, 16.841680467076113], [80.3782667293776, 16.841848445689585], [80.37779131943547, 16.842023258839443], [80.37738904738102, 16.84180507975693], [80.37623363038063, 16.841178411458984], [80.37600268141409, 16.84105314915706], [80.37501083787174, 16.8406410298036], [80.37349781031348, 16.840012341772805], [80.37249780175237, 16.8400099798817], [80.37249481341992, 16.840009972816578], [80.37223973921805, 16.840376484969088], [80.37223863449273, 16.8403780723242], [80.37223851384012, 16.840378245687177], [80.37217069479036, 16.840475693746416], [80.37216963248201, 16.840477219700954], [80.3721693525288, 16.840477622409445], [80.37191956040684, 16.84083654227735], [80.37184369045622, 16.842492220860063], [80.3718392875871, 16.84421706227769], [80.37212304743048, 16.845321638929118], [80.37255007213506, 16.84642647850224], [80.37255010106021, 16.84642655273277], [80.37270399023427, 16.847842491102544], [80.37276011374011, 16.848358881143664], [80.37287443526203, 16.849257501090264], [80.37311131489561, 16.85111946873095], [80.37299503953956, 16.851635809248133], [80.3728941432002, 16.852083853723194], [80.37289391426486, 16.852084869745813], [80.3728937479077, 16.852084916382474], [80.37279178215202, 16.852113534499086], [80.37271197761342, 16.852135932812274], [80.37265153161027, 16.852152896991598], [80.37251869002782, 16.852190180470053], [80.37206718993423, 16.852316896664117], [80.37167503484888, 16.85242695652412], [80.37151027192428, 16.85246620685552], [80.37092988341797, 16.852604469465852], [80.36938249064005, 16.85297308706369], [80.36938109882905, 16.852973418386743], [80.36938091181257, 16.852973463162687], [80.36758688746473, 16.85407309059105], [80.36572119462643, 16.855172529984518], [80.36439421034943, 16.855446983861974], [80.36416327144761, 16.855494747362666], [80.36407239395812, 16.855513542461452], [80.3638234312238, 16.85558416477132], [80.36142157832843, 16.8562654727909], [80.36141943250307, 16.856266081704067], [80.35990357135562, 16.856418768119415], [80.35975353269829, 16.85643387992638], [80.35852831257982, 16.856557282199656], [80.35740602962379, 16.856670310257808], [80.35482540476791, 16.857146967358315], [80.35282312472279, 16.857692539124685], [80.35281879928134, 16.857693716899824], [80.35281777572493, 16.85769399565829], [80.35216629561188, 16.857980292935967], [80.3501643430247, 16.858860045023462], [80.35016363965754, 16.858860353500937], [80.35014911281571, 16.858864839704832], [80.34772786809056, 16.859612528580474], [80.34772552840029, 16.859613250830325], [80.34534047125489, 16.859944935489374], [80.34528851200301, 16.859952160710627], [80.34435677606557, 16.859997894661976], [80.34127556148708, 16.86014910417772], [80.34027710066292, 16.860352504625705], [80.34027190191786, 16.86035356327867], [80.34028817452558, 16.86041854566875], [80.34029997875082, 16.860465682674935], [80.34095746549383, 16.863091160121062], [80.34098073728754, 16.863184088276864], [80.34146116057627, 16.86445361030536], [80.342261317444, 16.866567992585043], [80.34252652696578, 16.867082065789702], [80.34297411484691, 16.867949650505192], [80.34301723262473, 16.868428699788904], [80.3430313657505, 16.86858571395085], [80.34303139037122, 16.868585988049308], [80.34324626505924, 16.870973252727346], [80.34332195573243, 16.871814161061703], [80.3433275209208, 16.871848679170707], [80.3434140014173, 16.87238509093106], [80.34374471309191, 16.874436350678806], [80.34374481286152, 16.874436972258113], [80.34374465583261, 16.874437033365616], [80.34305834316409, 16.874702510731257], [80.3407321200973, 16.87560231116957], [80.338872789314, 16.876583932808984], [80.33865110669616, 16.87670096681829], [80.3359279936108, 16.876763072854274], [80.33327767299843, 16.876411368379973], [80.33183147153676, 16.876854875480685], [80.33126959756773, 16.87702718260978], [80.32775577133526, 16.877984074225726], [80.32611416823603, 16.878280754553792], [80.32474466258286, 16.878528249366912], [80.32202221232568, 16.878865966996642], [80.3220207464645, 16.878866148587655], [80.32196770601813, 16.878906777780298], [80.32191123620291, 16.878950034391043], [80.32130262902024, 16.879416226997495], [80.32122303428001, 16.88008934431294], [80.32110823101132, 16.880187188106746], [80.32099999333974, 16.880279436182157], [80.3209998907064, 16.880279523642386], [80.32143668179057, 16.88314696827802], [80.32160969581237, 16.884186267364086], [80.32162796708411, 16.884296025065254], [80.32166494756396, 16.884520175779354], [80.32194580479593, 16.886210362270095], [80.32247469862848, 16.889144800884765], [80.32298354214693, 16.891498314230763], [80.32333385555536, 16.893118558968464], [80.3233983091419, 16.89341666099306], [80.32352363064507, 16.89464145724478], [80.32372780503763, 16.896636863118214], [80.32433102090346, 16.901386536190927], [80.32421483452224, 16.902878424981033], [80.32420286186995, 16.903032161509337], [80.32418911769453, 16.903208649129056], [80.32415119227973, 16.903695622597603], [80.32407474266786, 16.903922871928508], [80.32383748648367, 16.90462909311118], [80.32354906246587, 16.905487612814706], [80.3233650875326, 16.906034807366385], [80.32312294418911, 16.90675500665301], [80.32312271025714, 16.90675534429226], [80.32058070955323, 16.91042714748231], [80.31890344629039, 16.91281801916161], [80.31890244735277, 16.912819442788912], [80.31776262373886, 16.913153555026], [80.31766262309115, 16.91318286773248], [80.31766125217649, 16.913183269310533], [80.31765893534728, 16.913183948773266], [80.3170360722717, 16.913964233644865], [80.3158857408029, 16.91524894399175], [80.31446941529231, 16.91637899608408], [80.3144675112884, 16.916380514978435], [80.31446729941723, 16.916380684447045], [80.31242736895071, 16.917047937999815], [80.31240114528053, 16.91705651558145], [80.31238403585317, 16.917062111955993], [80.31238129274034, 16.91706300909744], [80.31195028327647, 16.917406831538944], [80.31195032770592, 16.91740706499166], [80.31197406877591, 16.917530828003077], [80.31237400362616, 16.919615717326913], [80.31237769153314, 16.91965148249603], [80.31263534218715, 16.9221500197622], [80.31272271375532, 16.92299727572205], [80.3127125469732, 16.923863800380524], [80.31262800101464, 16.931069142918567], [80.31258887410206, 16.9321688668488], [80.312584817596, 16.93228286692797], [80.31231627504691, 16.939830339181885], [80.31249347597979, 16.941003841264767], [80.3125976724407, 16.941693872046176], [80.31259785326078, 16.94169405702045], [80.31297477450025, 16.942079111139563], [80.31324201782326, 16.942352119950353], [80.31388417046442, 16.943008120696735], [80.31453591317529, 16.94471127610773], [80.31480914443709, 16.94542528268667], [80.31495353230422, 16.946201687132895], [80.31500958725823, 16.946503101137058], [80.31663408952853, 16.946653399229948], [80.3181171717816, 16.947077659031727], [80.3187247656878, 16.94691658356067], [80.31960348109791, 16.946269513604864], [80.32152972126534, 16.944910797793323], [80.32210509264515, 16.94416588619158], [80.32318566635271, 16.94371374737576], [80.32446744536796, 16.943715998658718], [80.32672658832765, 16.94404426348711], [80.32790717657734, 16.94404631723306], [80.32962912373121, 16.943400668490604], [80.33111461241282, 16.94288432519092], [80.33469132094459, 16.942403979132543], [80.33654807277514, 16.941790935060958], [80.33762745581276, 16.941792763619773], [80.33853695983926, 16.942280774735977], [80.33782656913806, 16.94309036610017], [80.337115190846, 16.944289133051562], [80.33670713984478, 16.945585705503824], [80.33572392222666, 16.947562364438973], [80.33541606465047, 16.949248283143547], [80.33514078369079, 16.951388297857843], [80.3348294611719, 16.954436331838323], [80.33502651371649, 16.956544715553086], [80.33532395012236, 16.958977583618587], [80.3356241856626, 16.96030778506623], [80.33609120874013, 16.962384191889765], [80.33612157886621, 16.963713932423072], [80.33604877678603, 16.965821850338354], [80.3367523731156, 16.967736497083855], [80.33755653586451, 16.969910761136305], [80.33818811362865, 16.973641433004687], [80.33804851084834, 16.97548978213692], [80.33784445630364, 16.97613806311639], [80.33805731996615, 16.978191804082883], [80.33832394797386, 16.979489505622716], [80.33921751695395, 16.981912545376716], [80.33970885938116, 16.98329710463329], [80.34172771953048, 16.985462569632737], [80.34235641793163, 16.98589603610374], [80.34306773955322, 16.986513230375678], [80.34370807077092, 16.987475354281717], [80.34417004224483, 16.988368533237622], [80.34416773538696, 16.989295263789977], [80.34405702314453, 16.99073666678236], [80.34391017492783, 16.99234962619415], [80.34372992377769, 16.993035796171913], [80.34362031891067, 16.994030993649318], [80.34365482981651, 16.994511579279855], [80.34379458562704, 16.995747455163638], [80.34407469943874, 16.997978942782684], [80.34460743306114, 16.999146822213973], [80.34556851549355, 17.000384055765654], [80.34642214172078, 17.001758400233832], [80.34681171962768, 17.003063329447553], [80.34738070214782, 17.00402532041482], [80.34812807260258, 17.005056247841775], [80.34937463738355, 17.006396900007296], [80.35012261779406, 17.007187557942522], [80.3508337985625, 17.008424355575634], [80.35118787593885, 17.009660569779072], [80.3513278572693, 17.010827788641482], [80.35146826170103, 17.011823391601133], [80.35171454078478, 17.01333401406275], [80.35188839039499, 17.015256396748672], [80.35195754381006, 17.016183235217643], [80.35191787907247, 17.01779636155126], [80.35191384228752, 17.01944386652733], [80.35180569397643, 17.019855569166864], [80.35162418306764, 17.021056584277748], [80.35169224366796, 17.022429620586955], [80.35178918623467, 17.02323697854671], [80.35181288011933, 17.02449839064358], [80.35194409467928, 17.02560552361422], [80.35261071046672, 17.026842236034984], [80.35303682779727, 17.02784687586314], [80.35415831764354, 17.029290256053034], [80.35514576689819, 17.030784898055835], [80.35538527756275, 17.03142884043113], [80.35589265453183, 17.032073211827903], [80.35637337220105, 17.032666054841357], [80.3564790811897, 17.033258295968434], [80.35645054461104, 17.033979033056994], [80.35620677650934, 17.035085558508182], [80.35566872330823, 17.036037158287428], [80.35529163922413, 17.03688604574393], [80.35528995297875, 17.036889152639986], [80.35491492693517, 17.03758047949947], [80.35477867095511, 17.03853272249295], [80.35466938866797, 17.039407781194253], [80.35456048261645, 17.04012838783272], [80.3543688273295, 17.041827063412963], [80.35412572858716, 17.042650421061463], [80.35412428364012, 17.043242488571003], [80.35438927620102, 17.044427054557936], [80.3547625541339, 17.045148436871806], [80.35542987947461, 17.046127710888364], [80.35591113067326, 17.0465146157154], [80.35652663881486, 17.046773023867452], [80.35781136267748, 17.047238435680555], [80.35896233508274, 17.04762640132102], [80.36043527144, 17.047808932461667], [80.36182728853966, 17.048223006253558], [80.36370156906911, 17.04861208426451], [80.36506650348326, 17.04915480380711], [80.36667327847906, 17.049388985453515], [80.36720905417413, 17.049389817957113], [80.36819871498707, 17.050034902943782], [80.36956294261903, 17.050886497641628], [80.37044637211625, 17.0511452779259], [80.37170406521442, 17.05173927386968], [80.37341669943095, 17.052539892488507], [80.37427305261656, 17.052927324868563], [80.37539682166258, 17.053521095525095], [80.37710996484975, 17.054115747988053], [80.37838708805718, 17.055333263115593], [80.3792957331332, 17.056287079159755], [80.38033762342934, 17.057549992989827], [80.38095017363652, 17.059121168886367], [80.38129518710961, 17.060537492535623], [80.38126531504359, 17.061876031709676], [80.38153019969896, 17.06318926731101], [80.38216832697263, 17.065301054715928], [80.38259367412464, 17.066743233885383], [80.38277861277979, 17.067876153094435], [80.38288388894807, 17.06870005128588], [80.38314873491515, 17.07003902228683], [80.38333344433694, 17.07127490710581], [80.38351862881481, 17.072304856561672], [80.38354335726582, 17.0732058603814], [80.3835152675951, 17.073772140359782], [80.38343681031131, 17.074120230026878], [80.38388766851033, 17.07432325457356], [80.38486958940481, 17.074668036522926], [80.3869253136526, 17.074241871372816], [80.3885707934174, 17.074172409760617], [80.38857165753787, 17.073790713285096], [80.38859286707704, 17.073400192461857]]]}}, {"type": "Feature", "properties": {"mandal": "Manuguru", "district": "Khammam", "state": "Telangana"}, "geometry": {"type": "Polygon", "coordinates": [[[80.88355552552272, 17.93470132452618], [80.88262285736639, 17.93457882393629], [80.880127474218, 17.93425107107751], [80.87836475611769, 17.9338123453779], [80.87645592475872, 17.93333725352032], [80.87531804130874, 17.933411536268768], [80.87432693883969, 17.933265690414494], [80.87307896735332, 17.933486735190264], [80.87168425407688, 17.93411124802554], [80.87032625440054, 17.934772396838014], [80.86911500512515, 17.935066746948618], [80.86724306323775, 17.935471649732218], [80.86603179020986, 17.93565599726671], [80.8646737224252, 17.935987136608716], [80.86342577382128, 17.93631818465772], [80.862544835645, 17.93639225395433], [80.86203096089665, 17.936466016764182], [80.86140695968584, 17.936503203733935], [80.8607461684921, 17.936137076670967], [80.85971832825172, 17.935844590205626], [80.85865385051967, 17.935882144012957], [80.85784634817267, 17.93606615470772], [80.85736924151819, 17.936433228681306], [80.85670873281214, 17.937423807515817], [80.85590148984907, 17.938854520429633], [80.8551675526618, 17.93977182479186], [80.85421336202697, 17.940615976075346], [80.85428651495506, 17.93936921243423], [80.8544330117189, 17.937792378341946], [80.85472640339222, 17.936545430965094], [80.85498304311433, 17.935078508753154], [80.85505601234073, 17.932951719341265], [80.85494564128066, 17.931741775863692], [80.85490865151401, 17.930385100822576], [80.8547981582053, 17.92858847410695], [80.85450412463041, 17.92675533231579], [80.85424696589678, 17.925728850061187], [80.85365941931553, 17.92455597124723], [80.85271677686862, 17.92249171123127], [80.85284191987624, 17.92178237177994], [80.85350969605437, 17.919654109534818], [80.85492870694992, 17.915063758359665], [80.8561807321409, 17.91080730428231], [80.85772512975426, 17.9066757657601], [80.85952017005967, 17.902836056063222], [80.86077245623137, 17.89983119347783], [80.8628714446974, 17.895535112473343], [80.86151042776666, 17.89600690443372], [80.86020178254202, 17.896583243092774], [80.8579509795229, 17.897892503043238], [80.85669477215345, 17.898887161758452], [80.85501989098981, 17.900509714577108], [80.85365908064362, 17.901975119352436], [80.85146072625716, 17.90375499360552], [80.85067560872828, 17.90443548821073], [80.84947164319068, 17.90490714921167], [80.8486863953917, 17.904960097618755], [80.84742998053017, 17.904961143411327], [80.84654000992433, 17.904909588676613], [80.84538828568277, 17.904858251780386], [80.84308478339142, 17.9044941009687], [80.84051952802156, 17.904130167961284], [80.83921063237854, 17.903503712938658], [80.83727352873699, 17.90287777976219], [80.83580764690649, 17.902565226669537], [80.8346035503659, 17.902409342819965], [80.8327713552819, 17.90277693533702], [80.83025874510916, 17.90382493543613], [80.82732738378719, 17.90513476068809], [80.82456093297161, 17.907193735594383], [80.8234029944007, 17.907895748829784], [80.82174326652174, 17.90893025554278], [80.82039234351463, 17.909337068679804], [80.81973618258736, 17.909485093103093], [80.81811511719958, 17.90933836788535], [80.8159150960316, 17.90922886383264], [80.8130203762106, 17.90871368331884], [80.81109056004482, 17.90845633645743], [80.8085432007078, 17.90819929363899], [80.80672921239758, 17.90775728672915], [80.80279272130633, 17.905433810691328], [80.8010560962817, 17.90421656504078], [80.79823885756102, 17.902741431693702], [80.79380091335342, 17.900011987549636], [80.79067494843193, 17.898906011735317], [80.78902963878967, 17.89795291803647], [80.78812802790544, 17.897430622631415], [80.78608279031052, 17.896287204623764], [80.78376731292667, 17.89554990984746], [80.78203066653472, 17.895181482892344], [80.78064131324544, 17.89503438030511], [80.77805553163041, 17.894924635964177], [80.77218926987341, 17.894742211118807], [80.76763477866717, 17.89585112491716], [80.76226972313644, 17.897034012648742], [80.76134341000854, 17.897145028501328], [80.75959631658675, 17.897384236794135], [80.75945217388265, 17.897403971850075], [80.75875788195964, 17.896333719556136], [80.75648180608015, 17.893824330815974], [80.75513188279356, 17.89168378848615], [80.75389754061878, 17.89009688925295], [80.75239339239445, 17.88773489143439], [80.74984779760848, 17.884191940262507], [80.74903778164236, 17.88323241383301], [80.74795779546898, 17.88190382224899], [80.74602881232765, 17.880575419645712], [80.74131931010979, 17.880734198074006], [80.73542139771666, 17.880815921264215], [80.73226486928772, 17.880130199945402], [80.73385769200223, 17.883707251873414], [80.73484719454369, 17.885817194636317], [80.73573171894074, 17.887552975486184], [80.73643643175858, 17.889378726316973], [80.73502766814926, 17.88890085891654], [80.73285463279157, 17.88843859725954], [80.73060667181903, 17.88799136776542], [80.72846526359888, 17.888842334329144], [80.72635189265083, 17.889310009870396], [80.72392330388145, 17.889389134216106], [80.7226580048491, 17.889295686385022], [80.72231980024459, 17.8892707079993], [80.7201018321266, 17.888928243987085], [80.71924757733062, 17.88861458450471], [80.71806347819012, 17.88755270237932], [80.717283985601, 17.88644557271839], [80.71633963782317, 17.885278700824276], [80.71533918166477, 17.885242763079482], [80.71289189279469, 17.885133438796124], [80.71191886897691, 17.88546201659954], [80.7105247002897, 17.88661504853539], [80.70718404322638, 17.888729408243766], [80.70579050947201, 17.889419185292965], [80.70384252312921, 17.890214213793836], [80.7022090102591, 17.889916172949317], [80.70047063403773, 17.88979785892921], [80.69867250256247, 17.890577793305212], [80.69687435831399, 17.89129784653756], [80.69340619447837, 17.892869435529235], [80.69159968775037, 17.893617732432308], [80.68998006453671, 17.89430364231276], [80.68904568848308, 17.894802283067428], [80.68811148033811, 17.896109951496793], [80.68680349432286, 17.897480164583847], [80.68418746900257, 17.899971657938192], [80.68281714477232, 17.90115522394573], [80.68175835279806, 17.902525229067088], [80.6803258735194, 17.904393408971764], [80.67939167964734, 17.90576331064652], [80.67851997923253, 17.908066654554702], [80.67764821382306, 17.910058833522033], [80.67690090331241, 17.91136634771383], [80.67672461641618, 17.912935636059306], [80.67937459032626, 17.91321705266147], [80.68065634172724, 17.913349358732038], [80.68233521941893, 17.915405700848765], [80.68339605299525, 17.917121506478477], [80.68422816820413, 17.919609153757442], [80.68573917449007, 17.921537979759034], [80.68728068138641, 17.923384852677675], [80.68837967655476, 17.92518064936521], [80.68934902897695, 17.927235676353867], [80.69120328303251, 17.9288250718473], [80.69281305192231, 17.928753236090063], [80.69490328731892, 17.92782361105129], [80.6971920806493, 17.92783123428057], [80.69907675968696, 17.928978571474328], [80.70092327647308, 17.93005353817636], [80.70292224985273, 17.93051105658876], [80.70431847949651, 17.93082998856332], [80.70444055494866, 17.930860371987784], [80.7044329340123, 17.930900389590658], [80.70437958690974, 17.93117670431128], [80.70399089816355, 17.93311663735045], [80.70533403193889, 17.934916041280058], [80.70669261302835, 17.937612835421998], [80.7080511012873, 17.93986950299382], [80.70940186481008, 17.941670806165718], [80.71120275672543, 17.943467925084047], [80.71345368471528, 17.94482073177345], [80.71526220582493, 17.946617844039938], [80.71751332368225, 17.948877579716708], [80.71841395711303, 17.950675446552918], [80.72022257193717, 17.952922213186145], [80.7211157667593, 17.95562892118142], [80.72247415965079, 17.95742831349973], [80.72337498307857, 17.960131204213454], [80.72360712366753, 17.960750367979514], [80.72254765235921, 17.96097390564074], [80.72083715841825, 17.96103951305812], [80.71858734808272, 17.963897383883108], [80.715513304114, 17.964465394361266], [80.71290102957373, 17.96425707881561], [80.71230260171639, 17.96639684914429], [80.7121869084781, 17.96784418294564], [80.71552713938026, 17.969295740015763], [80.71786198508323, 17.971239004622362], [80.72115579554152, 17.97341858813456], [80.72545676054665, 17.975618594825416], [80.72406102425255, 17.977632952693973], [80.7253301483327, 17.979205375998898], [80.72719754964359, 17.97939312461632], [80.73249543914567, 17.980302626013536], [80.73488710602157, 17.981968819164702], [80.73711062409758, 17.985082374663744], [80.73947067074076, 17.987482708059524], [80.74337232192252, 17.992913071580567], [80.74466234663399, 17.994894493420627], [80.74748342292938, 18.000220575110248], [80.74955819766974, 18.000737910844993], [80.75179475107603, 18.003049823630764], [80.74794424015732, 18.00420555850897], [80.74643867395228, 18.0067460581336], [80.74536937206057, 18.010052521880564], [80.74378876274396, 18.012783169797693], [80.74372663252082, 18.018109232403166], [80.74235931076892, 18.02304685969318], [80.74595801678929, 18.02382256055847], [80.74936525077169, 18.024066480121363], [80.75311421316037, 18.024103492418153], [80.75733542485311, 18.023713932122753], [80.76067877949721, 18.023542320129835], [80.76403921010049, 18.023948291851962], [80.7643008868078, 18.027716254522268], [80.76509160092616, 18.026859898223428], [80.76546117398425, 18.02650669927913], [80.76792490219306, 18.024328565875457], [80.77100409867681, 18.022797506241144], [80.7727286028279, 18.0213845770186], [80.77482235701225, 18.02050112285988], [80.7775932873659, 18.019970476655747], [80.78005640656623, 18.0192045252878], [80.78184225883761, 18.018262272544153], [80.78344345634197, 18.01702584343987], [80.7860298469029, 18.015494758504556], [80.78855459818735, 18.014081361205093], [80.79151040991677, 18.012196964428117], [80.79415829208435, 18.010430360079983], [80.7969910813084, 18.007368987698836], [80.79908477813672, 18.005367183682868], [80.80207457914963, 18.003787746111392], [80.80321018510523, 18.003187815912792], [80.80511895902404, 18.00195105998377], [80.80918265241053, 17.999830452025122], [80.81232262155288, 17.99906376439746], [80.81435429600002, 17.999121509812046], [80.81533929570794, 17.999709447481536], [80.81534168246988, 17.99971416219545], [80.81626262052012, 18.001533217840134], [80.81755528489852, 18.004298338527988], [80.81829404397234, 18.004945246797703], [80.81964850776701, 18.005356409319266], [80.82124928470051, 18.00523779252258], [80.82340420836334, 18.00447151314438], [80.82611327830242, 18.002410229599015], [80.8284528876773, 18.000466830195037], [80.8300536573574, 17.998700406793755], [80.83294727641493, 17.996168130330062], [80.83448640527364, 17.99499018795598], [80.83750305083318, 17.99310509393989], [80.84058120166902, 17.991219913527257], [80.84341305709812, 17.989687945003915], [80.84421328999811, 17.987921948333128], [80.84445945918223, 17.986332874867937], [80.8447563208019, 17.984118347277263], [80.8447671482619, 17.98403757553113], [80.84525943807294, 17.98038862731042], [80.84569032226248, 17.979740994770136], [80.84624430540774, 17.978799031922055], [80.8474754406401, 17.977915441256734], [80.84912877125974, 17.97724876910813], [80.84981462466841, 17.976972206979845], [80.85215377628126, 17.975911249077523], [80.85406193938856, 17.97432094241286], [80.85578539147163, 17.972671904084546], [80.85769343878931, 17.97061077034794], [80.85935519646699, 17.968373256756415], [80.85982904873639, 17.967260621263495], [80.86070901207371, 17.965194375759275], [80.86107815249585, 17.963781713726544], [80.86249342804355, 17.960367368475453], [80.86341657117892, 17.959248516082756], [80.86440132037161, 17.95854155664046], [80.8655707209973, 17.957834446900954], [80.86846367672422, 17.95759675359761], [80.87024868208285, 17.95741876858847], [80.87314162504966, 17.95718101194477], [80.87560364226125, 17.956708177976566], [80.87737804597226, 17.95502948085839], [80.87899563590578, 17.952862262202032], [80.87901893823883, 17.952831042370757], [80.88074152851621, 17.949220125627377], [80.88205395581565, 17.946551139940375], [80.88328420367824, 17.94356834564886], [80.88369391601591, 17.941135523127254], [80.8839391170827, 17.93721197056388], [80.88355552552272, 17.93470132452618]]]}}, {"type": "Feature", "properties": {"mandal": "Mudigonda", "district": "Khammam", "state": "Telangana"}, "geometry": {"type": "Polygon", "coordinates": [[[80.161070969431, 17.18667649183867], [80.16139635370648, 17.186087357972163], [80.162017473974, 17.184502008264325], [80.1626058601268, 17.18300992187733], [80.16300342207005, 17.1804594111144], [80.16313632969255, 17.179495148363262], [80.16320464048826, 17.178468492625086], [80.16320962997665, 17.17700605267975], [80.16320967168824, 17.17699374228252], [80.16321355679928, 17.175854769480946], [80.16286104984748, 17.174702591510066], [80.1626381587012, 17.17355073759864], [80.16264272707245, 17.172212758316984], [80.16278221589516, 17.169319312341603], [80.16269074614735, 17.16763881208692], [80.1623424018442, 17.16527311054551], [80.16218719744344, 17.163281285874863], [80.16199757492221, 17.161880580905734], [80.16156087802786, 17.156932002927114], [80.16146740210446, 17.155842698356448], [80.16134248515854, 17.15447326764018], [80.16124879811805, 17.15344619454795], [80.16124873379562, 17.153444737456493], [80.16118868298028, 17.152076925489116], [80.16116213935145, 17.15036546177989], [80.16110394191278, 17.148436101527828], [80.16150922146817, 17.143614083781557], [80.16154566206484, 17.142431751749456], [80.16190788773471, 17.140721259010228], [80.1623026099706, 17.138979729908176], [80.16237229210113, 17.137548548020785], [80.16237601180013, 17.136459479985096], [80.16264325896736, 17.13409529755384], [80.16264602082605, 17.13328627454826], [80.16294247223611, 17.131855658312393], [80.1632712087393, 17.130456239102404], [80.16363116906636, 17.12939917883829], [80.16363523477789, 17.12939194325072], [80.16412007258533, 17.12852913944112], [80.16435952628063, 17.1280116598755], [80.16496860278737, 17.126695384375783], [80.16539312597456, 17.125700713830472], [80.16605876794408, 17.124763065326853], [80.16607669934133, 17.124737806249815], [80.16705350637794, 17.123277760230867], [80.16803114229548, 17.12156877755793], [80.16858605841081, 17.120325489979965], [80.1685896383023, 17.119267532147568], [80.16895565217352, 17.116405704418572], [80.16938370761183, 17.1143530625024], [80.17003829567227, 17.1123632138208], [80.17056224979036, 17.110684205611353], [80.17187062962999, 17.10692230690429], [80.17219748043165, 17.10605184247736], [80.17281941164823, 17.1041241323038], [80.17324928216672, 17.101511374359465], [80.17322159413375, 17.100111046095112], [80.17322473038928, 17.099177547248885], [80.17332963924896, 17.096846291057204], [80.17332974038098, 17.09684403684984], [80.17336913249184, 17.09475929902217], [80.17263242738778, 17.09229924404446], [80.17073602358232, 17.087969297541655], [80.17012588557046, 17.086411935784703], [80.16922520758548, 17.084573796938795], [80.1680344241603, 17.082330409339264], [80.16690738671106, 17.080398342958347], [80.16613325229345, 17.079462899405502], [80.16544763970165, 17.078634411946357], [80.16523010508685, 17.078371544047656], [80.16403876806538, 17.076314830336766], [80.16300843475122, 17.07453856784035], [80.16242951096304, 17.073354660527414], [80.16139984490557, 17.071391687017616], [80.16059572971011, 17.069771564709725], [80.15927452404199, 17.067838959855024], [80.15895280352454, 17.067215801374513], [80.15843955041886, 17.065783108518133], [80.15834731047295, 17.06435148016571], [80.15797013080976, 17.061020972908363], [80.15797015844431, 17.061020355323585], [80.15800529557697, 17.06021201193119], [80.15791530600262, 17.058126921517218], [80.15805136347744, 17.056229106823256], [80.15822022889702, 17.054206905043483], [80.15926599233245, 17.051440102268923], [80.16066697514346, 17.04895424505443], [80.16261788712772, 17.04662534683534], [80.16262202351705, 17.046619681275594], [80.1633661750531, 17.045600348879844], [80.1648298172799, 17.043705850107617], [80.16535088366487, 17.042835862690495], [80.16535136320164, 17.04283531895741], [80.16655364230274, 17.04146969522721], [80.16807935277505, 17.04035326449033], [80.16915360479422, 17.038675586546905], [80.16999949572427, 17.037495216900027], [80.17078061583489, 17.036314683350298], [80.17133611221169, 17.03482241367498], [80.17156727784835, 17.033484927714536], [80.17170276754564, 17.031711559006535], [80.1716149512165, 17.02894187140969], [80.17161302462972, 17.028917254430283], [80.17149077726495, 17.027354563997], [80.17104292298907, 17.025735337761827], [80.17062745582474, 17.024116188881333], [80.17021094478051, 17.022808213702447], [80.16992594647174, 17.020909326800055], [80.16963958837614, 17.019414965064467], [80.16961411694521, 17.018556634619536], [80.16958523182119, 17.016670382988927], [80.16934261219998, 17.016602818447566], [80.16914915010429, 17.016548943440956], [80.16902704883348, 17.01611729326033], [80.16867761471687, 17.01488197084397], [80.16825428824987, 17.013321551540596], [80.16761725677209, 17.010973350746216], [80.16742165297944, 17.009481089733583], [80.16721059374825, 17.00787088917095], [80.16686042633302, 17.006660353193375], [80.1665621044359, 17.005629038201086], [80.16640553330254, 17.005615349011194], [80.16041639862239, 17.005091630931553], [80.15907666241203, 17.005766216649253], [80.15638938047846, 17.007119280930215], [80.15611110677328, 17.007259389993994], [80.15485896580519, 17.006910587590134], [80.1539039956562, 17.00690735271869], [80.15270817730385, 17.00747757585321], [80.15259928007485, 17.007289245943017], [80.15142111859832, 17.005251670485215], [80.15140327456308, 17.005220809424138], [80.1513440553811, 17.00511839077624], [80.1507776502514, 17.00467923674699], [80.14926100217002, 17.003503308204483], [80.14892080396257, 17.003260319488195], [80.14854810229087, 17.002994115075904], [80.14699893209732, 17.001887592619052], [80.14699903053943, 17.00188740574975], [80.14725162022174, 17.001405615182847], [80.14735958209386, 17.001199688595534], [80.14731064965707, 17.00066053345423], [80.14730225044752, 17.000567982290992], [80.14730223238463, 17.000567783265932], [80.14676855710472, 17.000050616813517], [80.14563704400508, 16.998954091579826], [80.14421166585714, 16.997111755271657], [80.14421146567867, 16.997111496835803], [80.14314635322191, 16.994638421402183], [80.14238223793451, 16.99147723528712], [80.14230485633773, 16.991276492781267], [80.14202757148465, 16.990557159396268], [80.14085346706104, 16.990417476744053], [80.14053619743063, 16.99037973054938], [80.1379061667866, 16.991461772164218], [80.13462242012582, 16.991794937416472], [80.13376037005715, 16.991837172388692], [80.1313393128505, 16.99195577051114], [80.12978695322268, 16.992122622406058], [80.1294339785783, 16.992039328321383], [80.12805772474606, 16.99171455901027], [80.12652590342933, 16.991463357419985], [80.12555265263454, 16.991303749426137], [80.12437623380286, 16.991346762171773], [80.12268753206229, 16.991408493035213], [80.12179231840183, 16.991405325061113], [80.12171452936148, 16.98958363108418], [80.12166133496726, 16.988337875986467], [80.12162799351653, 16.987557041576366], [80.12106756995288, 16.9875550559628], [80.12106743085704, 16.98755505546976], [80.1196585614867, 16.9875500572401], [80.1185652631714, 16.9875064661112], [80.11749536022731, 16.98746380279666], [80.11749524088555, 16.98746379784973], [80.11649597879884, 16.9874239467927], [80.1151465903956, 16.98725674431872], [80.1145871156409, 16.987187417334013], [80.11255889727485, 16.986950443833486], [80.11179037401588, 16.987120095700792], [80.11076695105757, 16.987346012357772], [80.110200857823, 16.987447663425307], [80.10951477145701, 16.987570859511855], [80.10951278604952, 16.987571215928906], [80.10879654301641, 16.98842615475891], [80.10879327784279, 16.988430051739055], [80.10765734487573, 16.988942812511535], [80.10622412493237, 16.989167351535112], [80.1062240364423, 16.989167388294913], [80.10443079777208, 16.98990743116931], [80.10319920829362, 16.990279596074178], [80.10311625271007, 16.990304663890925], [80.1023103243051, 16.990288592684948], [80.09959532703895, 16.990234430044133], [80.09770995118262, 16.990050486315145], [80.09714933208339, 16.989995786573584], [80.0964386153452, 16.988614904788445], [80.09578917841438, 16.986832245241636], [80.09545585537894, 16.98523315830468], [80.09540103700328, 16.984970169707108], [80.09540100471798, 16.984970015843512], [80.0930097864111, 16.992511120424993], [80.09294201628437, 16.99463659428296], [80.09270555399847, 16.99629555114495], [80.0926995125397, 16.99789983990966], [80.09298165856364, 16.999394305098534], [80.09239673557605, 17.001882081098675], [80.09187039631912, 17.004093416290008], [80.09146145431534, 17.0056965538474], [80.09122705509179, 17.00680230134242], [80.09144767988045, 17.009347683068913], [80.09195714363857, 17.01161728089605], [80.09246953680976, 17.013112394756654], [80.09315544706908, 17.014386718063705], [80.09550933310858, 17.015997686529637], [80.09648431532119, 17.01694089088887], [80.09745723544583, 17.018437291214937], [80.09819972230206, 17.019988357308357], [80.10020814604681, 17.021653617767782], [80.10095149136343, 17.022983392849117], [80.10198244889207, 17.024369290691954], [80.10347330138185, 17.025922427960996], [80.10525198913399, 17.02747635580662], [80.10599600475433, 17.028640151847462], [80.10668164750747, 17.03002506418758], [80.10731034919505, 17.031243854303664], [80.10747772968935, 17.032682645674345], [80.1083863121206, 17.03605969599202], [80.10901015243964, 17.038606149007922], [80.10900526118625, 17.039933818811797], [80.11089478007906, 17.042705038783573], [80.1091671595957, 17.04286623040245], [80.10749281410179, 17.044189277513013], [80.10512394451683, 17.046506138596694], [80.10402522577357, 17.0478307578076], [80.10373409865568, 17.04871506505994], [80.10372937698811, 17.04998741099264], [80.1032657422035, 17.05081591637518], [80.10205205292934, 17.052084882525197], [80.1015302188265, 17.05307917982111], [80.10152362941125, 17.054849396893694], [80.10134494442052, 17.05645317153993], [80.10139736654081, 17.057836313583806], [80.10306289230047, 17.060175745872467], [80.10451476795316, 17.0628131505163], [80.10524137102286, 17.063956293069516], [80.1064220217977, 17.065776294942847], [80.10704531736708, 17.068488685509568], [80.10698099726933, 17.070314052384315], [80.10639808641058, 17.072248618906958], [80.10547052654456, 17.073960945268286], [80.10500745787252, 17.074623490471435], [80.10500458861733, 17.075397954714255], [80.10523243534975, 17.07606242273926], [80.10592008133531, 17.076949445047998], [80.10672227367277, 17.078002741718198], [80.10740952338985, 17.07900039595379], [80.10717103878174, 17.08121250917028], [80.10762390280657, 17.08331589873005], [80.10865481513788, 17.084812372884112], [80.10974149015304, 17.08680686892758], [80.11094436470994, 17.08852508138082], [80.1117450073626, 17.090020903483413], [80.11220200018327, 17.09101790456018], [80.11219672299896, 17.092456187319478], [80.11224780949554, 17.09422653898945], [80.11083964695246, 17.095474257792294], [80.11040335265145, 17.096676243827588], [80.10970609638595, 17.09837538046643], [80.10896594634313, 17.099991416241913], [80.10801290587621, 17.10077707504034], [80.10719187497526, 17.100899267595853], [80.10585304685432, 17.100895551479347], [80.1045574066949, 17.100891947102177], [80.1041680994692, 17.101056820058467], [80.10377648117863, 17.101844022817595], [80.10329755801561, 17.10287991665148], [80.10294896686348, 17.10370872778095], [80.10221337116658, 17.104080074666804], [80.10069991112344, 17.104573707996014], [80.09923056262453, 17.104818519108445], [80.09732932131627, 17.10506210335763], [80.09607528647854, 17.10547345689846], [80.09486334453152, 17.10617534576193], [80.09373761616396, 17.10691896130657], [80.0937371913932, 17.10703190267836], [80.09373511866063, 17.107582780393244], [80.09390350603024, 17.10874495230374], [80.09363952692232, 17.110030366389363], [80.09285585448211, 17.111687705111724], [80.0924170688891, 17.113511976956744], [80.09241049888121, 17.115254497333023], [80.09253600662545, 17.116333567618263], [80.09344130654442, 17.116792517105043], [80.09438964704063, 17.117293072871053], [80.09516491406845, 17.117876112992036], [80.09615240930576, 17.119455484063888], [80.09701081000955, 17.120910019048917], [80.09778392481418, 17.12207388779513], [80.09782432274282, 17.122820801541053], [80.09777522869368, 17.12439724049982], [80.09772442555561, 17.12643005119904], [80.09797939546604, 17.127550968137356], [80.09858116196442, 17.128340948513216], [80.09957168022787, 17.12913201962634], [80.10095126626491, 17.12984119775492], [80.10211550612753, 17.130383810655967], [80.10263167961563, 17.13096609584784], [80.10312381886855, 17.132205218264552], [80.10063741216825, 17.134853542199863], [80.09786172394145, 17.137832929950076], [80.09635616790119, 17.139986095842552], [80.09446124694402, 17.14162986724811], [80.09444927914123, 17.141640249448844], [80.09179276999888, 17.14351352701955], [80.09000100203532, 17.14516796652404], [80.08821927322896, 17.144167150723533], [80.08683905537931, 17.14361001612697], [80.08562952890003, 17.14360654497511], [80.0846495466097, 17.143824999214246], [80.0837277904663, 17.14387766299146], [80.08274907222734, 17.143764204296808], [80.0817720467071, 17.14320820033592], [80.08096590964745, 17.14315054983185], [80.07986988237401, 17.143589918662375], [80.0787736376766, 17.14408460003601], [80.07744551122761, 17.14496582669447], [80.07479135819459, 17.146175080390886], [80.07352528877065, 17.14589478445921], [80.07197123762758, 17.145613635449582], [80.07064672035584, 17.14555442228212], [80.06990010842405, 17.144999042812206], [80.06875096932939, 17.144276517615015], [80.06777225680362, 17.144162990082098], [80.06569856250239, 17.144212166194933], [80.06391155118796, 17.14459408380624], [80.06189436197805, 17.14491998187216], [80.05941573698826, 17.145410432348193], [80.05791428675131, 17.146401653974234], [80.05629762586668, 17.14739251845444], [80.05485615371148, 17.147775399807347], [80.05387699274586, 17.14777244304954], [80.05272613841534, 17.147492371098288], [80.05123366509035, 17.14621553178832], [80.04972929941218, 17.147925821494606], [80.04857447361177, 17.1486414410532], [80.04724264073712, 17.150407554834523], [80.04666037026944, 17.150177589948676], [80.04545280031766, 17.14967603393567], [80.04446056420981, 17.149341085376044], [80.04268992282762, 17.149211183020217], [80.04096064208666, 17.149537767308754], [80.03892846189534, 17.149987866661252], [80.03706738638232, 17.150853361724415], [80.03559390708894, 17.152010465213788], [80.03433657686787, 17.15312674274509], [80.03355375288007, 17.15441044618895], [80.03229487385818, 17.155900102231993], [80.0318623656755, 17.156023215655075], [80.0308252266146, 17.15610294829922], [80.02931305470287, 17.15613969853294], [80.02780241265316, 17.155803045636826], [80.02672309356653, 17.155633695793885], [80.02538525996715, 17.15529757030995], [80.02486942203464, 17.15467361481286], [80.02400884404403, 17.153841125753203], [80.02245040764262, 17.15462447236246], [80.02127972900351, 17.155657969725503], [80.02067029702144, 17.156776221631073], [80.02040543170493, 17.158144497773808], [80.02014916092034, 17.160282220699532], [80.0188787978562, 17.161666150922567], [80.01731648885334, 17.163362189289774], [80.01523469191056, 17.165305480441006], [80.01293874613299, 17.16679169205825], [80.01150907616247, 17.167741322277823], [80.0083896059268, 17.169847152422218], [80.00587806328757, 17.171208122953455], [80.0027621612451, 17.172442628804756], [80.00048084531853, 17.17365416326139], [80.0014990690164, 17.17484481916275], [80.00222809969208, 17.176133332461724], [80.00256987661774, 17.177047187046217], [80.00204492658933, 17.178580533460224], [80.00156545682503, 17.17957468120474], [80.00108580640816, 17.180610315332967], [80.00134170198173, 17.181399425455325], [80.00202719889901, 17.182770769845003], [80.00275731419664, 17.183810353448116], [80.00369768879656, 17.18621972174776], [80.00455674768762, 17.187425669666123], [80.00576129912108, 17.188674223146453], [80.00670784202914, 17.189631517252096], [80.00726622437746, 17.19042159736975], [80.00816922760276, 17.191461718885655], [80.00883117084398, 17.19274537465174], [80.00876961048264, 17.192542346009212], [80.00933427241017, 17.19183887689602], [80.00985537565168, 17.191218241188356], [80.0106775389863, 17.190930478354336], [80.01162741399337, 17.191099491196002], [80.01240289996377, 17.19164132902191], [80.01317769713808, 17.192349113660764], [80.01378139801764, 17.192641467235777], [80.01460442638522, 17.192146252885266], [80.01551369244397, 17.191692799387408], [80.01616388178323, 17.191197024977], [80.01681199785901, 17.191199097117835], [80.0172864212475, 17.191408051614896], [80.01823423972561, 17.192074882526807], [80.01892522247832, 17.192160060333993], [80.01965975847271, 17.192162399752117], [80.02035280225219, 17.19174972446214], [80.02074373249592, 17.191253112491264], [80.02178534625531, 17.190136245748675], [80.02304383917097, 17.18881262108925], [80.02412692526703, 17.188110753236234], [80.02564429036997, 17.18687090638396], [80.02598585264562, 17.18786769422715], [80.02671441123846, 17.18932206728878], [80.02727219187909, 17.19027804405797], [80.02791673363458, 17.19115131686377], [80.02947017571954, 17.191654048788145], [80.03111190586803, 17.19170067851249], [80.03275566455835, 17.191249448700674], [80.0342275973324, 17.190548742264102], [80.03522120415508, 17.19059332209164], [80.03647355271222, 17.1907631634609], [80.03803401900957, 17.191314257026566], [80.03837162370046, 17.193306719372963], [80.03853819108305, 17.19485611373358], [80.03841961077141, 17.195685502459515], [80.03755185049161, 17.19656788888535], [80.03720304067276, 17.197341246440526], [80.03720035033142, 17.198005042562837], [80.03690757980773, 17.199165791988346], [80.03644443455309, 17.199717525297316], [80.03621084042923, 17.200491238118413], [80.03632180292686, 17.201542605083432], [80.03631664163673, 17.20281487800235], [80.0356201100782, 17.20408500427741], [80.03561606687998, 17.205080695776292], [80.03612943408518, 17.20635457780962], [80.03681453116509, 17.20790557441783], [80.03721245849238, 17.209234411603184], [80.03720819896238, 17.21028541706611], [80.03726065876326, 17.21155786440788], [80.03679591543715, 17.212496807893658], [80.0365022230047, 17.213878814535065], [80.03672663423407, 17.215373060161905], [80.03747409224385, 17.215762593708973], [80.03792965713299, 17.217091603223157], [80.03815453092393, 17.218475214883025], [80.03826491779992, 17.220129951600995], [80.03900720959798, 17.219762425311387], [80.04044991119011, 17.21921371366126], [80.04206880168556, 17.21783578626658], [80.0428781266085, 17.21717447556431], [80.04460910979627, 17.21657130424236], [80.04801276196888, 17.21553069154108], [80.05055123779302, 17.214708666058005], [80.05205082707484, 17.214325997402288], [80.0549917121902, 17.213726403748506], [80.05706614192916, 17.213677333215973], [80.05885423142233, 17.213184851307147], [80.06110541895757, 17.212140570227554], [80.06283781963971, 17.21115003718546], [80.06537790790142, 17.209885305052573], [80.06728311454029, 17.20889524731977], [80.07005360580244, 17.207631139634525], [80.07322800732582, 17.206202228583415], [80.0771515624709, 17.204720134886852], [80.07946080745833, 17.203509875945315], [80.08043854922526, 17.203955245645425], [80.08170500214526, 17.20423549431198], [80.08349104274552, 17.20424064958619], [80.08498964476523, 17.204079012776827], [80.08660536461575, 17.203419849317726], [80.0890829760612, 17.20337162297789], [80.09081055894505, 17.203597817561267], [80.09190084082992, 17.204762573290186], [80.09339589762163, 17.20554125361119], [80.0945483974176, 17.205489201266573], [80.09622254217234, 17.204608864007838], [80.0984732270608, 17.203619501510858], [80.10008889795581, 17.20296023563825], [80.10245230185537, 17.202634949556106], [80.1045842157664, 17.202585576131888], [80.10544698765797, 17.20297519400099], [80.10505025372551, 17.20120395081003], [80.10453583768891, 17.200096181081044], [80.10390805224313, 17.198490242173605], [80.10478155959397, 17.197705944102275], [80.10582247413035, 17.1966578149672], [80.10726502349465, 17.19605332952609], [80.10859254538813, 17.19539319906704], [80.10934190468406, 17.19528463568254], [80.11043978260201, 17.19440259121539], [80.11119137335533, 17.193685539677425], [80.11240201970648, 17.193467600115852], [80.11384250014797, 17.193416234837173], [80.11493994264202, 17.192644799291756], [80.11569151121954, 17.191927731390905], [80.11615603146551, 17.19093329193542], [80.11644892811873, 17.189606480653392], [80.1171442812004, 17.188502033350733], [80.11829989733873, 17.187564786675736], [80.11910683006421, 17.187456344476697], [80.12019899835674, 17.188123113400053], [80.12117715716495, 17.188457664845437], [80.12273301661344, 17.188351233932988], [80.12354194999604, 17.187689609218836], [80.1248127486224, 17.186752637614834], [80.12723571272583, 17.185818744994535], [80.12833306032313, 17.18504723909172], [80.12925678183525, 17.184496533077862], [80.13087061008908, 17.18427956232709], [80.1332345267678, 17.183732665078253], [80.13410337639144, 17.18240735075862], [80.13491578732025, 17.18074997917392], [80.13555182629511, 17.1800878499719], [80.13647550337798, 17.17953711160213], [80.13820528076126, 17.179099121842185], [80.13970462251773, 17.17866051409077], [80.1422375697787, 17.17916498769083], [80.1433879590714, 17.179665839150147], [80.14551729005647, 17.180279858296092], [80.14672588315213, 17.18061489005258], [80.14833638102289, 17.18133817337921], [80.14896640270224, 17.182390824722017], [80.14999930288317, 17.18355514394335], [80.1511501229845, 17.183945319449613], [80.15339569895953, 17.184282969848592], [80.15517965025522, 17.184840691582483], [80.15679173888829, 17.18512137543582], [80.15851790915146, 17.185734239207893], [80.16019206163195, 17.18668127886815], [80.1603375100033, 17.186720706124618], [80.16050948415395, 17.186689705314073], [80.16069771859681, 17.186690179466265], [80.16081235084208, 17.18667475194772], [80.16095974547554, 17.186651547664585], [80.161070969431, 17.18667649183867]]]}}, {"type": "Feature", "properties": {"mandal": "Mulkalapalle", "district": "Khammam", "state": "Telangana"}, "geometry": {"type": "Polygon", "coordinates": [[[80.96737926355944, 17.562809473966503], [80.96513549688817, 17.557088659959295], [80.9640307900926, 17.551463244551595], [80.96145528083221, 17.541267833625387], [80.96016571367288, 17.53318083415764], [80.95924196105196, 17.523159104064188], [80.95904722685816, 17.505399409227213], [80.95718710543841, 17.503457895888687], [80.95702795222617, 17.503291776060053], [80.95739121817275, 17.49748854418767], [80.95793767874713, 17.49133338582474], [80.95811591380576, 17.483068536997617], [80.95801738816684, 17.47848433946454], [80.95792695722545, 17.474276571885678], [80.95847366989244, 17.46864887841841], [80.95865119399365, 17.45932886881134], [80.9588272548335, 17.44772281698007], [80.95924341564424, 17.444514454091582], [80.96010473456612, 17.437873822049795], [80.95918455905637, 17.43277537731905], [80.95918065238692, 17.42662070472657], [80.95859498525603, 17.417171162024953], [80.94987611206608, 17.418942158618506], [80.94964050456325, 17.418894876079033], [80.94285668892319, 17.4204854355769], [80.9377222876761, 17.420491287481852], [80.93423823008628, 17.420495188293348], [80.93148731079752, 17.41979483302426], [80.92762779825306, 17.419316301735815], [80.927269531798, 17.419271877557343], [80.92616816085142, 17.416811179737817], [80.92433271143003, 17.412944461888017], [80.91956081893674, 17.402750211894137], [80.91717380038921, 17.39466357164323], [80.9135028919419, 17.384819667460377], [80.91056791415916, 17.380778038076873], [80.90854951205742, 17.376207897781548], [80.90671394684382, 17.370054877246528], [80.90432691607184, 17.359330177956945], [80.90120830169596, 17.352650745649484], [80.89864118239471, 17.35019123086772], [80.89442412722025, 17.34685394315665], [80.88985928930447, 17.343880706567177], [80.88984071450658, 17.343868608017306], [80.88470763950117, 17.34123536442233], [80.87865798831467, 17.337547645473105], [80.87522448056473, 17.333910427935955], [80.87375273308827, 17.338021705131162], [80.87334089415522, 17.340923651189392], [80.86963091671352, 17.350950383075578], [80.86743123654323, 17.350952151041618], [80.86440611470763, 17.347261607859636], [80.86248154336913, 17.34805445208422], [80.86151961474185, 17.351088678907026], [80.86262002278083, 17.355044538937083], [80.85987108150505, 17.360586037749364], [80.85712174212689, 17.364017253057767], [80.85038541598082, 17.371935568706682], [80.84846079067113, 17.37615739553861], [80.84392406130931, 17.390536424163255], [80.83787386898517, 17.398981328295925], [80.8318231675908, 17.406634705976064], [80.82852276423309, 17.404922227720984], [80.82288469079985, 17.40228787588573], [80.81930944979642, 17.400047863483458], [80.81628415781206, 17.399785797927215], [80.81229635068408, 17.398864772812132], [80.80144937304463, 17.394341568770923], [80.80060854076531, 17.393990908281076], [80.79263329010311, 17.392411967608552], [80.78754570761608, 17.391359078074817], [80.77819593621177, 17.388593178891842], [80.769396183965, 17.38661801203731], [80.76393350699405, 17.385621715059], [80.76032090513412, 17.386489000257672], [80.75660801145153, 17.387149508128548], [80.75193244151534, 17.388073975905815], [80.74711867721955, 17.390449144287725], [80.74297617774133, 17.393925269043013], [80.74326497351943, 17.39796762291382], [80.74023753973107, 17.402452432975018], [80.73921752288908, 17.405166536099347], [80.7394156900232, 17.41153571649043], [80.73978089147586, 17.414700927884454], [80.74271220521344, 17.420151636009578], [80.74344373483046, 17.42437183995603], [80.74545831381542, 17.42999852933128], [80.74875432962676, 17.44107614007229], [80.75076653466871, 17.45303319904428], [80.75241443476034, 17.45953906831817], [80.75186302787851, 17.462352733646014], [80.75002786305295, 17.464815025802277], [80.74213904052452, 17.469212949830737], [80.73773668392855, 17.469917208390374], [80.73187277756443, 17.470769960850774], [80.73057976636576, 17.476776370139717], [80.73002640924248, 17.48257929755972], [80.73130598312122, 17.491019567127378], [80.73478522690685, 17.50297625637939], [80.73771633337209, 17.511240267176355], [80.73991408412864, 17.51897683142843], [80.73972765252512, 17.525131273239953], [80.73935781871403, 17.531109892737735], [80.73935534909484, 17.536209228301743], [80.7391696503253, 17.540781071669674], [80.73806641614188, 17.545528919639587], [80.73824783745273, 17.549748995051214], [80.73832963321307, 17.551371454665382], [80.73861130208866, 17.55695825976966], [80.7387835383532, 17.562319737435985], [80.73879206012714, 17.562585004719274], [80.74025764744141, 17.567683970603333], [80.74227509110257, 17.57014525937434], [80.74228654535712, 17.570178226767624], [80.74888203693264, 17.568912912349916], [80.7532862814391, 17.568911802576267], [80.75879192662944, 17.5680311056906], [80.7635629163579, 17.568733022002558], [80.76814941993018, 17.572424102325726], [80.7681377610325, 17.57274503781456], [80.77126943192096, 17.571543864540974], [80.77439000743324, 17.568729384187463], [80.77560070697972, 17.56794190536486], [80.77952922301284, 17.56538657692318], [80.78264911809103, 17.564330333475493], [80.78550367420996, 17.56448113271496], [80.78595218096457, 17.564504823163542], [80.79156908881315, 17.566412350909395], [80.7971459180605, 17.565203223492688], [80.80430316600469, 17.562034696208315], [80.8081571451364, 17.559043502795348], [80.8127267981601, 17.555538334325963], [80.81274045731043, 17.55552785630376], [80.8147639028504, 17.551830639300373], [80.81696598958425, 17.550071038592332], [80.82045229779087, 17.550772405626542], [80.82595695774211, 17.55393423363615], [80.83036084337772, 17.554986556382392], [80.83990267572054, 17.554277042487413], [80.84577456330972, 17.55427303779559], [80.85127935155765, 17.55303827308992], [80.85660073565347, 17.553210204156724], [80.86082108480394, 17.552855336562608], [80.86467450936955, 17.553028186130632], [80.86818707379186, 17.553943353234818], [80.86857765806975, 17.554045112239148], [80.86871162124358, 17.554255842431562], [80.87403436472269, 17.56093331125349], [80.87734457636346, 17.566712432613453], [80.87844488019155, 17.568852556098808], [80.87918548780645, 17.570145454655176], [80.87953412149838, 17.571230051818187], [80.87970591671146, 17.571846678723922], [80.8797254610071, 17.57183037538991], [80.88284678224493, 17.578333600977945], [80.88633526872137, 17.584484766051588], [80.88835476373326, 17.587120487480238], [80.89137449150066, 17.58928717458269], [80.89136112247303, 17.589713782352515], [80.8918395453822, 17.593067784439352], [80.89871770093062, 17.591084326354885], [80.90546236377948, 17.590814101976434], [80.91069344676248, 17.591995816376123], [80.91456876990033, 17.592080304942478], [80.91647474907188, 17.59212183234778], [80.91997118348861, 17.592181416600752], [80.92377019855866, 17.592246090684633], [80.93161631735518, 17.59250137160032], [80.93863684136102, 17.59328480086971], [80.94386774818068, 17.5936744487867], [80.94758452408406, 17.594065748226733], [80.9503375277147, 17.59406250216762], [80.95059723449991, 17.59403553358483], [80.95419149121416, 17.593662271162383], [80.95680568879511, 17.591812850490015], [80.95928210572293, 17.58983168850478], [80.9614824982233, 17.5867958314583], [80.96203145071713, 17.584289505550014], [80.96367943795065, 17.578616773166498], [80.96477696322458, 17.573208454793015], [80.96614960326131, 17.567667893510222], [80.96737926355944, 17.562809473966503]]]}}, {"type": "Feature", "properties": {"mandal": "Nelakondapalle", "district": "Khammam", "state": "Telangana"}, "geometry": {"type": "Polygon", "coordinates": [[[80.00048084531853, 17.17365416326139], [80.0027621612451, 17.172442628804756], [80.00587806328757, 17.171208122953455], [80.0083896059268, 17.169847152422218], [80.01150907616247, 17.167741322277823], [80.01293874613299, 17.16679169205825], [80.01523469191056, 17.165305480441006], [80.01731648885334, 17.163362189289774], [80.0188787978562, 17.161666150922567], [80.02014916092034, 17.160282220699532], [80.02040543170493, 17.158144497773808], [80.02067029702144, 17.156776221631073], [80.02127972900351, 17.155657969725503], [80.02245040764262, 17.15462447236246], [80.02400884404403, 17.153841125753203], [80.02486942203464, 17.15467361481286], [80.02538525996715, 17.15529757030995], [80.02672309356653, 17.155633695793885], [80.02780241265316, 17.155803045636826], [80.02931305470287, 17.15613969853294], [80.0308252266146, 17.15610294829922], [80.0318623656755, 17.156023215655075], [80.03229487385818, 17.155900102231993], [80.03355375288007, 17.15441044618895], [80.03433657686787, 17.15312674274509], [80.03559390708894, 17.152010465213788], [80.03706738638232, 17.150853361724415], [80.03892846189534, 17.149987866661252], [80.04096064208666, 17.149537767308754], [80.04268992282762, 17.149211183020217], [80.04446056420981, 17.149341085376044], [80.04545280031766, 17.14967603393567], [80.04666037026944, 17.150177589948676], [80.04724264073712, 17.150407554834523], [80.04857447361177, 17.1486414410532], [80.04972929941218, 17.147925821494606], [80.05123366509035, 17.14621553178832], [80.05272613841534, 17.147492371098288], [80.05387699274586, 17.14777244304954], [80.05485615371148, 17.147775399807347], [80.05629762586668, 17.14739251845444], [80.05791428675131, 17.146401653974234], [80.05941573698826, 17.145410432348193], [80.06189436197805, 17.14491998187216], [80.06391155118796, 17.14459408380624], [80.06569856250239, 17.144212166194933], [80.06777225680362, 17.144162990082098], [80.06875096932939, 17.144276517615015], [80.06990010842405, 17.144999042812206], [80.07064672035584, 17.14555442228212], [80.07197123762758, 17.145613635449582], [80.07352528877065, 17.14589478445921], [80.07479135819459, 17.146175080390886], [80.07744551122761, 17.14496582669447], [80.0787736376766, 17.14408460003601], [80.07986988237401, 17.143589918662375], [80.08096590964745, 17.14315054983185], [80.0817720467071, 17.14320820033592], [80.08274907222734, 17.143764204296808], [80.0837277904663, 17.14387766299146], [80.0846495466097, 17.143824999214246], [80.08562952890003, 17.14360654497511], [80.08683905537931, 17.14361001612697], [80.08821927322896, 17.144167150723533], [80.09000100203532, 17.14516796652404], [80.09179276999888, 17.14351352701955], [80.09444927914123, 17.141640249448844], [80.09446124694402, 17.14162986724811], [80.09635616790119, 17.139986095842552], [80.09786172394145, 17.137832929950076], [80.10063741216825, 17.134853542199863], [80.10312381886855, 17.132205218264552], [80.10263167961563, 17.13096609584784], [80.10211550612753, 17.130383810655967], [80.10095126626491, 17.12984119775492], [80.09957168022787, 17.12913201962634], [80.09858116196442, 17.128340948513216], [80.09797939546604, 17.127550968137356], [80.09772442555561, 17.12643005119904], [80.09777522869368, 17.12439724049982], [80.09782432274282, 17.122820801541053], [80.09778392481418, 17.12207388779513], [80.09701081000955, 17.120910019048917], [80.09615240930576, 17.119455484063888], [80.09516491406845, 17.117876112992036], [80.09438964704063, 17.117293072871053], [80.09344130654442, 17.116792517105043], [80.09253600662545, 17.116333567618263], [80.09241049888121, 17.115254497333023], [80.0924170688891, 17.113511976956744], [80.09285585448211, 17.111687705111724], [80.09363952692232, 17.110030366389363], [80.09390350603024, 17.10874495230374], [80.09373511866063, 17.107582780393244], [80.0937371913932, 17.10703190267836], [80.09373761616396, 17.10691896130657], [80.09486334453152, 17.10617534576193], [80.09607528647854, 17.10547345689846], [80.09732932131627, 17.10506210335763], [80.09923056262453, 17.104818519108445], [80.10069991112344, 17.104573707996014], [80.10221337116658, 17.104080074666804], [80.10294896686348, 17.10370872778095], [80.10329755801561, 17.10287991665148], [80.10377648117863, 17.101844022817595], [80.1041680994692, 17.101056820058467], [80.1045574066949, 17.100891947102177], [80.10585304685432, 17.100895551479347], [80.10719187497526, 17.100899267595853], [80.10801290587621, 17.10077707504034], [80.10896594634313, 17.099991416241913], [80.10970609638595, 17.09837538046643], [80.11040335265145, 17.096676243827588], [80.11083964695246, 17.095474257792294], [80.11224780949554, 17.09422653898945], [80.11219672299896, 17.092456187319478], [80.11220200018327, 17.09101790456018], [80.1117450073626, 17.090020903483413], [80.11094436470994, 17.08852508138082], [80.10974149015304, 17.08680686892758], [80.10865481513788, 17.084812372884112], [80.10762390280657, 17.08331589873005], [80.10717103878174, 17.08121250917028], [80.10740952338985, 17.07900039595379], [80.10672227367277, 17.078002741718198], [80.10592008133531, 17.076949445047998], [80.10523243534975, 17.07606242273926], [80.10500458861733, 17.075397954714255], [80.10500745787252, 17.074623490471435], [80.10547052654456, 17.073960945268286], [80.10639808641058, 17.072248618906958], [80.10698099726933, 17.070314052384315], [80.10704531736708, 17.068488685509568], [80.1064220217977, 17.065776294942847], [80.10524137102286, 17.063956293069516], [80.10451476795316, 17.0628131505163], [80.10306289230047, 17.060175745872467], [80.10139736654081, 17.057836313583806], [80.10134494442052, 17.05645317153993], [80.10152362941125, 17.054849396893694], [80.1015302188265, 17.05307917982111], [80.10205205292934, 17.052084882525197], [80.1032657422035, 17.05081591637518], [80.10372937698811, 17.04998741099264], [80.10373409865568, 17.04871506505994], [80.10402522577357, 17.0478307578076], [80.10512394451683, 17.046506138596694], [80.10749281410179, 17.044189277513013], [80.1091671595957, 17.04286623040245], [80.11089478007906, 17.042705038783573], [80.10900526118625, 17.039933818811797], [80.10901015243964, 17.038606149007922], [80.1083863121206, 17.03605969599202], [80.10747772968935, 17.032682645674345], [80.10731034919505, 17.031243854303664], [80.10668164750747, 17.03002506418758], [80.10599600475433, 17.028640151847462], [80.10525198913399, 17.02747635580662], [80.10347330138185, 17.025922427960996], [80.10198244889207, 17.024369290691954], [80.10095149136343, 17.022983392849117], [80.10020814604681, 17.021653617767782], [80.09819972230206, 17.019988357308357], [80.09745723544583, 17.018437291214937], [80.09648431532119, 17.01694089088887], [80.09550933310858, 17.015997686529637], [80.09315544706908, 17.014386718063705], [80.09246953680976, 17.013112394756654], [80.09195714363857, 17.01161728089605], [80.09144767988045, 17.009347683068913], [80.09122705509179, 17.00680230134242], [80.09146145431534, 17.0056965538474], [80.09187039631912, 17.004093416290008], [80.09239673557605, 17.001882081098675], [80.09298165856364, 16.999394305098534], [80.0926995125397, 16.99789983990966], [80.09270555399847, 16.99629555114495], [80.09294201628437, 16.99463659428296], [80.0930097864111, 16.992511120424993], [80.09540100471798, 16.984970015843512], [80.09526212630966, 16.984303750928873], [80.09526206543075, 16.984303460398408], [80.09534742434566, 16.98302860065778], [80.09551578054382, 16.980514107529373], [80.09540688127008, 16.97787199309595], [80.09540684052425, 16.977871840105383], [80.09499528391164, 16.97631991059224], [80.0937593919129, 16.97195079532154], [80.09275951317917, 16.968271679907343], [80.0907887764501, 16.968210991437996], [80.09078841750764, 16.968210980166283], [80.08852312783291, 16.968141198692496], [80.08832020598051, 16.96818922373139], [80.08756742850646, 16.968367378232713], [80.08511504240467, 16.96979400422703], [80.08129588659538, 16.96977978653577], [80.08076004795497, 16.969880841321935], [80.0792056613565, 16.970173977682002], [80.0759261414476, 16.970227428297846], [80.07523339123114, 16.970238713235414], [80.07347645008899, 16.97026732183069], [80.07215367418614, 16.97020170268433], [80.07097059261194, 16.970143006502187], [80.06734458010585, 16.97060741763563], [80.06356694552251, 16.971091179158968], [80.06356860014138, 16.970689513132967], [80.06356860149745, 16.970689183940717], [80.05803488881693, 16.97094822901348], [80.05773021019657, 16.971042031957136], [80.05732530310783, 16.97125255932737], [80.05689982513643, 16.9714737816762], [80.05661301112353, 16.97149544716834], [80.05659864976289, 16.97176296784467], [80.0566670391486, 16.972977694834256], [80.05680975995988, 16.97406141371924], [80.05696024041796, 16.974747515527312], [80.05709804634274, 16.975375821406935], [80.05735889234964, 16.97622412374886], [80.05773722881676, 16.977072875194516], [80.0583501794357, 16.978021361606938], [80.05912683780068, 16.97905011509715], [80.05966566202514, 16.980167769310768], [80.05995622145964, 16.98093144279317], [80.06056699167128, 16.982734350080566], [80.06063955376653, 16.98298623413745], [80.06095796346182, 16.984091510529474], [80.06104187451972, 16.985108582283903], [80.06108140229836, 16.98655164947651], [80.06109293820795, 16.986972806395794], [80.06102931727877, 16.988197881572443], [80.06073100306217, 16.989298209040538], [80.06034485917894, 16.990327595100887], [80.06028858071569, 16.99038880614508], [80.05998096791306, 16.99072338256936], [80.05894151719923, 16.991853934483352], [80.0580994483298, 16.993022770905576], [80.05750874486002, 16.993783059328518], [80.05699196824345, 16.99452724012943], [80.05696879940986, 16.994616794248223], [80.05684691884565, 16.995087900820373], [80.05681804886115, 16.995798656181258], [80.05684002867338, 16.996746549370936], [80.05703207955031, 16.99735838989579], [80.05730267903708, 16.997795922387144], [80.05801504860037, 16.998492383632023], [80.0587647363331, 16.99914375745109], [80.05892939368727, 16.999262622434806], [80.05937261982662, 16.99958258183739], [80.05965663463296, 16.999920395739803], [80.06025017211735, 17.000695889356457], [80.06020015402521, 17.001305813146], [80.06008008423515, 17.00153438644695], [80.05994064398942, 17.001799835681467], [80.05987311598638, 17.001933719931234], [80.05970103501117, 17.00227489691376], [80.05956111227731, 17.002578989021618], [80.05952003866417, 17.002940588689565], [80.05965693088017, 17.00335996393133], [80.0600304403583, 17.004027780465567], [80.06087642357203, 17.00550454641176], [80.06130643400874, 17.00687701641478], [80.06187098411175, 17.009114643718192], [80.0617897922425, 17.00959031072899], [80.06171730002004, 17.009709588650317], [80.06167561230879, 17.010020422853838], [80.0611358235822, 17.010650067605468], [80.06036060923539, 17.010474815786974], [80.05946626119416, 17.010241677425878], [80.05926624138996, 17.01021340211821], [80.05863112645778, 17.010123617500458], [80.05779384709346, 17.01052239933874], [80.05671972673751, 17.010460842600484], [80.05582514419773, 17.010285115957057], [80.05498929316842, 17.010339323712046], [80.05355681565167, 17.01033379733127], [80.05212337840798, 17.01055796937324], [80.0512251963132, 17.011243630353313], [80.05122255393705, 17.01187532820379], [80.05086130735802, 17.012620493743345], [80.0503209959678, 17.013364964440882], [80.04936431103854, 17.01376324989789], [80.04822976490964, 17.01387369956157], [80.0466155412247, 17.014499127754878], [80.04590463371447, 17.01454520105132], [80.04584211084457, 17.01454925316599], [80.04577966977561, 17.01455329925055], [80.04579273860975, 17.01461752109099], [80.04628656017744, 17.0170441504133], [80.04636446695541, 17.017426976534942], [80.0448115916519, 17.017650633783862], [80.04367653572193, 17.017875913668288], [80.0425897553752, 17.018694507946407], [80.0425388059319, 17.018732883795405], [80.04244991416948, 17.018854007955657], [80.04169829928068, 17.019878150924146], [80.04086045765983, 17.02039171847543], [80.03954509367624, 17.020903407998745], [80.03922924133947, 17.021089811513367], [80.0391346976195, 17.023051798427772], [80.03917501163149, 17.023715919776144], [80.03845750513761, 17.024000238302747], [80.03768152588025, 17.02399718575963], [80.03698998255503, 17.02414785554982], [80.03690481436345, 17.024166411520127], [80.03659200849367, 17.02437951371636], [80.03651276092663, 17.024433501784635], [80.03654851647937, 17.024561610599097], [80.03664089909354, 17.024798196913473], [80.0367159800369, 17.02506894189928], [80.03707714304853, 17.026371294054236], [80.03714542402433, 17.026617514318083], [80.03750812892976, 17.028254904805262], [80.03776069597846, 17.02971403832177], [80.03794039061538, 17.0309239333498], [80.03797236911477, 17.03209768317373], [80.03817449772642, 17.032855767587897], [80.03817543415025, 17.03285927932469], [80.03819069635816, 17.032916520898162], [80.0385181164925, 17.03416256034175], [80.03871707480977, 17.03486571969824], [80.03899159992558, 17.035835943004482], [80.03928417482265, 17.036583942514888], [80.03935433810308, 17.037473325309172], [80.03938406226311, 17.039180527087765], [80.03937893086547, 17.04038969105206], [80.03946383716224, 17.041584503086597], [80.03955336296076, 17.04284430793469], [80.03962263775946, 17.043395707808557], [80.039732175414, 17.044267578003854], [80.04013537346576, 17.04508713684454], [80.04057463962283, 17.04612022142557], [80.04071950591506, 17.046832072786817], [80.040652565719, 17.047883667769064], [80.04064723969758, 17.047967341437253], [80.04061279091869, 17.04805723960609], [80.04059098239148, 17.048533125475842], [80.04068775921286, 17.049066605951726], [80.0407014861923, 17.049466440917186], [80.04070540936347, 17.049580721073948], [80.04064313460431, 17.050246833216967], [80.04036824885158, 17.051027969560188], [80.04031414888306, 17.05107958741648], [80.04007201315781, 17.051310613417773], [80.03940321603149, 17.052090398505552], [80.03877153498382, 17.05283476303516], [80.03787936345404, 17.053559790229926], [80.03776983454115, 17.05364879822642], [80.03721405267223, 17.053931123736607], [80.03628916183452, 17.054069736759246], [80.03531728692349, 17.053932271396633], [80.03499591908708, 17.05388681486425], [80.03446682217752, 17.053743187100924], [80.03433119297969, 17.053706369116743], [80.03366677201974, 17.053454795125507], [80.0329820872137, 17.053417415352648], [80.03296446887263, 17.05341645302701], [80.03200367099289, 17.05330595642555], [80.03186827359193, 17.053305419981623], [80.03145958717901, 17.053303800245345], [80.0310424168709, 17.053302146075474], [80.0308617101502, 17.053332082716395], [80.0304134472443, 17.05340634293489], [80.03033811016599, 17.053417683068737], [80.02942592120992, 17.053554988202478], [80.02856212980076, 17.054039140198103], [80.0273397751461, 17.05456773534408], [80.02617048993787, 17.05546390675607], [80.025889964044, 17.055678907006214], [80.02526246259217, 17.056159833429305], [80.02438928657659, 17.05679426935857], [80.02387882600807, 17.057165159722725], [80.02384674812359, 17.057185767565905], [80.02329695603227, 17.057538973508496], [80.0221069160143, 17.05913458886057], [80.02133832851926, 17.060283345808106], [80.02045454278894, 17.061500382077398], [80.02044685302623, 17.06151615673494], [80.02041042079968, 17.061587479456737], [80.02010717032033, 17.06218114624769], [80.01944849263056, 17.063320824708192], [80.01920398972364, 17.063587008059695], [80.0188901466676, 17.06404638944171], [80.01819896953118, 17.06505807674768], [80.01719665605235, 17.065978700876993], [80.01641726218172, 17.066651273482947], [80.0154907443549, 17.067145428132857], [80.01493910982643, 17.06722872204009], [80.01444250249487, 17.067303705311563], [80.01434377597701, 17.06731861234986], [80.01424058889559, 17.06731267930399], [80.01359082643981, 17.067275320868163], [80.01301302648339, 17.0672420981972], [80.01205201645305, 17.067167075382034], [80.01133444058206, 17.06705172695663], [80.01125922513367, 17.067051040944747], [80.00957446695963, 17.06723458026304], [80.00895948869304, 17.06742246348242], [80.0076697713676, 17.067874143532592], [80.00691527791717, 17.068251836286713], [80.0053627181342, 17.069335451252716], [80.00412932117656, 17.070491765529276], [80.00279758483306, 17.071476340153165], [80.00260014473582, 17.071654013408125], [80.00241180650738, 17.071823496834654], [80.00145444774964, 17.072316168230607], [80.00045186103816, 17.07327227444654], [79.9994743952448, 17.07426089303481], [79.99890208278978, 17.074638503971542], [79.99855901055716, 17.074864861262526], [79.99766890831938, 17.075465778894728], [79.9970985990462, 17.075779109523445], [79.9970981315261, 17.075779366241264], [79.99700251786734, 17.07583189664143], [79.99670516677155, 17.075995261939916], [79.9960746775104, 17.076419424603937], [79.99579581362451, 17.0766696950749], [79.99544354997516, 17.076985838200308], [79.99481241880412, 17.077552250717755], [79.99429189280956, 17.078190245830015], [79.99380881805338, 17.07872170306375], [79.99340892821654, 17.0792457814152], [79.99291613431582, 17.07989161000503], [79.99275000754554, 17.080420686406725], [79.99250349718126, 17.081205760106776], [79.99199924780972, 17.082482249377556], [79.99183026095648, 17.08291002757551], [79.99153942670968, 17.084210800753343], [79.99113334318609, 17.08567616269126], [79.99096254666874, 17.086747308409944], [79.99069954987193, 17.08767087235635], [79.99051509147135, 17.087940336017393], [79.99028163741572, 17.08828137352923], [79.99014120755892, 17.088486516764426], [79.98961877039545, 17.089972403477653], [79.98905668473428, 17.09118484380339], [79.98764885114949, 17.093126455448616], [79.98764268924616, 17.093134953283872], [79.98759295937923, 17.093258878316895], [79.98713823774247, 17.094392023129522], [79.98704429183398, 17.094626129790164], [79.98659460435007, 17.09594010735141], [79.98544021169178, 17.09771346451531], [79.98284341855873, 17.099516337731774], [79.9790585150862, 17.10234552221117], [79.97694154226201, 17.104328156959927], [79.97504738900294, 17.106098331439384], [79.97440708094958, 17.106901171884655], [79.9736339618643, 17.10787052347579], [79.97362889662224, 17.107875269750483], [79.97311682040537, 17.108355107422902], [79.971442584622, 17.10992391287274], [79.96980718121134, 17.11191336476696], [79.96959477096146, 17.112397537766462], [79.96917277809357, 17.11293715496943], [79.967662851208, 17.114859804649512], [79.96664120442325, 17.11616067911466], [79.96647503677255, 17.116372259700906], [79.96519214855444, 17.118005740142628], [79.96495346461666, 17.118396033627736], [79.96516249854972, 17.11900276875116], [79.96619895360784, 17.12023458293831], [79.96666691927778, 17.121509930597444], [79.9675617217085, 17.12265026850757], [79.96916491919505, 17.124247933612974], [79.97086306167972, 17.125800419069268], [79.97213539081966, 17.127260458472865], [79.9729828907616, 17.12840061013357], [79.97363757629604, 17.130313442694316], [79.97386522882512, 17.132406783259665], [79.97381229752435, 17.13368033950819], [79.97394642577375, 17.135500416059795], [79.97303918331217, 17.1371804806377], [79.97217988603717, 17.138724231134855], [79.9712252513729, 17.140404124023622], [79.96988889418027, 17.142719574201422], [79.96826631868775, 17.145488936885055], [79.96783563341934, 17.146488249096503], [79.96721347979224, 17.147941807152257], [79.96720766615111, 17.149261005655426], [79.96719964756124, 17.15108058945938], [79.96700136202709, 17.153081480801074], [79.96732430507012, 17.155038666722664], [79.9677919601745, 17.15640497520265], [79.96910983078793, 17.158320073135467], [79.96995584845455, 17.159824138939694], [79.97146263703782, 17.16187633510761], [79.9718348021892, 17.163424265619792], [79.97248839768089, 17.165610012967498], [79.9727622535494, 17.1679764250283], [79.97336890216994, 17.170071025884425], [79.9737383115411, 17.172255798033255], [79.97434856333884, 17.17353158731578], [79.97536597011762, 17.174986265887934], [79.97536020438226, 17.17484077706063], [79.97639909370315, 17.17438792666746], [79.97765634620367, 17.1733964631131], [79.97856831895331, 17.172320850411463], [79.9796075482382, 17.171785008923436], [79.9815517044463, 17.17179155235816], [79.98405499531783, 17.172380787324904], [79.98412383327006, 17.172400176542727], [79.9856947634145, 17.17284264431279], [79.98716351071657, 17.172889036033443], [79.98845819584342, 17.173225254859954], [79.98988231763953, 17.173603384914106], [79.99113363034424, 17.173980931889904], [79.99255776275113, 17.174359043942], [79.99406848694488, 17.17469594365512], [79.99579629836025, 17.17478461990062], [79.99717865346457, 17.17483065713605], [79.99817340740626, 17.17458499731604], [79.99981797897318, 17.173926579124583], [80.00046726949836, 17.17363828812803], [80.00048084531853, 17.17365416326139]]]}}, {"type": "Feature", "properties": {"mandal": "Palwancha", "district": "Khammam", "state": "Telangana"}, "geometry": {"type": "Polygon", "coordinates": [[[80.72725193464674, 17.6934466322602], [80.72722612310217, 17.69300987126179], [80.72691733830744, 17.69232926282458], [80.72698153450216, 17.691828195379795], [80.7272384978056, 17.690684640480086], [80.7277139928907, 17.689104122482163], [80.72807390411178, 17.68828164480471], [80.72834388866416, 17.68790887068686], [80.7289352471378, 17.686919196259154], [80.73027274431306, 17.68713647394785], [80.73159741372768, 17.68750791988547], [80.73272916683716, 17.68781529436439], [80.73420815244408, 17.688160918683565], [80.73509556934027, 17.688494190043645], [80.73702469748592, 17.689032138223123], [80.73914674724925, 17.689659850778888], [80.74085723494325, 17.690108055162852], [80.74160315329583, 17.69026159180744], [80.74242624528935, 17.690479298248242], [80.74436804160895, 17.690092285279682], [80.74520392141962, 17.68996312382924], [80.74686275866769, 17.689402919100708], [80.74616801046051, 17.687951840239116], [80.74562768015612, 17.686963107385385], [80.74519026269677, 17.686128447914125], [80.74499728026562, 17.685743212869127], [80.74436693408136, 17.68478024844511], [80.74251459968242, 17.682482262970982], [80.7414340850519, 17.681211356550772], [80.74021202160993, 17.679516632802002], [80.73989042000926, 17.67904157856157], [80.73874552494013, 17.67738533060578], [80.73833387263151, 17.67676904000819], [80.73790936034611, 17.67615276004692], [80.73785782635352, 17.675703174855897], [80.73774184198916, 17.674534237789537], [80.7378057136463, 17.672478740580438], [80.7380110848653, 17.670602976629628], [80.73812663019481, 17.669665084945557], [80.73810075991412, 17.668945700737094], [80.73798491757789, 17.668457628746026], [80.73748318531733, 17.66755879039681], [80.73646680569667, 17.66549134568964], [80.7361451101141, 17.664566664132316], [80.73552757078686, 17.66334675888447], [80.73481995421119, 17.661857151440234], [80.73458831913474, 17.661125092119388], [80.73400932258225, 17.65972530310645], [80.7336362478743, 17.659096133988896], [80.73371329068432, 17.65853082286103], [80.73371304183887, 17.65733609618335], [80.73375109961437, 17.65483099190401], [80.7339176358189, 17.651734841230553], [80.73382742292236, 17.650809966862056], [80.7339041465341, 17.648715918834316], [80.73387816685015, 17.647469828256224], [80.7339808306331, 17.64642917405134], [80.73440520970445, 17.646403127634454], [80.7353825934772, 17.646479392817213], [80.73585841746133, 17.64647899644342], [80.73754312484064, 17.64663175210733], [80.73863625816092, 17.64674646060708], [80.73987082568385, 17.646732586126518], [80.74116971824563, 17.64683427665638], [80.74184104662642, 17.64690077803678], [80.7418428815814, 17.64690096000631], [80.7418487960256, 17.646823206228955], [80.74180289308318, 17.646215449041456], [80.74177991706036, 17.645794394332018], [80.74181033686891, 17.64532375623301], [80.74174153948874, 17.644685534208058], [80.74171854799172, 17.64418636082477], [80.74167267760274, 17.643734839476327], [80.74164975213985, 17.643553854279233], [80.74161152723185, 17.643176634164053], [80.74159616602208, 17.642686981077567], [80.74151978644876, 17.64226978083491], [80.74145103470137, 17.64184876349901], [80.74136705203486, 17.641561131498637], [80.74132883393091, 17.64121820722051], [80.74126011088777, 17.64093056203419], [80.74123715188581, 17.640589529579966], [80.74103873798173, 17.640342004079574], [80.74121416108272, 17.640096072779773], [80.74069269770438, 17.63778459685667], [80.74246572345112, 17.63653927278277], [80.74577111840283, 17.634164841207145], [80.74976458868771, 17.63231767853648], [80.74996133188323, 17.632297148016598], [80.75609799927962, 17.63165666368793], [80.76628726200553, 17.6282249169408], [80.77330938811275, 17.625848814599852], [80.77964284208815, 17.62400023874391], [80.78003759088195, 17.623870982265434], [80.79093270491676, 17.620303126688864], [80.79850484373334, 17.618321564667973], [80.80041409464363, 17.617798132084907], [80.80777387301504, 17.615445344263275], [80.80786661235103, 17.6154156950671], [80.81736572063905, 17.613036829495666], [80.82555460036964, 17.611724658471907], [80.82562559369643, 17.61171328182067], [80.83126977699399, 17.610786693582344], [80.83884115351388, 17.609331188558667], [80.84365925045643, 17.608536692759383], [80.84696309962543, 17.60853440100491], [80.85205653470743, 17.60853076885761], [80.85217006247619, 17.608558881789566], [80.85217773489063, 17.608560781309937], [80.85577346529085, 17.609451162620186], [80.85828539980264, 17.60871398436959], [80.86072906846871, 17.607996806632542], [80.86871277446217, 17.60469367832828], [80.87738419894593, 17.600070916929585], [80.88633055357893, 17.595579423783263], [80.88788093130414, 17.59487242879304], [80.89171928259049, 17.593122013957654], [80.89183587255239, 17.59306884348866], [80.8918395453822, 17.593067784439352], [80.89136112247303, 17.589713782352515], [80.89137449150066, 17.58928717458269], [80.88835476373326, 17.587120487480238], [80.88633526872137, 17.584484766051588], [80.88284678224493, 17.578333600977945], [80.8797254610071, 17.57183037538991], [80.87970591671146, 17.571846678723922], [80.87953412149838, 17.571230051818187], [80.87918548780645, 17.570145454655176], [80.87844488019155, 17.568852556098808], [80.87734457636346, 17.566712432613453], [80.87403436472269, 17.56093331125349], [80.86871162124358, 17.554255842431562], [80.86857765806975, 17.554045112239148], [80.86818707379186, 17.553943353234818], [80.86467450936955, 17.553028186130632], [80.86082108480394, 17.552855336562608], [80.85660073565347, 17.553210204156724], [80.85127935155765, 17.55303827308992], [80.84577456330972, 17.55427303779559], [80.83990267572054, 17.554277042487413], [80.83036084337772, 17.554986556382392], [80.82595695774211, 17.55393423363615], [80.82045229779087, 17.550772405626542], [80.81696598958425, 17.550071038592332], [80.8147639028504, 17.551830639300373], [80.81274045731043, 17.55552785630376], [80.8127267981601, 17.555538334325963], [80.8081571451364, 17.559043502795348], [80.80430316600469, 17.562034696208315], [80.7971459180605, 17.565203223492688], [80.79156908881315, 17.566412350909395], [80.78595218096457, 17.564504823163542], [80.78550367420996, 17.56448113271496], [80.78264911809103, 17.564330333475493], [80.77952922301284, 17.56538657692318], [80.77560070697972, 17.56794190536486], [80.77439000743324, 17.568729384187463], [80.77126943192096, 17.571543864540974], [80.7681377610325, 17.57274503781456], [80.76814941993018, 17.572424102325726], [80.7635629163579, 17.568733022002558], [80.75879192662944, 17.5680311056906], [80.7532862814391, 17.568911802576267], [80.74888203693264, 17.568912912349916], [80.74228654535712, 17.570178226767624], [80.74227509110257, 17.57014525937434], [80.74025764744141, 17.567683970603333], [80.73879206012714, 17.562585004719274], [80.7387835383532, 17.562319737435985], [80.73861130208866, 17.55695825976966], [80.73832963321307, 17.551371454665382], [80.73824783745273, 17.549748995051214], [80.73806641614188, 17.545528919639587], [80.7391696503253, 17.540781071669674], [80.73935534909484, 17.536209228301743], [80.73935781871403, 17.531109892737735], [80.73972765252512, 17.525131273239953], [80.73991408412864, 17.51897683142843], [80.73771633337209, 17.511240267176355], [80.73478522690685, 17.50297625637939], [80.73130598312122, 17.491019567127378], [80.73002640924248, 17.48257929755972], [80.73057976636576, 17.476776370139717], [80.73187277756443, 17.470769960850774], [80.73168343902347, 17.47079749240606], [80.72177762731847, 17.472908992576244], [80.71462261762129, 17.475547356304318], [80.71443581119634, 17.475577216278904], [80.71370150290872, 17.482053648901037], [80.71277847550427, 17.491549245054518], [80.71149132772265, 17.49647292492411], [80.70708505779967, 17.502100118202726], [80.70157734199452, 17.508430595972886], [80.6942354275626, 17.513705849848506], [80.68854494421669, 17.518101708573912], [80.68358793861923, 17.522673294389403], [80.68248468679508, 17.525838340260066], [80.67972778828383, 17.531992514831718], [80.67678610662217, 17.539553327335557], [80.67674680056393, 17.53953158248978], [80.6747633629161, 17.54500411365297], [80.66980240794743, 17.553092070983112], [80.66731218028816, 17.55839703262048], [80.6657581063046, 17.561707529220357], [80.66152993707368, 17.57032284225255], [80.65913769316754, 17.577707524412677], [80.65748047964323, 17.583861447401592], [80.65545513989247, 17.5910702714464], [80.65489537943145, 17.60109268020522], [80.65690478003488, 17.611643034070177], [80.65708229178901, 17.61832468222554], [80.65634056661183, 17.626588611535173], [80.65431490595248, 17.633621437020924], [80.65302633525675, 17.63748943514562], [80.65302503472923, 17.638896073922812], [80.65302491141513, 17.63902927823367], [80.65302470959419, 17.639247733681863], [80.65289580585723, 17.639237417307637], [80.6498964775939, 17.647159384933676], [80.64953752632252, 17.648368827531844], [80.6467654700527, 17.657708378528813], [80.6469448631818, 17.662104117542857], [80.64694049418891, 17.666675629825907], [80.6463861508571, 17.67036786612999], [80.64564817700004, 17.67406004939944], [80.64876386527087, 17.6800388724252], [80.65426631449353, 17.686545601446433], [80.65545781012287, 17.687687751070357], [80.65793555567039, 17.690062813497846], [80.66160570160251, 17.692700831165254], [80.66417463463102, 17.69481114123168], [80.66649089403994, 17.69764538888114], [80.66533089018093, 17.698551811962197], [80.64849668470833, 17.711704310122975], [80.63774334282873, 17.72185533165], [80.63043722811855, 17.7275234200539], [80.63039526204092, 17.727563075853023], [80.62136352214145, 17.736097055391], [80.62185874536372, 17.73831713333353], [80.62266802097817, 17.74103343655301], [80.62321016181414, 17.743229811449535], [80.62459206504448, 17.74799384877835], [80.62496634664095, 17.750119866661866], [80.62530245064644, 17.75209920677876], [80.62565410970863, 17.75549227625521], [80.6258990377394, 17.7592684027912], [80.62641911697426, 17.765412604459605], [80.62680156519855, 17.770105071213347], [80.62680156981155, 17.77012603015708], [80.6268245122937, 17.77038703865057], [80.62704618399118, 17.772404580879964], [80.62761142905401, 17.775631710396713], [80.62798583436644, 17.778348375502055], [80.6283376900808, 17.782682669574505], [80.62854442624925, 17.78623971683001], [80.6286746281498, 17.78864601865762], [80.62537133145695, 17.789588085141087], [80.62381125268219, 17.79020258529383], [80.62257923162528, 17.790687867277775], [80.6197412547964, 17.791301832734653], [80.61581238274265, 17.79238350714365], [80.61480541082375, 17.7928473356122], [80.61261600744969, 17.793855160896857], [80.61153244787528, 17.794384239800138], [80.61065566331511, 17.79481234855703], [80.61074049899403, 17.7951409617081], [80.60661882016613, 17.799079154883202], [80.59965499587553, 17.804069760477297], [80.59153455503466, 17.80628530135599], [80.58514571389303, 17.814604791875585], [80.57876616787402, 17.82069803822273], [80.57922107470617, 17.820752408050033], [80.57955249908954, 17.821105828679404], [80.5795590968771, 17.821160711157184], [80.57967090381095, 17.822090706561667], [80.57980083011488, 17.823178532583185], [80.58044975827998, 17.82525859453178], [80.58121342414974, 17.828761829136273], [80.58200743631338, 17.83144766039866], [80.58301500651828, 17.83383608399223], [80.58377849710573, 17.836500982197016], [80.58371023578775, 17.838421593856825], [80.58369505004096, 17.838770279130213], [80.58549622848182, 17.841914452744284], [80.58781581791825, 17.8432405272003], [80.58991414818144, 17.8445191534853], [80.59249315169441, 17.84592312975405], [80.5950721660603, 17.847382361172823], [80.59758249491742, 17.8487387621218], [80.60008517989465, 17.850024672975827], [80.60231326322426, 17.85156993453015], [80.60406826136719, 17.852789781546768], [80.60659387865364, 17.85428525750597], [80.60767510146871, 17.85484938468812], [80.60903514814993, 17.855622604359766], [80.60973946800766, 17.855562139105782], [80.61018963548037, 17.855529995269585], [80.61249681415612, 17.855365237657736], [80.6159135318276, 17.85515281768406], [80.61780171696434, 17.855031487754207], [80.62148818566232, 17.854848783191468], [80.62381093062615, 17.85459236261972], [80.62598385239937, 17.854500736977585], [80.62847144163979, 17.854244179268733], [80.63004516316082, 17.855260828052707], [80.63164878748292, 17.855948113490324], [80.63422663344765, 17.857323206756323], [80.63568042131512, 17.85811540615687], [80.63840817805486, 17.85974486378044], [80.63941233232038, 17.860253007721997], [80.63923215809734, 17.85860646140989], [80.63881222713846, 17.85703496422948], [80.63842217598449, 17.855029313911132], [80.64108963786948, 17.854982185998683], [80.6432325751107, 17.854830704013956], [80.64543545914873, 17.854694143303895], [80.6478031954791, 17.8546023540353], [80.64819258524756, 17.853449343194217], [80.64849184940697, 17.851293419598502], [80.64877616611344, 17.84931714724135], [80.64882083192356, 17.847924903406884], [80.65042433404997, 17.848028360322495], [80.6515183411307, 17.84823702944516], [80.65309187430597, 17.848355480661134], [80.65475532862459, 17.848503796941596], [80.65659875989334, 17.84935555241742], [80.65784264985862, 17.849683857620004], [80.65875682405465, 17.849877706703655], [80.65992558449804, 17.8492479960019], [80.66040483475773, 17.847840420462223], [80.6604196832105, 17.84718172958583], [80.66170813530609, 17.84562378193812], [80.66277193223955, 17.844694759236617], [80.66406045364694, 17.84346615029657], [80.6644798745594, 17.84259754350738], [80.66498908447075, 17.841130063693537], [80.66534848969545, 17.839917197028846], [80.66561806155461, 17.839093625251994], [80.66600755163134, 17.838419652213346], [80.66672671252674, 17.837670556636855], [80.66759575464773, 17.837026125079657], [80.66901934866527, 17.83675548191168], [80.67029315355319, 17.83681430158033], [80.67240620006446, 17.83705206446912], [80.67400971420139, 17.837215399889907], [80.67647471647338, 17.836853886021295], [80.6774896173562, 17.837735821631142], [80.67829850108255, 17.838583013159344], [80.67995446675187, 17.84051933949455], [80.68137386904803, 17.842194834457754], [80.6834950382647, 17.84325242503791], [80.68705815063022, 17.844325963497], [80.68762275540833, 17.84449887691587], [80.68962170903602, 17.844853508440394], [80.69157492321446, 17.845383465628814], [80.6940395473154, 17.847090482102857], [80.69558113961041, 17.84934699644093], [80.69682513025253, 17.85132367713105], [80.69898443362104, 17.85232026492795], [80.70141073510906, 17.853187069836867], [80.70324204672177, 17.85451354949861], [80.70561511388729, 17.856201589345233], [80.70744652322884, 17.857996776250424], [80.70875921895896, 17.860171552033886], [80.71084206618359, 17.860390836612982], [80.71316908836607, 17.860787110769703], [80.71424486320254, 17.860990085224817], [80.71593863535367, 17.861306863395907], [80.71930316350134, 17.8613212122141], [80.72037927123313, 17.8631208389391], [80.72047449299227, 17.863336164859245], [80.72053144860011, 17.865140604631733], [80.7225928570072, 17.865978070219775], [80.72749861199217, 17.867626645625542], [80.72877631118145, 17.86827481700832], [80.72927141289281, 17.87086524700331], [80.72977822684204, 17.8771903057563], [80.72986183501155, 17.878399143494352], [80.73045110152394, 17.87936613207485], [80.73171458527318, 17.880010652055002], [80.73226486928772, 17.880130199945402], [80.73542139771666, 17.880815921264215], [80.74131931010979, 17.880734198074006], [80.74602881232765, 17.880575419645712], [80.74795779546898, 17.88190382224899], [80.74903778164236, 17.88323241383301], [80.74984779760848, 17.884191940262507], [80.75239339239445, 17.88773489143439], [80.75389754061878, 17.89009688925295], [80.75513188279356, 17.89168378848615], [80.75648180608015, 17.893824330815974], [80.75875788195964, 17.896333719556136], [80.75945217388265, 17.897403971850075], [80.75959631658675, 17.897384236794135], [80.76134341000854, 17.897145028501328], [80.76226972313644, 17.897034012648742], [80.76763477866717, 17.89585112491716], [80.77218926987341, 17.894742211118807], [80.77805553163041, 17.894924635964177], [80.78064131324544, 17.89503438030511], [80.78203066653472, 17.895181482892344], [80.78376731292667, 17.89554990984746], [80.78608279031052, 17.896287204623764], [80.78812802790544, 17.897430622631415], [80.78902963878967, 17.89795291803647], [80.79387485833557, 17.88722435042763], [80.79387797594428, 17.87216758742598], [80.79033898928613, 17.860123651177602], [80.78837477427585, 17.846196773768966], [80.7899516449168, 17.83302111845001], [80.791527068031, 17.82549182489709], [80.7895611330922, 17.82022264018114], [80.77225098652202, 17.819476549636452], [80.76603077959471, 17.821913083639114], [80.76359460233293, 17.82286729838387], [80.75651283561606, 17.82324581011957], [80.75454556267644, 17.823622777651522], [80.75021837652946, 17.822494598545376], [80.74510491404523, 17.820237212391987], [80.73763220452592, 17.815721562275623], [80.72662006995635, 17.8097004166142], [80.71725134513976, 17.80585850803477], [80.71659555056974, 17.802080335963105], [80.71559016991904, 17.7933762983159], [80.7152561888747, 17.788621275892744], [80.71400161758802, 17.77451733869385], [80.71341448740976, 17.770729423414686], [80.71330727604773, 17.76592044972533], [80.7126812119176, 17.757095298145632], [80.71180170085327, 17.74972084546863], [80.7109217225442, 17.743192620203555], [80.7106250613662, 17.741108214036064], [80.71010445025763, 17.737450179316074], [80.70802790174962, 17.72620704801384], [80.7072148629804, 17.71417794650302], [80.70582979381467, 17.708133181810638], [80.7042538841518, 17.704385438450977], [80.70293113636099, 17.699791388761767], [80.70261677024175, 17.697857039845236], [80.7058019465862, 17.696701811915236], [80.7132293318055, 17.695229808263655], [80.7223201791742, 17.693053106909705], [80.72725193464674, 17.6934466322602]]]}}, {"type": "Feature", "properties": {"mandal": "Penuballi", "district": "Khammam", "state": "Telangana"}, "geometry": {"type": "Polygon", "coordinates": [[[80.76961802208088, 17.300255767708247], [80.769620624448, 17.300254815892185], [80.77080076951482, 17.299122283896857], [80.77223381066115, 17.29766618955738], [80.77425685653819, 17.295724673484923], [80.77330630342118, 17.29397763121418], [80.77286433758124, 17.29258283962304], [80.772675575929, 17.28991430804748], [80.77160208238264, 17.287124783966682], [80.7702126139551, 17.284396009175417], [80.76964447746869, 17.282455398245457], [80.76882372941195, 17.280029666068735], [80.76876148622523, 17.277179124021306], [80.76768859185695, 17.27299460545227], [80.76674185644164, 17.26959849052551], [80.7662375352862, 17.266080922346028], [80.7657329149457, 17.263473108600913], [80.76472315584343, 17.25983438851006], [80.76364985274472, 17.25728739344153], [80.76339768992524, 17.255649899452923], [80.76322408546378, 17.25464806494507], [80.7631454654685, 17.254194357051272], [80.76226132786704, 17.252860308663113], [80.76106113324278, 17.251890256568664], [80.75922915394045, 17.250738428862714], [80.75777628957283, 17.249647129033953], [80.75562876208232, 17.247646244001928], [80.75488368316253, 17.246335841356302], [80.75531065832763, 17.245153029169707], [80.7560220485757, 17.243742695281735], [80.75654395026713, 17.242150458224263], [80.75749252559167, 17.240057726003815], [80.75772693341275, 17.238792026866925], [80.7587509648724, 17.238235933027408], [80.7596751256916, 17.23792861778344], [80.76113246061708, 17.237416440223566], [80.76255424884152, 17.236904264576136], [80.76227046712152, 17.235437347345133], [80.76156062290931, 17.232878833471222], [80.76141908649832, 17.23120717135744], [80.7609224735897, 17.22871681946907], [80.76046126907832, 17.22660173475389], [80.75992910301142, 17.224213735442653], [80.7597163958231, 17.222849136712146], [80.75911329263158, 17.220154103799402], [80.75854570355503, 17.217561406687487], [80.7582978332466, 17.215275663113207], [80.75801424772456, 17.21346756101066], [80.75787316776143, 17.21073826601121], [80.75780309456664, 17.20817953208604], [80.75780385223875, 17.206234876956966], [80.75791095923637, 17.20493840849999], [80.75812465420985, 17.20367602605052], [80.75833837278962, 17.202345410033367], [80.75846937232461, 17.201529791284077], [80.75794811286192, 17.20077614686784], [80.7572377797806, 17.199923427116328], [80.75695383569982, 17.199104702066528], [80.75723847571297, 17.198149350166222], [80.75780749397565, 17.19688686430718], [80.75834089423871, 17.19582908814277], [80.75898093739843, 17.19463481200555], [80.75919457476783, 17.193474774282567], [80.75919488738042, 17.192655967653103], [80.75866225038423, 17.19176908126259], [80.7584139501222, 17.190677409382154], [80.75766842607477, 17.189040007366703], [80.75756205951095, 17.18846004824497], [80.75776426239096, 17.187812841604345], [80.7579779798837, 17.186448099905324], [80.7580139743361, 17.185253993292385], [80.75805008783263, 17.183752832569738], [80.758370428579, 17.18228570700889], [80.75869098698277, 17.18023858934341], [80.75897568223645, 17.179044407457443], [80.7590828198271, 17.177611457232576], [80.75933208472067, 17.176144346890666], [80.7576451915766, 17.175797822790436], [80.75675684754016, 17.176105127428688], [80.7550867538343, 17.176685578849277], [80.75323907463161, 17.177095478096696], [80.75128491492903, 17.17723245170119], [80.7485845959326, 17.17747193932139], [80.7429705717451, 17.17836026346946], [80.73913335318957, 17.178463403241825], [80.73629100379739, 17.17846394267567], [80.73462115859911, 17.17839600762599], [80.73323568865764, 17.178055074895937], [80.73092673418067, 17.177202523403167], [80.72861805533914, 17.17587230724738], [80.72737506413259, 17.174917205237087], [80.72556368402279, 17.173859820632632], [80.72357462481594, 17.172904794759905], [80.72197643352287, 17.171881469391653], [80.72059116985749, 17.171301633003914], [80.71984508039608, 17.171301712820632], [80.71909887107547, 17.171506494252263], [80.7178830187004, 17.17280783373152], [80.71809683436315, 17.17171606206106], [80.71795526737411, 17.170794910748118], [80.71770681413888, 17.170385527490254], [80.71699658258046, 17.169839718834474], [80.71596674849285, 17.169055115144765], [80.71539840915769, 17.168884578322434], [80.71426175378777, 17.168509381931827], [80.71337396298591, 17.16786122314367], [80.7125574450064, 17.166871882271387], [80.71280683157117, 17.165745993441337], [80.71302068922489, 17.164620106662333], [80.71305716273555, 17.16308482457803], [80.71319971105194, 17.162368350190533], [80.71337769998249, 17.161788342020294], [80.7137692641404, 17.160525970747152], [80.71430303096007, 17.15909299920562], [80.71458796593038, 17.157898867196092], [80.71519326635952, 17.15564706876205], [80.71558480665121, 17.154384690355524], [80.71558532171535, 17.153531754275594], [80.71555031287356, 17.152678821166266], [80.71537330821559, 17.15165531149374], [80.71512534004614, 17.150495338590503], [80.71501942945049, 17.149403587354687], [80.71533980773133, 17.148311800339414], [80.71565981125505, 17.147834127841893], [80.71615737070876, 17.14745879164287], [80.71690361497124, 17.147049313506805], [80.7179694263542, 17.1468786247133], [80.71928388182337, 17.146742023040666], [80.7200299177973, 17.14667371011926], [80.7205986114607, 17.14612776769093], [80.72091859866828, 17.145650086903817], [80.72127450067931, 17.144490050183034], [80.72168088047498, 17.143341220804068], [80.72000225338225, 17.143622876439988], [80.7175776516557, 17.143879003636208], [80.71565917173716, 17.14426300008913], [80.71371400948587, 17.144698158417135], [80.711688895918, 17.1451588915617], [80.70998337052332, 17.145798704888865], [80.70891766628789, 17.145798765142914], [80.70769209021051, 17.145824417174865], [80.70731917645047, 17.145696494240024], [80.70636054331494, 17.144928892522096], [80.70564149755742, 17.144468334467025], [80.70439008136074, 17.143291323468933], [80.70335152768646, 17.142549298337933], [80.70223314111244, 17.14167932834794], [80.70135457722064, 17.140758172100167], [80.7002097074749, 17.13968348606159], [80.69898478499834, 17.138813500097477], [80.69813290785319, 17.137866740090992], [80.69712104768881, 17.13712468261156], [80.69637546452371, 17.13658732823096], [80.69539006011568, 17.136126732901637], [80.69437805490811, 17.135614956884105], [80.6928604622727, 17.13428434050567], [80.69190208924459, 17.133311964275638], [80.69105017673681, 17.132493116117107], [80.68987880861368, 17.13136719382003], [80.68878758391332, 17.129959796041835], [80.68777608576161, 17.128833867959386], [80.68492726464075, 17.126607536519643], [80.68340892144884, 17.12642832455414], [80.68021222463786, 17.12630015057944], [80.67864046648423, 17.12630001874217], [80.67690856206806, 17.126683684842167], [80.67565648126002, 17.126683561435414], [80.67411135992457, 17.12668339939835], [80.67235309793242, 17.12670878873018], [80.66992870663316, 17.126887609610883], [80.66872981870328, 17.1269898048967], [80.66686468810663, 17.127373372212343], [80.66614523023765, 17.127577974821477], [80.66571670578062, 17.126979112887437], [80.6652203051153, 17.12595550505048], [80.66451114476625, 17.12452244956486], [80.66369534704577, 17.123191727316527], [80.66316621210943, 17.122203962990753], [80.66361950404902, 17.121717855758742], [80.66436635641875, 17.120617672162616], [80.66537943636166, 17.119696643658614], [80.66631241661558, 17.118980306773704], [80.6673250666675, 17.118545448520603], [80.66817790119089, 17.118084974895204], [80.66889747313132, 17.11770124647297], [80.66975036438201, 17.11716400091394], [80.67028350113704, 17.11672906603524], [80.67126928016485, 17.116550069498658], [80.67300119075944, 17.116064094143233], [80.67491952162231, 17.115629300844915], [80.676677827172, 17.115424770916142], [80.67726399697058, 17.115271296692946], [80.67747749278485, 17.114785135749347], [80.67777096308133, 17.114222216974216], [80.67811797295747, 17.11332665293219], [80.67867824606307, 17.112226397888556], [80.67897187066502, 17.111458769138682], [80.6798788676233, 17.109795594045238], [80.68073241386097, 17.10833711693538], [80.68121292518332, 17.107006551711446], [80.68265284204065, 17.105061927484183], [80.68246603848407, 17.103242673493785], [80.68150827869293, 17.10174140883957], [80.68069224841433, 17.10068368567315], [80.67817236667273, 17.098534032977607], [80.67664607191143, 17.09747622830005], [80.67547449901966, 17.096964339239598], [80.67444457396273, 17.096964231278474], [80.67323713080853, 17.09689586209901], [80.6717452905146, 17.097168633304637], [80.67060839384969, 17.09768026570105], [80.66954269358051, 17.097987192950868], [80.6689678344508, 17.098199455445616], [80.66949344540178, 17.099482438617486], [80.66967342150987, 17.099922348055657], [80.66986271246266, 17.101576347607246], [80.66708684520496, 17.103764422103552], [80.66626154389571, 17.104414739180033], [80.66584683166323, 17.104742156647312], [80.66531347520659, 17.10499145610373], [80.66424852271084, 17.105488922261536], [80.66398272486413, 17.105613005785457], [80.66228946626259, 17.106099664381276], [80.66207134059349, 17.10616275013434], [80.6599677860679, 17.10721645295422], [80.65946617722558, 17.107493076177228], [80.65846916396141, 17.108042894244743], [80.65772117734174, 17.108455378326585], [80.65566577273006, 17.109509086961957], [80.65418472757696, 17.1099212919264], [80.65365989315121, 17.110406828348236], [80.65264057435282, 17.11051993879434], [80.65114685850949, 17.11069019760405], [80.65068178480787, 17.110820837182285], [80.65031387607317, 17.11078992769367], [80.64899760720354, 17.11116096277198], [80.64787677709825, 17.111476899772985], [80.64782834528951, 17.11151141644828], [80.64653848881842, 17.112430676414398], [80.64452956197498, 17.113861886346747], [80.64434132850754, 17.11398489854168], [80.64414486059525, 17.11411242242107], [80.64378839291308, 17.114344903495045], [80.64302134012844, 17.114843714785565], [80.64196776195301, 17.11553004883447], [80.64065662227154, 17.116384151666054], [80.64218287080712, 17.120517024084375], [80.6421830311163, 17.120517457436737], [80.64224736824775, 17.120691670366636], [80.64237099830116, 17.121026409828296], [80.64302802176536, 17.12270787354779], [80.64329986365499, 17.123403564548827], [80.64360988146709, 17.124197455750345], [80.64332466398592, 17.124306796132608], [80.64289242800585, 17.124472496801538], [80.64016817215857, 17.125250628025523], [80.63887997211901, 17.125991887707308], [80.63849527515487, 17.12621302255406], [80.6377615501283, 17.12680906666215], [80.63663006497214, 17.127726832015647], [80.63609029920754, 17.128330999162525], [80.63593997321146, 17.128343835620125], [80.63539777344131, 17.12839013381966], [80.63430299228129, 17.128599156319776], [80.63239035662126, 17.128960979339475], [80.63238086134477, 17.128962342200214], [80.63032731425169, 17.129257048152557], [80.62908445315729, 17.129416135182755], [80.62776224784773, 17.12956381955253], [80.62739245318426, 17.12960521425429], [80.62624757665168, 17.12943996911515], [80.62517272631663, 17.129217148749206], [80.62488997572008, 17.129222468814927], [80.62406758904434, 17.129238457249464], [80.623630408754, 17.12931077375949], [80.62315156271414, 17.12938998174311], [80.62260496551748, 17.129327162367016], [80.62229454630331, 17.129364096940407], [80.62141894182841, 17.128957774184634], [80.62100504165109, 17.128765702211957], [80.62010110364508, 17.12820845748421], [80.61981153847955, 17.128029502838135], [80.6192857287298, 17.128258347451755], [80.61920091565241, 17.128308441499588], [80.6185427374851, 17.12869718496525], [80.61804270309861, 17.128991621683983], [80.61842377002316, 17.129773199229188], [80.61793061241582, 17.130201032086333], [80.616940762309, 17.131057820311934], [80.61474104612398, 17.13243311912344], [80.61384010442836, 17.132718010851466], [80.61039157293811, 17.133806863712007], [80.60718839627143, 17.13513448656775], [80.6066773860911, 17.135262710328504], [80.60608404948957, 17.135411176334866], [80.6060561187757, 17.135418167705804], [80.60605602374821, 17.135418191098374], [80.60713638066326, 17.13631304424393], [80.60834270885083, 17.137541787263306], [80.61000986789553, 17.13962365331474], [80.6108961445467, 17.141193424882555], [80.61124885532753, 17.1434112110656], [80.6113181987849, 17.144912412592976], [80.61124556589743, 17.14631120226528], [80.61071116090844, 17.14767568704653], [80.61031806762726, 17.149722577763768], [80.61006823118487, 17.150746000730233], [80.60988877958066, 17.152349448505596], [80.60988800046738, 17.15303179739454], [80.60981636731432, 17.15354353015024], [80.6089983182079, 17.154396128442166], [80.60793205681613, 17.15483920964724], [80.60722116041093, 17.15518008459623], [80.6065810753497, 17.155725692375242], [80.60633101469094, 17.156919694727787], [80.60636487949915, 17.15835263971706], [80.60661114909037, 17.160433905131928], [80.6068583722348, 17.16169635286392], [80.60731832438972, 17.16333417917238], [80.60831067831893, 17.165415752317877], [80.60894836563284, 17.16698541331498], [80.610332297444, 17.168418909034326], [80.61182329709912, 17.16944302957735], [80.61374030232969, 17.170774363280938], [80.61444967845749, 17.17183227416206], [80.61444883978044, 17.172582852478413], [80.61434122421824, 17.17350397556037], [80.61366560932358, 17.174015469160967], [80.61426821979042, 17.175243922923265], [80.61508408861602, 17.176404223199494], [80.61554539681367, 17.176916158337292], [80.61646798122665, 17.177974142437545], [80.61742531400267, 17.1797485935334], [80.61767338208894, 17.180328677771364], [80.61742407249078, 17.180874457572106], [80.61742339461227, 17.18148856502585], [80.61784896547913, 17.182205183459992], [80.6182035158494, 17.182887656885065], [80.61816738495021, 17.183433516759628], [80.61777591374737, 17.184013361278083], [80.61638947332372, 17.184695180320613], [80.61521689064875, 17.184762965655242], [80.61407941821, 17.185206045563177], [80.61272825687108, 17.186092556255495], [80.61176796094688, 17.186945098110126], [80.61087895246305, 17.187592962760064], [80.60945630685806, 17.188820593240006], [80.60874470406878, 17.189673223492985], [80.60796218876837, 17.190389352934336], [80.60721531721632, 17.191003144198373], [80.60646840196641, 17.191651048737736], [80.60700011592479, 17.192743018078595], [80.60738958912732, 17.19393727537397], [80.60795625761322, 17.195541008699124], [80.60870087306834, 17.196905996258913], [80.60901965083995, 17.197793167724214], [80.6099416745847, 17.199397040278136], [80.61128976758881, 17.201308132267158], [80.61253186132049, 17.20270742055477], [80.61281494014973, 17.203765154326618], [80.61292054318562, 17.20465223226047], [80.61291900557005, 17.20601690281263], [80.61263284655669, 17.20768851106249], [80.61263138475071, 17.2089849465765], [80.61177827680037, 17.209223422896244], [80.61081832989339, 17.209666552431315], [80.60971600412294, 17.210314320115355], [80.60815136072792, 17.211268939021934], [80.60672935618982, 17.21178008903866], [80.60548474495927, 17.21253012366233], [80.6041339555269, 17.212904820601793], [80.60267643356073, 17.213381811220728], [80.6013965839563, 17.213858872708727], [80.59990404126331, 17.2138923119759], [80.59851777861489, 17.21419872374807], [80.5976649187024, 17.21419832655478], [80.59659913310077, 17.213959008973656], [80.59521390195108, 17.213412482128366], [80.59436146252936, 17.213070905150474], [80.59411150381077, 17.214060168097713], [80.5939673172382, 17.215731814081877], [80.59396573236013, 17.217028245399913], [80.59385720376797, 17.218597557570753], [80.59378429390074, 17.220098651773768], [80.59353373872901, 17.221565542989833], [80.59338941686343, 17.22333953323474], [80.59331608275507, 17.225181790367554], [80.59267476697894, 17.22651201992623], [80.59178467458834, 17.227842124203157], [80.59171250379072, 17.2287291171609], [80.5918529316032, 17.230127961690417], [80.5913178698389, 17.231731168925535], [80.59177823448196, 17.23306193715313], [80.59223633714267, 17.236234987972036], [80.59212770108415, 17.237872520029303], [80.59148650436333, 17.239066274101006], [80.59109404084745, 17.24029426662084], [80.59045096792043, 17.242989132073628], [80.59041331060526, 17.244694926573917], [80.5904822769894, 17.24640077372719], [80.59030223984712, 17.248277075323557], [80.58994418987315, 17.250392099007804], [80.58958723777684, 17.25162010090986], [80.58908823664343, 17.25274568093639], [80.58908670438018, 17.253973860981738], [80.58912071545313, 17.2552020582809], [80.58915494004992, 17.256259674610604], [80.5905060130189, 17.255919195190728], [80.59160815151627, 17.25568093254164], [80.59295942606052, 17.255169857048244], [80.59527019096949, 17.254795699299958], [80.59736830665928, 17.253909674294334], [80.59799063319633, 17.253770622402836], [80.59950145670378, 17.253433037830618], [80.60149266785646, 17.252751620057694], [80.60494175055597, 17.251524961458266], [80.60725308094678, 17.250604814786463], [80.60917330895224, 17.249786829208894], [80.6116264198615, 17.249173738929596], [80.61368813126889, 17.248935744531767], [80.61518139365808, 17.24849281495423], [80.6162836884919, 17.248049725894315], [80.6173859402606, 17.247640748151774], [80.61816786123956, 17.24764103945238], [80.61905622103615, 17.2478119492828], [80.61983743539494, 17.2484604420561], [80.62090199113568, 17.250030171733858], [80.62168233427617, 17.25149744475112], [80.62200078079877, 17.252828087406314], [80.62235569348148, 17.25330583835164], [80.62292408555923, 17.253578967149462], [80.62294302466114, 17.25357594481462], [80.62318740713437, 17.25594618580008], [80.6233483506485, 17.258379556249444], [80.62424431093312, 17.261755103229845], [80.62489454297082, 17.265681055444404], [80.62490380359804, 17.26573696474466], [80.62555406937398, 17.268443120022116], [80.62747534489228, 17.270949761998466], [80.63090821700739, 17.273588755793828], [80.63612814215355, 17.27583252828209], [80.63625872116882, 17.275880118709978], [80.64011210581948, 17.277284475160076], [80.64547004426849, 17.279132369020825], [80.64931621648847, 17.28111168493466], [80.64963022770424, 17.281312782856496], [80.6516044855181, 17.282577111750868], [80.65152574848464, 17.282679205520125], [80.65169997141008, 17.282769854111528], [80.65646478883036, 17.27873907582367], [80.66114146224348, 17.27412360947619], [80.6654049658251, 17.27029934017371], [80.67076745319403, 17.26673891007247], [80.67695510256306, 17.262123257251986], [80.68148770478739, 17.259458457519745], [80.68149194697253, 17.259485733790182], [80.68451670955308, 17.25737560769578], [80.68822759107191, 17.25645252751569], [80.69014732177796, 17.261992212109142], [80.69261732319363, 17.266872405081273], [80.69536192407575, 17.272280140362994], [80.69920737608453, 17.27584129791697], [80.70415336882427, 17.277951508600587], [80.70992421730509, 17.27979776752461], [80.71377234644373, 17.279665609461876], [80.71926978672263, 17.27926942990112], [80.71924910538077, 17.279396002281356], [80.72284236553924, 17.280324187459538], [80.72778965428662, 17.28071921918196], [80.73193000060553, 17.280992633716302], [80.7319281414871, 17.281017432339226], [80.73432257590949, 17.28561745661178], [80.74031071117035, 17.293858741187886], [80.7435052027655, 17.296925008477512], [80.74729947168734, 17.29903266805707], [80.75069464487069, 17.300373626030233], [80.75409033342598, 17.300564430920375], [80.7556881898113, 17.30094736586187], [80.75841206827741, 17.301956518430938], [80.7596561886523, 17.301956157428545], [80.75967612824056, 17.30195615194452], [80.76153005192926, 17.30203646728306], [80.76158439339132, 17.302034183991513], [80.76346830715966, 17.30195500749133], [80.76515377750863, 17.301792745182674], [80.76785073678325, 17.30090233986679], [80.76961802208088, 17.300255767708247]]]}}, {"type": "Feature", "properties": {"mandal": "Pinapaka", "district": "Khammam", "state": "Telangana"}, "geometry": {"type": "Polygon", "coordinates": [[[80.73742141393576, 18.08551892233643], [80.73790887369692, 18.084123683166833], [80.73877206490381, 18.082299333310562], [80.74006686443138, 18.079474529973325], [80.7408066927566, 18.07794441475287], [80.7416695230664, 18.076767339686565], [80.7429020771119, 18.075178266900622], [80.74292095865648, 18.075161260898028], [80.74505861444646, 18.07323591143497], [80.74758511126596, 18.070234231861242], [80.74887929198304, 18.06835087718044], [80.75035815944453, 18.06658515703053], [80.75220644630676, 18.06499586626353], [80.75430114524256, 18.06317111088574], [80.755964563494, 18.061699524514495], [80.75701189381216, 18.060757706302617], [80.75812091414505, 18.05952163701223], [80.75886079837785, 18.057285292272034], [80.75916946719599, 18.05534329510338], [80.75923202335544, 18.052812907773788], [80.75923328952956, 18.04951753649127], [80.75880342131089, 18.04639882121012], [80.75880335440628, 18.046395324837196], [80.75868271905765, 18.04004346570484], [80.75917636893236, 18.037395237268765], [80.76022449037485, 18.033981834502427], [80.76139544259307, 18.03133338973592], [80.76324362854592, 18.02886126652978], [80.7643008868078, 18.027716254522268], [80.76403921010049, 18.023948291851962], [80.76067877949721, 18.023542320129835], [80.75733542485311, 18.023713932122753], [80.75311421316037, 18.024103492418153], [80.74936525077169, 18.024066480121363], [80.74595801678929, 18.02382256055847], [80.74235931076892, 18.02304685969318], [80.74372663252082, 18.018109232403166], [80.74378876274396, 18.012783169797693], [80.74536937206057, 18.010052521880564], [80.74643867395228, 18.0067460581336], [80.74794424015732, 18.00420555850897], [80.75179475107603, 18.003049823630764], [80.74955819766974, 18.000737910844993], [80.74748342292938, 18.000220575110248], [80.74466234663399, 17.994894493420627], [80.74337232192252, 17.992913071580567], [80.73947067074076, 17.987482708059524], [80.73711062409758, 17.985082374663744], [80.73488710602157, 17.981968819164702], [80.73249543914567, 17.980302626013536], [80.72719754964359, 17.97939312461632], [80.7253301483327, 17.979205375998898], [80.72406102425255, 17.977632952693973], [80.72545676054665, 17.975618594825416], [80.72115579554152, 17.97341858813456], [80.71786198508323, 17.971239004622362], [80.71552713938026, 17.969295740015763], [80.7121869084781, 17.96784418294564], [80.71230260171639, 17.96639684914429], [80.71290102957373, 17.96425707881561], [80.715513304114, 17.964465394361266], [80.71858734808272, 17.963897383883108], [80.72083715841825, 17.96103951305812], [80.72254765235921, 17.96097390564074], [80.72360712366753, 17.960750367979514], [80.72337498307857, 17.960131204213454], [80.72247415965079, 17.95742831349973], [80.7211157667593, 17.95562892118142], [80.72022257193717, 17.952922213186145], [80.71841395711303, 17.950675446552918], [80.71751332368225, 17.948877579716708], [80.71526220582493, 17.946617844039938], [80.71345368471528, 17.94482073177345], [80.71120275672543, 17.943467925084047], [80.70940186481008, 17.941670806165718], [80.7080511012873, 17.93986950299382], [80.70669261302835, 17.937612835421998], [80.70533403193889, 17.934916041280058], [80.70399089816355, 17.93311663735045], [80.70437958690974, 17.93117670431128], [80.7044329340123, 17.930900389590658], [80.70444055494866, 17.930860371987784], [80.70431847949651, 17.93082998856332], [80.70292224985273, 17.93051105658876], [80.70092327647308, 17.93005353817636], [80.69907675968696, 17.928978571474328], [80.6971920806493, 17.92783123428057], [80.69490328731892, 17.92782361105129], [80.69281305192231, 17.928753236090063], [80.69120328303251, 17.9288250718473], [80.68934902897695, 17.927235676353867], [80.68837967655476, 17.92518064936521], [80.68728068138641, 17.923384852677675], [80.68573917449007, 17.921537979759034], [80.68422816820413, 17.919609153757442], [80.68339605299525, 17.917121506478477], [80.68233521941893, 17.915405700848765], [80.68065634172724, 17.913349358732038], [80.67937459032626, 17.91321705266147], [80.67672461641618, 17.912935636059306], [80.6761884922949, 17.91400436461246], [80.67552298269435, 17.91547517188931], [80.67503250509742, 17.91607068209395], [80.67384115986444, 17.91663176880048], [80.67240451308378, 17.917193060251776], [80.67121315264329, 17.91768413534093], [80.66911079822661, 17.91877107048425], [80.66837504796678, 17.919506808215832], [80.66718384940525, 17.920768015963496], [80.666448217281, 17.922063850537505], [80.66557274259628, 17.924935073354426], [80.66515256329893, 17.926545700622807], [80.66459210176792, 17.927631353257958], [80.6644472309414, 17.928485306353018], [80.66215824060184, 17.927538363733724], [80.66101421769397, 17.92931887676921], [80.65829901684191, 17.933297522634835], [80.65622461955243, 17.93699365028197], [80.65348554511449, 17.93626619128368], [80.65101352483485, 17.935669978366768], [80.64751144217763, 17.934573523063452], [80.64554294485492, 17.933925448241208], [80.64357441661453, 17.933130663732094], [80.64138460832383, 17.932193163757177], [80.63766878765125, 17.93053672520723], [80.63383856504099, 17.929061385560765], [80.63148090146197, 17.92807639278069], [80.62899351457881, 17.926969568124978], [80.62520141304527, 17.92537416208023], [80.62143213408362, 17.92346817143242], [80.61831908511068, 17.922085596499052], [80.61824278506603, 17.922051364107396], [80.61600717730666, 17.92100530033822], [80.6139089202897, 17.920067724752524], [80.6130925037875, 17.919683530326694], [80.60975053121355, 17.918091560414783], [80.60664509270659, 17.916619429414464], [80.60357021578095, 17.915362572849084], [80.60080051917012, 17.914137853228056], [80.60020537742945, 17.91387541506792], [80.59781717672237, 17.91279899223709], [80.59523823279923, 17.91167319045182], [80.5933154901001, 17.910926000987534], [80.59055345423447, 17.909857510519554], [80.58812711343052, 17.908811604726562], [80.58480802047364, 17.90718532061047], [80.58180931276308, 17.90533965926851], [80.57895554947406, 17.903432907017272], [80.57758152322062, 17.902569639896463], [80.56700549744536, 17.910007192627603], [80.54315595643419, 17.925176569265773], [80.54436594244842, 17.932196116796703], [80.55045786300728, 17.94273190337801], [80.55593848477915, 17.953851332312425], [80.55898123757888, 17.961458193098235], [80.56568129712709, 17.97491819870059], [80.56872566991994, 17.98194003628855], [80.56993874356056, 17.987789626284954], [80.56749430715061, 17.987786126106503], [80.56138227970389, 17.988362036754157], [80.55649244206131, 17.9889395959748], [80.54487341719545, 17.993600246098367], [80.53814598975661, 17.996513667930568], [80.52713722996212, 18.00117429384508], [80.50390575053466, 18.005228708988927], [80.49472694812454, 18.011060363367445], [80.48187218543296, 18.020978293386896], [80.4696358366966, 18.026803175053693], [80.45984747316193, 18.030877794598], [80.4597297256109, 18.033862146885557], [80.45926838091934, 18.03401615883411], [80.45850100896685, 18.034521673597006], [80.45801501664326, 18.03487583720845], [80.45719088177061, 18.035476419298284], [80.45644223345663, 18.036000617004447], [80.45591824002071, 18.036655523320334], [80.45548788540657, 18.0375160429511], [80.45533835782335, 18.038582020881933], [80.45526369139127, 18.03957313945587], [80.45526377374671, 18.039965821877534], [80.45565701438578, 18.040638666356987], [80.4562562221734, 18.041591826553432], [80.45483356041842, 18.041499511767], [80.45432840912072, 18.042734076865855], [80.4535239033709, 18.044679459556143], [80.45300009151732, 18.04619452771724], [80.45285050498333, 18.046980017657596], [80.45419827464264, 18.046997597877297], [80.45423611478978, 18.048904883196588], [80.45352483327144, 18.04909246544715], [80.45326281912409, 18.04933577169291], [80.45273889320121, 18.050308564618092], [80.45172843118324, 18.05202972778213], [80.45084896654791, 18.0535824895956], [80.450418493191, 18.05388203345429], [80.44957200787715, 18.054339855119164], [80.44871788012416, 18.054842523662327], [80.44817523456348, 18.05505379664328], [80.44728092230068, 18.055626771944503], [80.44668810470563, 18.056199497314545], [80.44611537772583, 18.05673204890251], [80.44531150550434, 18.057264792804624], [80.4450191025254, 18.057354825013533], [80.4445225093449, 18.05726294851035], [80.4439219562597, 18.057044263587642], [80.44309039104132, 18.056595049661286], [80.44224724212107, 18.055984340877245], [80.44093062988308, 18.055431705678597], [80.43937147786536, 18.054752375437737], [80.43840139459087, 18.054591676198662], [80.43805497982879, 18.054741932081296], [80.43703884232205, 18.055238823101813], [80.43573405739602, 18.056012816832357], [80.43467181003622, 18.056901970459506], [80.43350572249184, 18.058241113761824], [80.43287279225191, 18.059652355546042], [80.43297406949577, 18.05962229291259], [80.43333822755797, 18.059777879646283], [80.43368715094435, 18.060517935909782], [80.43431888717653, 18.059867980870013], [80.43544776263583, 18.059777659386548], [80.43638590859753, 18.059665466962272], [80.4365883636667, 18.05973449473752], [80.43720272017414, 18.059943959433994], [80.43710343303236, 18.06102505221866], [80.43788095374114, 18.061706833240233], [80.4388581110583, 18.062111074278405], [80.44015487545013, 18.06249108404999], [80.44107830429972, 18.062631936725378], [80.44116301641314, 18.062654095082866], [80.44187933009852, 18.06284145958245], [80.44290679505141, 18.06332555687188], [80.44419868351751, 18.06393422893345], [80.4451145005593, 18.06485578718084], [80.44628116306255, 18.066131495004747], [80.44674143148276, 18.066008955135082], [80.44717414352274, 18.06589375130125], [80.4475400400111, 18.06572846702725], [80.45041639277278, 18.064429095856966], [80.4510649780026, 18.063837198826064], [80.45348200660789, 18.062710823879367], [80.45349136681868, 18.06270646199082], [80.45352174479837, 18.063684991030442], [80.45324001705477, 18.06450473845538], [80.4527589854819, 18.065447260569826], [80.45242161551087, 18.066461947673577], [80.45233926927847, 18.066709613605276], [80.45230146352509, 18.068358034934228], [80.45247662487684, 18.069568481138653], [80.45278920407289, 18.070335143464092], [80.45331357329644, 18.07113727472994], [80.45388008018888, 18.072003871998273], [80.45477279438248, 18.07354451208242], [80.45533709097535, 18.0748246350758], [80.45577998697877, 18.075975726778037], [80.4562225167086, 18.0767460186231], [80.45710151855712, 18.077489107658586], [80.45691254842025, 18.07756449234329], [80.45694078114182, 18.077587732444314], [80.45901173443573, 18.0792924926809], [80.45901952437389, 18.079298904691495], [80.46009746575534, 18.080207851826316], [80.46083198559964, 18.080827206886323], [80.46273286352535, 18.08244036725723], [80.46441243611295, 18.084010729008725], [80.4654292396171, 18.084859779083377], [80.46582507446165, 18.08617353939879], [80.46639531598325, 18.08880063085356], [80.4665054804125, 18.08936675923193], [80.46685815955317, 18.091179131944166], [80.46702564615515, 18.09245167637353], [80.4673020962724, 18.09348270792608], [80.46752152639935, 18.094301070113822], [80.46791860311832, 18.095668961595877], [80.46823115063235, 18.096499994252664], [80.46854368894812, 18.09732990605892], [80.46890978238925, 18.099115762246115], [80.46965795553217, 18.100969018096826], [80.46990238940963, 18.10217955398064], [80.47137806723485, 18.104934964742064], [80.47161898212644, 18.105384796381895], [80.47249612238525, 18.107750095102677], [80.47328197577744, 18.109696034017073], [80.47448014429226, 18.112257385800298], [80.47575361850834, 18.114692301019655], [80.47664622658512, 18.116168424279614], [80.47747781693738, 18.117454586893277], [80.47811878105018, 18.1183551381302], [80.47895059368311, 18.11982997841245], [80.47939318108095, 18.120663499516137], [80.47966776277003, 18.121901178152214], [80.47938547469337, 18.12272090920096], [80.47894129133078, 18.123166121966197], [80.47776749427867, 18.124342623412858], [80.47563190468402, 18.12569783223607], [80.47382323155345, 18.12693387726636], [80.47319601152456, 18.127882446762268], [80.47286964123133, 18.128376025406602], [80.47278017465187, 18.129631021925753], [80.47274795440978, 18.130082988789148], [80.47318622080006, 18.1304277504641], [80.47573102044188, 18.132429565021138], [80.47648780089816, 18.133014967471844], [80.47716734300928, 18.133540618261517], [80.47816441554298, 18.134311879950435], [80.47908032839676, 18.13483894832528], [80.48100279625055, 18.135790392806364], [80.48256632153186, 18.13689825992126], [80.48399338434645, 18.138002454395426], [80.4849017566291, 18.138781418191652], [80.4858856725634, 18.139307441728434], [80.4868007417168, 18.139387052666912], [80.48772481064573, 18.139404552834613], [80.4888459804222, 18.139551169272682], [80.48982209558785, 18.14014047564146], [80.4908595128786, 18.141112844755778], [80.49203534702617, 18.14170698358736], [80.49333988593362, 18.142364621520358], [80.49555937318665, 18.1434836964234], [80.49687221897243, 18.143824950853812], [80.49846636171331, 18.143537406566757], [80.50062601347265, 18.144149048091425], [80.50145730676788, 18.14387481587147], [80.50148924539569, 18.14371961711335], [80.50167857449136, 18.14279960262483], [80.50164022397348, 18.1415284874182], [80.5011903891416, 18.14069503061957], [80.4999628311009, 18.13940510494189], [80.49899282602978, 18.139239686611933], [80.49883391563253, 18.138822956147674], [80.49873385848615, 18.13800377238702], [80.49876331666842, 18.137781728615504], [80.49909755015302, 18.137629618539343], [80.49998441215148, 18.13700649984015], [80.50074038805836, 18.136480317086168], [80.50152529140601, 18.136023600282737], [80.50170230535592, 18.134566331219066], [80.50192323895, 18.13291482288368], [80.50204154323585, 18.13177672987679], [80.50211612292945, 18.1307357333177], [80.50243862171634, 18.129112148454823], [80.50364535986482, 18.12821192894044], [80.50482260146843, 18.1275476487519], [80.50639201928782, 18.12677297936449], [80.50733688472957, 18.126149944615896], [80.50796238266778, 18.125498568706018], [80.50953300507196, 18.12407144371291], [80.51084177284014, 18.122921502913467], [80.51169961565627, 18.12222886315182], [80.51248462402184, 18.121661042735834], [80.51326967237429, 18.121079348510946], [80.51395282255368, 18.120636279479147], [80.5147233496219, 18.120040667072576], [80.51517419609762, 18.11961108529598], [80.51506057744092, 18.118236606788283], [80.51491714438123, 18.11729241316767], [80.5149041773965, 18.11644559746218], [80.51486236805921, 18.115501560944875], [80.51584734186318, 18.115457844097193], [80.51642876632697, 18.115368261569632], [80.51657589709616, 18.1153453417036], [80.51750508364663, 18.115200590964278], [80.51821188541875, 18.11504414099464], [80.51857837763875, 18.11461322504537], [80.51877735778858, 18.114376237838727], [80.51913279981466, 18.113952899425513], [80.51984872310678, 18.113204669836126], [80.52040301247077, 18.112610472118593], [80.52107313705139, 18.111685836568707], [80.52160465122489, 18.110937295909448], [80.52215921172217, 18.110188790649353], [80.52271382840115, 18.10939620882821], [80.52331435148152, 18.108713907651996], [80.52384577558679, 18.108009449174492], [80.52440083244807, 18.106974408949263], [80.52488628878925, 18.106181687554066], [80.52537174684204, 18.10538898001404], [80.52583411475233, 18.104618273501927], [80.52650384823211, 18.103891999125505], [80.52705844365643, 18.10309940183781], [80.52754190463794, 18.103272311387016], [80.52794133313414, 18.103419258814224], [80.5280949792563, 18.103475784394096], [80.52901672280899, 18.10360952667085], [80.53005413455273, 18.103500988190937], [80.53068031911448, 18.103230503231945], [80.5312768441353, 18.10272552195208], [80.53135213417204, 18.102661785461617], [80.53200145247816, 18.101689635167517], [80.5326737364023, 18.10080598286398], [80.53329952827538, 18.100054962667468], [80.53404095974517, 18.09930412813271], [80.53459715833553, 18.098663584477965], [80.53519985737687, 18.0978904038172], [80.5358718129271, 18.097183684958782], [80.53642799949337, 18.096543140163572], [80.53714635109826, 18.09574801418637], [80.53747092120413, 18.095306169363088], [80.5380978286357, 18.09534242577769], [80.53825808498652, 18.09515095845604], [80.538510523915, 18.095229694320327], [80.53890479076048, 18.095352664626215], [80.53985277428069, 18.09550896228382], [80.54080061767758, 18.095753751279837], [80.54172519131019, 18.09608697567141], [80.54345901773698, 18.096554146744058], [80.54498515334659, 18.09675557410875], [80.54514578826593, 18.097507838932323], [80.54558382746927, 18.09834899345927], [80.54618390429584, 18.099101938000207], [80.54671474746894, 18.099766297749944], [80.5473610912338, 18.10051930922519], [80.54784557199766, 18.101249949421188], [80.54839927343858, 18.10209128637538], [80.54886063398487, 18.102821892737364], [80.54959970072169, 18.103464440165105], [80.55033942697587, 18.10370886905496], [80.55151888474775, 18.10379913021284], [80.55253655767073, 18.103800665789183], [80.55353155734223, 18.103536735335386], [80.55441076264277, 18.103361108570102], [80.55519765880743, 18.103052638860945], [80.55630832034788, 18.102766752004808], [80.55714107475733, 18.102701636402344], [80.55806649690291, 18.10254819287739], [80.55855108943362, 18.10323457475577], [80.55896601632061, 18.104097780548578], [80.55965875395052, 18.10480658254627], [80.56063097237649, 18.104321420805164], [80.56085208560461, 18.104092551339804], [80.56122944719635, 18.103691307578615], [80.56139976491204, 18.10351020988799], [80.56207529928913, 18.102702308668523], [80.56264017796931, 18.102093531155433], [80.56330322113847, 18.1014262790737], [80.56394176221079, 18.10074726207764], [80.56426078045601, 18.100571881551648], [80.56504583466734, 18.10025650382872], [80.56527933599645, 18.10022781818138], [80.56531501893015, 18.100223434462574], [80.56653483907277, 18.100088062498106], [80.56689425489776, 18.099855590033066], [80.56690958117932, 18.099855500916945], [80.56770388409215, 18.099222426307215], [80.56807229169131, 18.09892879526842], [80.56882714587579, 18.098289058477963], [80.56970742933521, 18.097782993191693], [80.57091681557343, 18.09717232446114], [80.5713420507646, 18.09695760310426], [80.57320004366906, 18.09611915847989], [80.57410807958271, 18.095706587879384], [80.57484569869153, 18.095296788855585], [80.57513930760275, 18.095133667692533], [80.57551547684375, 18.094837588031858], [80.57671875044801, 18.094139989898565], [80.57755962381746, 18.093455202840747], [80.57802085513825, 18.093082034810532], [80.57885970807581, 18.09225546381471], [80.57979593279605, 18.091642653569423], [80.5803830551516, 18.091096078281165], [80.58145909859104, 18.090336599849397], [80.58224169241913, 18.089763603316516], [80.5828985061755, 18.089283877904467], [80.58373311347846, 18.088807355310053], [80.58452907350795, 18.088135149918926], [80.5859447492828, 18.087535706171675], [80.58608995544661, 18.087481742971274], [80.58926249530107, 18.08630268886789], [80.58981374378007, 18.08606116158905], [80.590751886615, 18.08557318240085], [80.59236159706988, 18.085409412316665], [80.5940402007112, 18.084802430655063], [80.59663916488599, 18.084152160449595], [80.59789705475939, 18.083943300836296], [80.59890353183081, 18.083643921088697], [80.59990968198498, 18.083585076265077], [80.60087827199044, 18.083705881361144], [80.60088412589245, 18.083706611068532], [80.60151235970197, 18.08409829826407], [80.6018569824569, 18.084970713347836], [80.60232706998305, 18.086053778956042], [80.60317519183583, 18.086596088354717], [80.60440039002393, 18.0872892234007], [80.6055004878442, 18.087501083993075], [80.60685223893141, 18.087623047976813], [80.60770054622976, 18.08804507301204], [80.60842015053403, 18.090631842706873], [80.60876358775917, 18.092406306948522], [80.60898158840897, 18.093940059782774], [80.60938966210011, 18.0944216542588], [80.61017373050987, 18.095865903293834], [80.61127129278992, 18.09801412107738], [80.61218048099933, 18.09996965700875], [80.61302730896858, 18.101534250351342], [80.61368643327634, 18.102407020900834], [80.61448753655101, 18.1032035034427], [80.61453425735351, 18.10324995466002], [80.61531927667437, 18.10403268593698], [80.61569543265283, 18.104905105339117], [80.61570926914557, 18.10511660629283], [80.61578789172218, 18.106318422585097], [80.61559779942102, 18.10740064214199], [80.61554390201661, 18.107516211680927], [80.61521940338949, 18.108212018750674], [80.615090959042, 18.11022641191125], [80.61470028587145, 18.111989797519122], [80.61458339847775, 18.11358317225494], [80.61458246475145, 18.114284949466565], [80.61457567741215, 18.114454350582257], [80.61451741163197, 18.115908535249297], [80.61640074936182, 18.118436512803655], [80.6167098564953, 18.11777806338685], [80.61720273684907, 18.11672813455058], [80.61747288013515, 18.116152656123912], [80.61810375272438, 18.11465001801163], [80.61867132427024, 18.113447989802815], [80.61895225158587, 18.113347184338053], [80.62059810667292, 18.112756589446924], [80.62338959577293, 18.1121606716359], [80.62662743159117, 18.111363540374963], [80.62744214878322, 18.111162952538873], [80.62823374859754, 18.110964576538557], [80.6327158774449, 18.10965699168538], [80.63480758534945, 18.109046732439705], [80.63496536230745, 18.109277449436764], [80.63512384375817, 18.10963240304354], [80.63575730739524, 18.110949381942742], [80.63660256967336, 18.112518543372154], [80.63765879073813, 18.114544383498917], [80.63873359273924, 18.116358977767494], [80.63897944567937, 18.116773897518872], [80.64003510663326, 18.11930590227329], [80.64008205147297, 18.119388159890807], [80.64180355647557, 18.122404558336466], [80.64271319871673, 18.124329877320534], [80.64262767515953, 18.125118355996904], [80.64263238692779, 18.125210401856418], [80.64264887632758, 18.12553250627725], [80.63338165475456, 18.12561829736137], [80.63104513348745, 18.125639864706763], [80.63016429373977, 18.125909464934093], [80.6276478477528, 18.126507930458754], [80.62690752026661, 18.12677741100013], [80.62347939055108, 18.12777846929129], [80.62347370705982, 18.127780129340913], [80.6231635833115, 18.127837488277134], [80.62287318814133, 18.127891198498357], [80.62324701340283, 18.129075661526866], [80.62371321578225, 18.12951010118561], [80.62406444675831, 18.130068292156224], [80.62829525903416, 18.13679175753833], [80.63102579280746, 18.14115463378197], [80.63245971222281, 18.14049259236202], [80.6332814711363, 18.14011317128472], [80.63338245998484, 18.14006654409369], [80.63410382561423, 18.139733480087497], [80.635063253101, 18.139300655062627], [80.63550958086893, 18.139084233374447], [80.63993018054266, 18.137466326878492], [80.64298117162654, 18.137018642942945], [80.64377998699977, 18.136572465462653], [80.64518397309511, 18.135788266222022], [80.64729823466989, 18.134885317298405], [80.64908944168009, 18.134120313341604], [80.6500291714536, 18.133839018018723], [80.65078268889498, 18.134892176663175], [80.6528481540987, 18.13463861869409], [80.653125117502, 18.134606657066684], [80.65452547105319, 18.134445051825274], [80.65580301239464, 18.1395633386659], [80.65633714280916, 18.14149523980945], [80.65667148712707, 18.142704462599742], [80.65689777746596, 18.143522983604882], [80.65668486994711, 18.143828254335734], [80.65508559871247, 18.1457158907009], [80.65370049991111, 18.147310816243515], [80.6522690262439, 18.149182565299302], [80.64951252412082, 18.152266325743973], [80.64808025492373, 18.154239724530708], [80.64783519037141, 18.154530040290773], [80.64727072370023, 18.155198732320013], [80.64638319952994, 18.15625011858935], [80.64633112790557, 18.15631220431409], [80.6480902214185, 18.156686848714987], [80.64965655208512, 18.157020426399495], [80.65144639517057, 18.15602052607218], [80.65431053753522, 18.154545081059243], [80.65544700854959, 18.15395961812997], [80.65543389832591, 18.154370586576643], [80.65541439706334, 18.154981858338758], [80.65538502179643, 18.155153866698722], [80.65484452803679, 18.15831869510434], [80.65660188141236, 18.15949786265726], [80.65729959749653, 18.160019230640938], [80.65814412509954, 18.1608476888007], [80.65792346785314, 18.161298470101773], [80.65866787880785, 18.162555403173798], [80.66220338286472, 18.16802821312853], [80.66581988999904, 18.173626013797783], [80.66655842288255, 18.17471680230598], [80.66558335152114, 18.174715850924166], [80.6622182071281, 18.17432167487197], [80.66196770016049, 18.174362281911556], [80.65948154643573, 18.174469261313856], [80.6578120416384, 18.17511026160132], [80.6574047470843, 18.175218819077518], [80.65625410595077, 18.176066231742514], [80.65612568988932, 18.17616080528607], [80.65586537205144, 18.176352519064], [80.65603966027889, 18.176642890764324], [80.65645000714815, 18.1773265421428], [80.65760430556128, 18.178562417822842], [80.65929244849862, 18.179743627555922], [80.66038450746554, 18.179428647171843], [80.66194290899597, 18.178979149880163], [80.66514856212606, 18.177508633166855], [80.66718305150465, 18.17639095047463], [80.66927933720783, 18.175037892108698], [80.67075933522476, 18.173743577295735], [80.67297919813909, 18.171919766495545], [80.67445938912269, 18.170331217738397], [80.67446442297677, 18.170323943839033], [80.67649522304005, 18.167389361270956], [80.67920926183028, 18.163859123514975], [80.68136740861983, 18.16191752454216], [80.68247725200233, 18.16097613935166], [80.68408010859045, 18.1599170951946], [80.68574443006644, 18.15903456670866], [80.68790157748768, 18.158269730033624], [80.68791907707543, 18.158257876920175], [80.68981263592367, 18.156975287198442], [80.69227837746712, 18.155445472811692], [80.6932651563397, 18.154150973291312], [80.69406716281665, 18.152738781757645], [80.69493106538283, 18.15091469176631], [80.69577571260554, 18.148729239800755], [80.6957952439576, 18.14867870189622], [80.69641278649753, 18.146678073583722], [80.69727676483629, 18.144677440318514], [80.6985723305, 18.142206060036617], [80.70029949897234, 18.13920508052358], [80.70177961866587, 18.13702788112193], [80.70325942998711, 18.135262568088724], [80.70430823009914, 18.133085357834165], [80.7051099144508, 18.131908474919108], [80.70646647655033, 18.12920281333491], [80.70646705797897, 18.129201652327506], [80.70739295881438, 18.126435993488517], [80.7073984505704, 18.126424432827314], [80.70918194804979, 18.1226699470589], [80.71029233051078, 18.120316155105787], [80.71121765393333, 18.118315426759214], [80.71121809289843, 18.11831386791836], [80.7118968039079, 18.115902804224493], [80.7123896050354, 18.11256301672852], [80.71239171821105, 18.112548693738155], [80.71294690167424, 18.111312939063602], [80.71380975629224, 18.110606751280926], [80.71467249694803, 18.110077090122207], [80.71713766532386, 18.108193878854507], [80.71984007344027, 18.106258318976067], [80.71984922073364, 18.10625176797306], [80.72200599115166, 18.10489812226502], [80.72508734051308, 18.102426301597905], [80.72705952851172, 18.100543030205817], [80.72841544906869, 18.099130580539736], [80.7300799323822, 18.096600035814543], [80.73118941960949, 18.095187603091286], [80.73236060880465, 18.09353977574522], [80.7340247819944, 18.09142110197452], [80.73587393994248, 18.088831623222738], [80.737415431622, 18.085536047209843], [80.73742141393576, 18.08551892233643]]]}}, {"type": "Feature", "properties": {"mandal": "Sathupally", "district": "Khammam", "state": "Telangana"}, "geometry": {"type": "Polygon", "coordinates": [[[80.87504378623181, 17.333719007166117], [80.87595015249427, 17.327996119449477], [80.87649899250532, 17.323247548287437], [80.87539815423997, 17.317708998405106], [80.87525984938497, 17.31362044644811], [80.87383631584453, 17.309799058559864], [80.87428548696437, 17.30836106581239], [80.87445350722234, 17.305773210933964], [80.87428384924127, 17.300274446352844], [80.87406575107086, 17.29842409479956], [80.87369295887872, 17.295261218743878], [80.87395577511025, 17.288952772830392], [80.87370825306174, 17.284986909730158], [80.87352178940637, 17.28199921550529], [80.8731836737233, 17.276581402914424], [80.87208743023851, 17.27205374130149], [80.87200235439603, 17.267767841850294], [80.87292850566331, 17.264370645758763], [80.87292820829673, 17.26284789517961], [80.87292792072475, 17.261378545410622], [80.87191621965614, 17.257902067270308], [80.87096992241881, 17.25502821346367], [80.87090462969357, 17.254829916992893], [80.87006172989416, 17.25264717027222], [80.86770180066388, 17.247069178263814], [80.86525800202556, 17.24302771152559], [80.8644268526072, 17.24192887377036], [80.86214034261842, 17.23890586379911], [80.86037083240508, 17.23591509450505], [80.86011779949017, 17.233570102596094], [80.86062297863212, 17.23154800130696], [80.86131793485124, 17.23021283875821], [80.8623073293916, 17.228311957268275], [80.8650025279171, 17.22539857718486], [80.86769775526776, 17.223132110812873], [80.87140378258191, 17.22102652107296], [80.87553095514762, 17.219163121550594], [80.8796581616924, 17.217784854152715], [80.88294311071802, 17.21697332536918], [80.8858911174729, 17.216242913499222], [80.88597165985911, 17.216212712880072], [80.89237641285438, 17.21381099754104], [80.89827200392357, 17.211622046732764], [80.90315669246493, 17.209433910607483], [80.90635699686447, 17.20813688362683], [80.91073644521556, 17.206757760009943], [80.9149555339863, 17.20748244106254], [80.91732992748622, 17.208404034376105], [80.91738089234087, 17.20798557661233], [80.91749415476112, 17.206910561080615], [80.91763322236389, 17.205513379704758], [80.91764906302393, 17.205343819008057], [80.91774527853751, 17.2043038466542], [80.91794029839303, 17.20333506815797], [80.91844348157474, 17.202500741366574], [80.91914362456173, 17.20153411912366], [80.91950743324831, 17.20070095027483], [80.91961895822193, 17.199809051665813], [80.91942349969794, 17.198787223421405], [80.9191151235666, 17.197685159645367], [80.91863976960308, 17.196664518936583], [80.91830377581176, 17.19561558787527], [80.91815303490499, 17.19467174450608], [80.91813110469086, 17.19388047709477], [80.91810858688542, 17.193090339948714], [80.91810845710042, 17.192498015231518], [80.91810830997908, 17.191826564933425], [80.91794169835619, 17.19088611442505], [80.91792272971391, 17.190192058800026], [80.91791324443403, 17.189838248576258], [80.91799784190542, 17.1894934615471], [80.91877222065145, 17.18938817836948], [80.91969654139322, 17.189290772781362], [80.92037390042265, 17.18919680711403], [80.92082065165846, 17.188631516108746], [80.92138022099049, 17.18774629881285], [80.92193973998016, 17.18667117396553], [80.92271046060515, 17.186079807773847], [80.92347297957885, 17.185637652287575], [80.92410081932994, 17.185092659391824], [80.92487680342305, 17.18443911219315], [80.92515654171382, 17.183874980506307], [80.92523640250266, 17.183457846679357], [80.92529688623578, 17.183149235081427], [80.92528501872812, 17.183040354793583], [80.9251006284707, 17.181348565299622], [80.92496094274064, 17.180031687929684], [80.92484783783904, 17.17919296157077], [80.92468117073558, 17.178117994773547], [80.92437343941175, 17.177230705860197], [80.92440141893093, 17.17626308045806], [80.92417825072059, 17.174945088993926], [80.92398099613968, 17.17378986968948], [80.92389711876474, 17.172231071689524], [80.92384043603043, 17.171263463054817], [80.92381859286948, 17.170908522984558], [80.92378553599339, 17.17037724325172], [80.92376305419882, 17.169813179418423], [80.92372992263135, 17.168978952496296], [80.92395305369078, 17.16782363303997], [80.92437265387672, 17.16707068982861], [80.9242061264659, 17.16650665869364], [80.92383969534092, 17.16591441324383], [80.92331041607831, 17.165350464063813], [80.92283403383868, 17.164705112697813], [80.9228620392183, 17.163820002234072], [80.92280645377068, 17.162501966333398], [80.92283690627814, 17.162010234585214], [80.92286267506171, 17.161599893671053], [80.92258268195604, 17.16100649421684], [80.92258485091199, 17.160254775886806], [80.92283397093806, 17.15960925991103], [80.92317008181087, 17.158883465176192], [80.92353673348684, 17.15805140479236], [80.9238530182309, 17.1573317299184], [80.92386812787994, 17.157297350407763], [80.92297993381322, 17.15732901111439], [80.92297451475419, 17.15732920405209], [80.9220243625715, 17.156948469797186], [80.92059671871125, 17.156061412787274], [80.91989874612123, 17.15549748911904], [80.91905036889598, 17.155043097015913], [80.91894093835754, 17.15498448506235], [80.91844469055931, 17.15471781217867], [80.91703863426862, 17.153961011298676], [80.917017103421, 17.153949422109257], [80.9165655675649, 17.15380821004018], [80.91573246083293, 17.153546116936745], [80.91441908256765, 17.15346271413152], [80.91321446669077, 17.153386066162604], [80.91184467716397, 17.15343943669363], [80.91092285383706, 17.15343959422602], [80.90977527037973, 17.153385525283472], [80.90957554214576, 17.15342065193924], [80.90829557819936, 17.153645755154056], [80.90781704354536, 17.153729479473345], [80.90686761551066, 17.153895793328054], [80.90555194089396, 17.15416502271044], [80.90376300325349, 17.154434308397526], [80.90177833715875, 17.155051768527954], [80.90037682151218, 17.155378626341406], [80.89913229354084, 17.15588519332289], [80.89802824879484, 17.15622217619457], [80.8966708213853, 17.156638307551283], [80.89632352503783, 17.156718699902292], [80.89504882560728, 17.157013760712672], [80.89336510081841, 17.15747059589285], [80.89244562680692, 17.157647016250063], [80.89191592898908, 17.157747664948854], [80.89152614972276, 17.157806476565955], [80.88942851027154, 17.158125402944034], [80.88847492229162, 17.158177464005803], [80.88666710512956, 17.158336957674415], [80.8857035363893, 17.158673868581282], [80.88485167666714, 17.159204068924673], [80.88411386512605, 17.15963139421703], [80.88313558827888, 17.159980728401305], [80.88198916547326, 17.16038432296828], [80.88105144816397, 17.160755123793933], [80.88047672882035, 17.16099062121424], [80.88045001406145, 17.161001567814075], [80.87977977467482, 17.160543770828202], [80.8793035545095, 17.16024874584431], [80.87930470212865, 17.158958955795033], [80.87919356300277, 17.15785681532712], [80.8792153076869, 17.157483780675623], [80.87922274359369, 17.157353837411964], [80.87922275675781, 17.15735360228762], [80.8792770146951, 17.1564053737439], [80.87936283008182, 17.155597132645173], [80.87944453202745, 17.154819412295133], [80.87933339209151, 17.153609880758093], [80.87908115009293, 17.151970796977857], [80.87871898018953, 17.15043458179721], [80.87857904626847, 17.149574343402808], [80.87839855561388, 17.149004620974782], [80.87839679184573, 17.148997838557115], [80.87827215400425, 17.148606719439783], [80.87790940703671, 17.147019631693542], [80.8780487140668, 17.145728702975262], [80.87821800241618, 17.14454629241314], [80.87813332811474, 17.143229366298886], [80.87804924655725, 17.142154347358968], [80.87813328713366, 17.140655421419364], [80.87821850511484, 17.139338491790465], [80.8782743361069, 17.13842398685083], [80.87835897301676, 17.13767113101224], [80.87845668465305, 17.137226051705838], [80.87845675895116, 17.137225714389512], [80.87855353625031, 17.13678488442862], [80.87895795676907, 17.13587263498461], [80.87953226469493, 17.13517289683404], [80.87964451847179, 17.134151001430503], [80.87936528140543, 17.13354736539712], [80.87916952265105, 17.133129116089517], [80.87836064495303, 17.13230618871528], [80.87816371836897, 17.132107238762213], [80.87682168662893, 17.13108648985981], [80.87590466721358, 17.13034381293164], [80.87533388540442, 17.129830605964276], [80.87503762083986, 17.12956495854733], [80.87405889529145, 17.128704709992064], [80.87334880861998, 17.12839044998907], [80.87271764891422, 17.12811114453171], [80.87266164724011, 17.128086361581296], [80.87196566911007, 17.127945050757102], [80.8715994580309, 17.127871568157616], [80.87049029111833, 17.127514977119283], [80.87042500225924, 17.127493987056074], [80.86978957688662, 17.127177455800286], [80.86966966353691, 17.127117540746955], [80.86930639649594, 17.126955881747865], [80.86894314657611, 17.1262572740714], [80.86880326757048, 17.125585802233434], [80.86849938119717, 17.125182234154114], [80.86821665630386, 17.12480692669869], [80.86797863518727, 17.123615458521492], [80.86796511799052, 17.12354876340429], [80.86796515354662, 17.122553995241685], [80.8680498325489, 17.1215592295015], [80.86853892947711, 17.12016091627961], [80.86880874523933, 17.119660148392803], [80.86907973343871, 17.119155988846217], [80.86932544472121, 17.11869930583716], [80.86945665476797, 17.11851445575154], [80.86930343379701, 17.11860824854859], [80.8672311729991, 17.119185683868693], [80.8652066696939, 17.1195711169377], [80.86254280549232, 17.1198546741794], [80.8602785640136, 17.120470541364995], [80.85732173557349, 17.121496320995234], [80.85524394592414, 17.122214348565407], [80.8532726938661, 17.122881099833467], [80.85180757547758, 17.123496289816835], [80.85028918401781, 17.124290625597226], [80.84919699065343, 17.124751998561578], [80.84837121877081, 17.125597002419322], [80.84711921599725, 17.126698185806752], [80.84578727730455, 17.127773830156084], [80.84474835439516, 17.12859337882977], [80.84357622877472, 17.129592132244454], [80.84171143241421, 17.13046340821419], [80.84093887014176, 17.130847755607903], [80.8396068529566, 17.131283650648843], [80.8381949129476, 17.132001062777295], [80.83728913435749, 17.1324110729353], [80.83614358462836, 17.132898000488854], [80.83518451471616, 17.133128918840974], [80.83409223861256, 17.133206388388892], [80.83331864786221, 17.13516381481534], [80.83341336620586, 17.13630101000154], [80.83341335542194, 17.13825708941266], [80.83312916217936, 17.14066825054508], [80.83275023320202, 17.1432614289114], [80.83218185317622, 17.14426257270781], [80.83033462807646, 17.145219026884256], [80.82777689613623, 17.14667629187308], [80.82531388499282, 17.14754209804467], [80.8229455646275, 17.148726250412025], [80.82057720847128, 17.150001355611856], [80.81944041921108, 17.15018397091596], [80.81697735152862, 17.150776739619246], [80.8149879383301, 17.15127823799176], [80.81285641629569, 17.15177979562294], [80.81048800757809, 17.15264537759054], [80.8083091107361, 17.15301044412969], [80.80631958722414, 17.153966761645293], [80.80489850755897, 17.1545133631981], [80.80262472119226, 17.155651747834252], [80.80115623741135, 17.156289328137834], [80.79916654756154, 17.157791455192736], [80.7977452344516, 17.159338786096917], [80.79603961765756, 17.161250156523657], [80.79537628934058, 17.16211476950442], [80.79409703919339, 17.163571028047066], [80.79310196759917, 17.165118128968494], [80.79229643638735, 17.166301223228643], [80.79154150102951, 17.167733852801792], [80.79090195468413, 17.16797295562602], [80.78813066719303, 17.16858826709775], [80.78653182643828, 17.168998349808867], [80.78376043148933, 17.169920659379322], [80.78145093014848, 17.170638047337796], [80.77960337262513, 17.17101405905985], [80.77654779231642, 17.171595211249013], [80.77494902650095, 17.17159579988275], [80.77303036966482, 17.172040015153545], [80.77025880196047, 17.173166851149595], [80.76862426703391, 17.173849748605154], [80.76613673674377, 17.175385840257274], [80.76414678206099, 17.176341755646693], [80.76322280609234, 17.17695615202787], [80.7620861010617, 17.17634239198039], [80.76116247472713, 17.17600149988235], [80.76016769076865, 17.17593356154437], [80.75933208472067, 17.176144346890666], [80.7590828198271, 17.177611457232576], [80.75897568223645, 17.179044407457443], [80.75869098698277, 17.18023858934341], [80.758370428579, 17.18228570700889], [80.75805008783263, 17.183752832569738], [80.7580139743361, 17.185253993292385], [80.7579779798837, 17.186448099905324], [80.75776426239096, 17.187812841604345], [80.75756205951095, 17.18846004824497], [80.75766842607477, 17.189040007366703], [80.7584139501222, 17.190677409382154], [80.75866225038423, 17.19176908126259], [80.75919488738042, 17.192655967653103], [80.75919457476783, 17.193474774282567], [80.75898093739843, 17.19463481200555], [80.75834089423871, 17.19582908814277], [80.75780749397565, 17.19688686430718], [80.75723847571297, 17.198149350166222], [80.75695383569982, 17.199104702066528], [80.7572377797806, 17.199923427116328], [80.75794811286192, 17.20077614686784], [80.75846937232461, 17.201529791284077], [80.75833837278962, 17.202345410033367], [80.75812465420985, 17.20367602605052], [80.75791095923637, 17.20493840849999], [80.75780385223875, 17.206234876956966], [80.75780309456664, 17.20817953208604], [80.75787316776143, 17.21073826601121], [80.75801424772456, 17.21346756101066], [80.7582978332466, 17.215275663113207], [80.75854570355503, 17.217561406687487], [80.75911329263158, 17.220154103799402], [80.7597163958231, 17.222849136712146], [80.75992910301142, 17.224213735442653], [80.76046126907832, 17.22660173475389], [80.7609224735897, 17.22871681946907], [80.76141908649832, 17.23120717135744], [80.76156062290931, 17.232878833471222], [80.76227046712152, 17.235437347345133], [80.76255424884152, 17.236904264576136], [80.76113246061708, 17.237416440223566], [80.7596751256916, 17.23792861778344], [80.7587509648724, 17.238235933027408], [80.75772693341275, 17.238792026866925], [80.75749252559167, 17.240057726003815], [80.75654395026713, 17.242150458224263], [80.7560220485757, 17.243742695281735], [80.75531065832763, 17.245153029169707], [80.75488368316253, 17.246335841356302], [80.75562876208232, 17.247646244001928], [80.75777628957283, 17.249647129033953], [80.75922915394045, 17.250738428862714], [80.76106113324278, 17.251890256568664], [80.76226132786704, 17.252860308663113], [80.7631454654685, 17.254194357051272], [80.76322408546378, 17.25464806494507], [80.76339768992524, 17.255649899452923], [80.76364985274472, 17.25728739344153], [80.76472315584343, 17.25983438851006], [80.7657329149457, 17.263473108600913], [80.7662375352862, 17.266080922346028], [80.76674185644164, 17.26959849052551], [80.76768859185695, 17.27299460545227], [80.76876148622523, 17.277179124021306], [80.76882372941195, 17.280029666068735], [80.76964447746869, 17.282455398245457], [80.7702126139551, 17.284396009175417], [80.77160208238264, 17.287124783966682], [80.772675575929, 17.28991430804748], [80.77286433758124, 17.29258283962304], [80.77330630342118, 17.29397763121418], [80.77425685653819, 17.295724673484923], [80.77223381066115, 17.29766618955738], [80.77080076951482, 17.299122283896857], [80.769620624448, 17.300254815892185], [80.76961802208088, 17.300255767708247], [80.77258333930688, 17.30866954202141], [80.77641256619638, 17.319066136985143], [80.77656621862401, 17.319483284959173], [80.78109903921981, 17.331615605953456], [80.78274777047382, 17.334912237249362], [80.79402037572733, 17.334116070888218], [80.80845459384327, 17.333713356067666], [80.81545455784206, 17.332450360137244], [80.81725268184911, 17.332125886479385], [80.82715034805828, 17.330669278201796], [80.82724200637676, 17.33029238839075], [80.82929554152692, 17.3345133576824], [80.82934969908924, 17.33462467184519], [80.83141172332462, 17.334887166906736], [80.83622315179713, 17.33725812870933], [80.84089721525348, 17.33936528965694], [80.84680863117379, 17.34133959043854], [80.85148275717182, 17.341731932922976], [80.85711923392014, 17.34225534486555], [80.86055609904719, 17.342384630199803], [80.86481758886839, 17.341062413129865], [80.87100324034968, 17.33762829016323], [80.87498915581091, 17.334063937846864], [80.87504378623181, 17.333719007166117]]]}}, {"type": "Feature", "properties": {"mandal": "Singareni", "district": "Khammam", "state": "Telangana"}, "geometry": {"type": "Polygon", "coordinates": [[[80.41190031979808, 17.523239143962567], [80.41466968786291, 17.52284815748008], [80.4177290024268, 17.522605544617814], [80.41887334198537, 17.522314985407885], [80.42059747986308, 17.521873424619148], [80.4226190093475, 17.520703787535638], [80.42448028840766, 17.51937233288926], [80.42723416546646, 17.517872467511907], [80.42975922842228, 17.516690980221057], [80.43232244085208, 17.51552089185437], [80.4352137264239, 17.51440959606025], [80.43759383436885, 17.513237755468143], [80.44040871631154, 17.51159875154119], [80.4434754627895, 17.510416813566938], [80.44424596121573, 17.51010751242336], [80.44544366671883, 17.50962637712401], [80.44805262480574, 17.50831525852498], [80.45021914518144, 17.507303641206672], [80.45032594577015, 17.507255919109692], [80.45411781554176, 17.507681460269726], [80.45881686664549, 17.50472050762665], [80.46258545898229, 17.503288389227837], [80.46455366036245, 17.502488426506066], [80.46647602086695, 17.501377935593222], [80.47064880029976, 17.49914524964778], [80.47081689788894, 17.499044435982526], [80.46933583563788, 17.496125828603134], [80.46770113915265, 17.492862629917312], [80.46620862766392, 17.490060609855004], [80.4656045086802, 17.488890129062785], [80.46528475868932, 17.48864200444478], [80.46471623542355, 17.48782633835281], [80.46336608741947, 17.48633711931522], [80.46084348934164, 17.483784346854694], [80.45761045162244, 17.48123216410511], [80.45533659023302, 17.479069512508644], [80.45331147866594, 17.477367949115376], [80.4512865090696, 17.476340588429522], [80.44780475725976, 17.473504738164458], [80.44485599846261, 17.471449100274537], [80.44055711442321, 17.468010697438395], [80.43661346416324, 17.464642967177117], [80.43046721096385, 17.460141570754825], [80.42698548007239, 17.457412173376454], [80.4242143019876, 17.455214450857785], [80.42293536716939, 17.454541312253877], [80.42236699320242, 17.454435332774917], [80.42162053964789, 17.452093987821595], [80.41927457552966, 17.44489262119637], [80.418243656191, 17.441167624809108], [80.41788817522534, 17.439925969092887], [80.41660875047519, 17.43691086581718], [80.41355262845906, 17.43105849543714], [80.41250720036885, 17.4289902591767], [80.40873722978965, 17.428852666057402], [80.40523534980001, 17.428796514259165], [80.40213761435379, 17.42773973802801], [80.39987916956744, 17.426981398167843], [80.39766648440637, 17.426144902072235], [80.39498078428134, 17.425327852357185], [80.39168471381767, 17.424408423550627], [80.39137952257619, 17.424322938668823], [80.38713740406075, 17.423356663988603], [80.38317747740194, 17.42194240651489], [80.38106400986008, 17.421283021507147], [80.37782897599162, 17.420367352732843], [80.3750593141698, 17.41937127415557], [80.37330445792949, 17.418864016108618], [80.37289244806364, 17.418744323778565], [80.36980269606369, 17.419375646415016], [80.36703347624213, 17.420486840162955], [80.3651034450103, 17.421406805136463], [80.36316580536722, 17.422427757893114], [80.36135784785213, 17.42336858042843], [80.35846661327996, 17.42473899763624], [80.35681131360003, 17.426018838160815], [80.35567502447589, 17.4283213983214], [80.35547674302514, 17.42870834117136], [80.35558357997803, 17.42883400291625], [80.35768969322238, 17.430802342475225], [80.35939896200173, 17.43221085061699], [80.36098612569974, 17.433447982651778], [80.36246653276655, 17.434944325581437], [80.36367249787632, 17.43746023810273], [80.36468765836939, 17.439637164290684], [80.3654891564712, 17.441625641939854], [80.36658830048991, 17.444092105227693], [80.36680252967007, 17.446987999487394], [80.36686410767803, 17.44957536023175], [80.36687225968103, 17.4520636893746], [80.36713217789972, 17.454540376837908], [80.36807135457083, 17.45819588709943], [80.36430249296832, 17.458359067945764], [80.36187644340043, 17.45875167374801], [80.35954190562772, 17.458951767490877], [80.35702429379539, 17.459293006027927], [80.35438458299745, 17.459495258639052], [80.35342331242227, 17.459623713993032], [80.35220265136962, 17.45978668051872], [80.35202584933013, 17.459805806030793], [80.35173819989457, 17.458819789930683], [80.35142480163103, 17.457513688181727], [80.35133251294512, 17.456593792249826], [80.35138764301217, 17.455986564098755], [80.35138717161816, 17.453741829064423], [80.35112901491796, 17.45236208452555], [80.35083374981097, 17.449694406826488], [80.35055716755059, 17.448277878093997], [80.35018843866939, 17.446622232586705], [80.34967279477662, 17.447045849099894], [80.34696554554097, 17.448704052504333], [80.34576850244777, 17.44962502126505], [80.34344801830356, 17.451117307258603], [80.34121963719413, 17.452646316131855], [80.33891754816162, 17.454028189698892], [80.33742581946353, 17.45504140129901], [80.33541842060892, 17.456349432282593], [80.33396351486005, 17.4572890139604], [80.3326007263725, 17.458338916547557], [80.33070390739428, 17.459959646477337], [80.32917542172078, 17.461359276889873], [80.32834672851631, 17.462132743153056], [80.32755139346249, 17.462784005225448], [80.32540019068247, 17.464545523366667], [80.3235218211556, 17.466313433302158], [80.32330063012382, 17.46554083918955], [80.3229771076365, 17.463984064037344], [80.32295959107611, 17.46389977886275], [80.32282292819272, 17.464016128760704], [80.32159507993319, 17.46628446821916], [80.31901642444016, 17.46658765108363], [80.3175363493603, 17.466674620727467], [80.31607916202434, 17.466759666194466], [80.31355387544673, 17.4668913265813], [80.31148640068214, 17.4672626749129], [80.30909840730358, 17.467224648556865], [80.30840414391365, 17.467261426729184], [80.30655786217237, 17.467356322153545], [80.30463541202953, 17.46804764186541], [80.30227040727556, 17.468489734420032], [80.29986721494143, 17.46874132839521], [80.29780748052126, 17.469642346681045], [80.2959765934644, 17.47038503447955], [80.29566381693839, 17.47051294969823], [80.29259691389524, 17.470965152268196], [80.29018627119625, 17.47206461478167], [80.28838585813325, 17.472601502897263], [80.28631091946302, 17.473761656304884], [80.28485393556215, 17.47481459896555], [80.28309931752209, 17.475440999051088], [80.28098591706782, 17.47510551511547], [80.27945973886705, 17.473641600712845], [80.27881841783214, 17.471475795597538], [80.27861194624884, 17.469197216413757], [80.2792066718434, 17.467472416660403], [80.28110605977261, 17.4659484953018], [80.28292930454126, 17.465142938647432], [80.28495830317665, 17.46320355164596], [80.28568275369881, 17.461600583370572], [80.28604859690977, 17.459862637066173], [80.28548367246829, 17.45818643363547], [80.28469736362207, 17.4558778513051], [80.28375088260862, 17.45378089139479], [80.28207989768184, 17.453029682364992], [80.28086671550487, 17.452483867065194], [80.27873040535526, 17.452045515880048], [80.27620472372965, 17.45030044612554], [80.27321403405902, 17.45037342872336], [80.27003265345927, 17.450654247682316], [80.26897230507979, 17.451278165403302], [80.26773650383106, 17.452005115382267], [80.26750038984906, 17.45388775824897], [80.26743183397186, 17.454402249338468], [80.26663117487627, 17.456411111500984], [80.26502171517916, 17.45799195067259], [80.26279423676604, 17.45938086823126], [80.26113883376183, 17.460165326430197], [80.25898757089924, 17.46118264380118], [80.25690470532047, 17.460934779428513], [80.25495936268058, 17.46160516033661], [80.25244959869306, 17.462996216743097], [80.25033695077828, 17.46623509350106], [80.2502301740746, 17.466395228284625], [80.24666197810471, 17.464648313355568], [80.24426698852703, 17.462910610590125], [80.24110998151293, 17.46073861835506], [80.2371909331662, 17.458023604846122], [80.23362469453335, 17.45516312394567], [80.23163882137828, 17.45357025505942], [80.22771981877968, 17.451072703664444], [80.22318019185789, 17.44774757469644], [80.22264729948658, 17.44739543308669], [80.2222111800237, 17.44734826547704], [80.22164660782963, 17.44734873463757], [80.22134142329001, 17.447299449926682], [80.22114307008066, 17.447349152548828], [80.22083030048961, 17.44750945886079], [80.22061670432161, 17.447629670387236], [80.2204793928644, 17.44770980760302], [80.22016663104249, 17.447910125503263], [80.21993015905238, 17.448089420932092], [80.21969369542221, 17.44830872776065], [80.2194953450204, 17.448369862677218], [80.21926648180703, 17.448450075719244], [80.21901472578634, 17.448509349646315], [80.21888503508123, 17.448549468669047], [80.21862567065732, 17.448709730719532], [80.21848073395795, 17.448808926661272], [80.21828240705632, 17.448980569492438], [80.21811459021094, 17.44911979676967], [80.21794678478379, 17.449310466694193], [80.2178857854658, 17.449480089906928], [80.21782477652395, 17.449600175501505], [80.2176798816127, 17.449899429105496], [80.2175349935184, 17.450229168278252], [80.21750453248852, 17.450497842086556], [80.2174969600271, 17.450768403000936], [80.21748176905763, 17.451088507755777], [80.21749708185946, 17.451347616721613], [80.21757346391865, 17.451766721569772], [80.21732570601205, 17.452282723713225], [80.21697074981012, 17.45283118158057], [80.21664806007418, 17.453315123062236], [80.21613166769856, 17.453670245968688], [80.21564754045447, 17.4539608520757], [80.21490511153796, 17.453929223465092], [80.21432408574144, 17.453929706458986], [80.21382769184109, 17.45388700089854], [80.21378208026405, 17.453688518829438], [80.21364472013838, 17.45353811330549], [80.21349211464093, 17.453448690451985], [80.21328608876095, 17.453288815210634], [80.21310296976273, 17.453220376470096], [80.2128969749106, 17.453209116086928], [80.21266047919083, 17.45327980844042], [80.21248502319989, 17.453369504192217], [80.21234769919045, 17.453390576168534], [80.21212645448793, 17.4534193397981], [80.21188230660474, 17.453379531287432], [80.21157712628568, 17.453351205162782], [80.21119564194414, 17.453271499543483], [80.21083704304293, 17.45318224727058], [80.21044791264629, 17.453020619822233], [80.20624443704544, 17.454435946267928], [80.20357488624406, 17.45786581666362], [80.20070669658827, 17.459990713819966], [80.19783094725433, 17.462439520406328], [80.19550467292835, 17.465657615650837], [80.19502434272243, 17.467170830431957], [80.195658040278, 17.469355694249025], [80.19778682058823, 17.470262758504322], [80.19947305165317, 17.470945364052714], [80.20104477339824, 17.471298445999103], [80.20283783880197, 17.47209147027467], [80.2038375169473, 17.473195719632418], [80.20431069264463, 17.4739326806722], [80.2064162450753, 17.473229777869776], [80.20729347257176, 17.472525989698212], [80.2087047547793, 17.471823663353934], [80.21081023382531, 17.47076827843924], [80.21133651055672, 17.470064781200673], [80.21178654690726, 17.469612849568154], [80.21229776890779, 17.46987345210442], [80.21378519124005, 17.468443234040837], [80.21541739630463, 17.46618408630892], [80.21764474397571, 17.464174039183554], [80.21999436940621, 17.463152745847314], [80.22216135932341, 17.464357006712103], [80.22300831649208, 17.464826914786286], [80.2231075438182, 17.465044037066807], [80.223909006085, 17.4668496051391], [80.2241608937424, 17.467415272888033], [80.22577101989714, 17.468991531216105], [80.22683936289884, 17.47009953422243], [80.22715986535, 17.470432697111978], [80.2272056520849, 17.470482196936235], [80.2271370189472, 17.470628963046885], [80.22629818590923, 17.47250829564419], [80.22577231642626, 17.475145681247696], [80.22526168313793, 17.47767254609802], [80.22510166712392, 17.478625333374453], [80.22465210837727, 17.481340773291585], [80.22428622133141, 17.482869135986455], [80.22404992389272, 17.483877241656707], [80.2231883828134, 17.48660636056002], [80.22257089353008, 17.488923730025284], [80.22154900681691, 17.49104137849945], [80.21141456143081, 17.504014483481146], [80.21023094246624, 17.506498544000113], [80.21050533660514, 17.508287305839403], [80.21058379524165, 17.50908886363666], [80.21094630498636, 17.511063294301437], [80.21112278223897, 17.512597962836587], [80.21155380289383, 17.51460166385068], [80.21174008289569, 17.516214532290864], [80.21189692574747, 17.517455941310264], [80.21200477898776, 17.518423664947946], [80.21198548644475, 17.5197532033003], [80.21189773410748, 17.521288092205623], [80.21196646510218, 17.52236338377282], [80.21152632641473, 17.523527081003316], [80.21116444587649, 17.524534298647932], [80.21101789067845, 17.52566842415767], [80.21087130476208, 17.52665591182078], [80.210509642638, 17.528699374711795], [80.21027496515165, 17.52961850384716], [80.21051982295748, 17.530566562012506], [80.21116612450903, 17.532491877540775], [80.21149916010914, 17.53391888123067], [80.21200834667309, 17.535335964052777], [80.21213565335617, 17.53573666931228], [80.21286023156877, 17.537593488505845], [80.21346739908721, 17.53956771512046], [80.21362416747483, 17.540457191355575], [80.21434896567271, 17.54336003098712], [80.21443713746736, 17.5438096492157], [80.21515090795442, 17.546555996700874], [80.21516575211648, 17.546608057120476], [80.2157386654164, 17.548617332110705], [80.21620901411161, 17.550946968391266], [80.21657999483605, 17.553365948457706], [80.21727444467818, 17.555086790512185], [80.21768079896682, 17.556183755798493], [80.22039630939378, 17.555424444094093], [80.22156460664178, 17.555076489399468], [80.22450113643188, 17.55420659049982], [80.22775344222894, 17.55333642904905], [80.22881120783319, 17.552941251184635], [80.2298216399139, 17.552703831434645], [80.231479334707, 17.552103118418913], [80.23266343997155, 17.55184978274168], [80.23865119022857, 17.55003461665132], [80.23880383687278, 17.55031838112113], [80.23978839872709, 17.55210093358326], [80.24083403928365, 17.554089208645216], [80.24179577687681, 17.556174724355998], [80.24207049042825, 17.556446955239746], [80.24352800056263, 17.557891874926604], [80.24636579489763, 17.55636145901517], [80.24802853332469, 17.554182308116797], [80.24928695168123, 17.552173066907717], [80.2505605865178, 17.549961848607484], [80.2506368511223, 17.549824603025062], [80.2520019484657, 17.54718651994249], [80.25338999070048, 17.544818972278094], [80.25445008435904, 17.542988994316058], [80.2560059634876, 17.54058129461855], [80.25811894454185, 17.538929541334678], [80.2604003805108, 17.540168002214454], [80.26203347460307, 17.542132925283926], [80.26494068131267, 17.544148233803988], [80.26825963789959, 17.54505621428787], [80.27153276318214, 17.545701300395177], [80.27379877871522, 17.54617002927322], [80.2742231309903, 17.546258616680625], [80.27338953822513, 17.546782529339566], [80.27422616968336, 17.54652785508206], [80.27425670736503, 17.55325181290066], [80.27603009684996, 17.559556601473986], [80.27724962433375, 17.565419306404387], [80.27924440546671, 17.57117072994139], [80.2807961009815, 17.57659061356555], [80.28367658520527, 17.580792395727055], [80.28799686932156, 17.58499298187214], [80.28921534737354, 17.58587705850498], [80.29242769618565, 17.58819774967694], [80.29774429766205, 17.59018478392641], [80.29935152432004, 17.592215392019668], [80.29932102036771, 17.592278292197186], [80.30051146997191, 17.593571009221037], [80.30339050590308, 17.596441526208345], [80.30496031096332, 17.598006686344192], [80.30890492504254, 17.599163742784974], [80.31510772764388, 17.599867364864348], [80.31503135216676, 17.599478745147067], [80.31513799757737, 17.598689857902322], [80.31545061117828, 17.59779029165497], [80.31599224181846, 17.597540245730087], [80.31661020943879, 17.597499720920805], [80.31720521750069, 17.59711816437378], [80.3173500329076, 17.59643975370559], [80.3170065756717, 17.595790328663767], [80.31671656726611, 17.59535044253461], [80.3163502648033, 17.59490299913089], [80.31607549733043, 17.594373551190657], [80.31582363681935, 17.593933633222917], [80.3156786275854, 17.593689874250252], [80.31556414935237, 17.59350705915198], [80.31499941309444, 17.592726351643574], [80.31483914105054, 17.592459741005968], [80.3144499697778, 17.592103771068814], [80.31387050542146, 17.591527441510216], [80.31387032918782, 17.590694315357826], [80.31405695148035, 17.589387269826915], [80.3149912201877, 17.58835965186991], [80.31573872948853, 17.5879856334147], [80.31606574948366, 17.587751988305346], [80.31625247013568, 17.586911689977754], [80.3168598558235, 17.586771161350125], [80.31690651113799, 17.586444400131942], [80.3170466146862, 17.5861175613036], [80.31732690129286, 17.585837280243698], [80.31807443053131, 17.585556611020323], [80.31872854085927, 17.58541604430978], [80.3195226853436, 17.58462191490498], [80.32036357412971, 17.58392109705134], [80.32055037296688, 17.583454195375356], [80.32081479457712, 17.582949505012223], [80.32104742013085, 17.582933746424075], [80.32234447107568, 17.583231802319034], [80.32293931405076, 17.58206525748851], [80.32303818926864, 17.580611423693455], [80.3239305776081, 17.579450348308388], [80.32518151752313, 17.578155602980047], [80.32829416909607, 17.57758713892504], [80.32943861797203, 17.5778148256926], [80.33066691788663, 17.57769758058337], [80.33081186150265, 17.577630774760173], [80.33197156031807, 17.577816531078028], [80.3322308948404, 17.577517182346888], [80.33294785475536, 17.576577268221104], [80.3333596738266, 17.57578812703834], [80.33351982496667, 17.57547933388656], [80.33393921353702, 17.574410105641228], [80.33428999558002, 17.573611489672796], [80.33462550534101, 17.57275001023052], [80.33509065142528, 17.57159119486894], [80.33560156058716, 17.57037137116425], [80.33621154269554, 17.568635126479556], [80.33664617191864, 17.56748014698593], [80.33866015428524, 17.566703011851846], [80.34154387314311, 17.565881331536577], [80.3444657389112, 17.56506343017464], [80.34465646035768, 17.565009923764865], [80.34634243902063, 17.564503614398507], [80.34681542806317, 17.56436032346395], [80.34725790173786, 17.564228489547624], [80.34958469307429, 17.563477767964024], [80.3523997196058, 17.562526583358025], [80.35495537468586, 17.56169564987119], [80.35806797633262, 17.56089283225078], [80.3603642533373, 17.56015356835248], [80.36249265964724, 17.55930202988619], [80.36526196940233, 17.558630963922933], [80.3675480975418, 17.558182788891614], [80.36653056227374, 17.55545988972078], [80.36621721871427, 17.554411380629872], [80.36581173375328, 17.55314215415047], [80.36476125866612, 17.550327909252513], [80.3640055834985, 17.547973405663885], [80.3634711574714, 17.546667487784617], [80.36266024893088, 17.54442342687614], [80.36131489173373, 17.540763050471575], [80.36031960687303, 17.53763596860643], [80.35937964581953, 17.534821631777653], [80.35914005875729, 17.534159450224568], [80.3583660504892, 17.532209749836777], [80.35801591878713, 17.53140046494463], [80.35716858203682, 17.53110677738232], [80.35639501469605, 17.531254616263503], [80.35517946024689, 17.531734013069457], [80.35269305104079, 17.532490458381414], [80.35040923231112, 17.53315473767561], [80.34897263053836, 17.53354231975871], [80.34772021461195, 17.533911350574087], [80.3454733068268, 17.53492518921086], [80.3453442695793, 17.534428510649967], [80.34530724141823, 17.53352696794161], [80.34480938282947, 17.530933056480844], [80.34468026025668, 17.530031590653323], [80.34462450027375, 17.52763970562948], [80.3444952300806, 17.526039060315643], [80.34440310427665, 17.52589194123615], [80.34364773471437, 17.524990994635406], [80.3431871129445, 17.524292197719216], [80.34298443405144, 17.523961176075638], [80.34254224521365, 17.5233359615879], [80.34230270196986, 17.522876174440103], [80.34173131761557, 17.520999904105242], [80.3416022763761, 17.52048482600761], [80.34154690669753, 17.519951287621563], [80.3417309843538, 17.51941755026775], [80.34198367915864, 17.519047000712757], [80.34283578556311, 17.517797478949678], [80.34349864208414, 17.516711359242713], [80.34535847919285, 17.51440988031552], [80.34756818570412, 17.511666522609172], [80.34854401424101, 17.509862563559782], [80.34898588126212, 17.508960622414964], [80.34920660835965, 17.507525280776974], [80.34951896166844, 17.503863527834238], [80.34981299318449, 17.500661776037138], [80.35021814573845, 17.500348647963133], [80.35007073206116, 17.50005437959905], [80.3498126688478, 17.49911622118277], [80.34977498739427, 17.495105168897854], [80.34955328254556, 17.491885446574365], [80.34916596521315, 17.489420240281678], [80.34883419826558, 17.488353346849042], [80.34815197500585, 17.484931613342077], [80.3491281875846, 17.48494920123386], [80.35146746498063, 17.48524164809634], [80.35668017189026, 17.485826096933714], [80.3603825224448, 17.486430200947442], [80.37155174828982, 17.489128297441336], [80.38284125546315, 17.493052641473525], [80.39150598252625, 17.499339407626923], [80.40358505008818, 17.512704053124263], [80.40594845725465, 17.515849074088287], [80.41190031979808, 17.523239143962567]]]}}, {"type": "Feature", "properties": {"mandal": "Tallada", "district": "Khammam", "state": "Telangana"}, "geometry": {"type": "Polygon", "coordinates": [[[80.4888642308029, 17.252937295208643], [80.48890429360019, 17.252932208842868], [80.49189950134118, 17.25312680424722], [80.49549415487074, 17.253130239982536], [80.49889041369623, 17.252366682565253], [80.50048933326752, 17.251601417790244], [80.50268604807736, 17.251603435530654], [80.50219161176895, 17.25019481321352], [80.50181541740207, 17.248465914723088], [80.50115589773053, 17.24614540493804], [80.50078087819477, 17.243734176541423], [80.49984000199248, 17.239684838318265], [80.49918007004896, 17.237637244745997], [80.49922986013492, 17.236227147232604], [80.49946880623965, 17.235044667813227], [80.49966113833693, 17.23340725876435], [80.49990193444962, 17.231133053173927], [80.50004641038524, 17.229768528889736], [80.50037988149387, 17.22872259836832], [80.500997191656, 17.227949861797633], [80.50170895711734, 17.22735916351425], [80.50279879495014, 17.227360161972875], [80.50403047959855, 17.22754323689154], [80.50493017125555, 17.227907960891322], [80.5061142499736, 17.228227447821016], [80.50677778341966, 17.228137064520926], [80.50748991102714, 17.227318905200242], [80.5074907423815, 17.226818529988936], [80.50720727060748, 17.226317901761742], [80.50678202684034, 17.225589702991027], [80.50627283870891, 17.224950872832082], [80.50670088325647, 17.22399599280611], [80.50836186758895, 17.22245085545259], [80.50959570519481, 17.22131472767493], [80.51092481739367, 17.219860253281674], [80.51215996579253, 17.217905310941156], [80.51258789203527, 17.21699590643383], [80.51235306888196, 17.215722013784823], [80.51140730701069, 17.214583968696175], [80.51065025709543, 17.213946461907078], [80.50975106898206, 17.21330882791002], [80.50946843718577, 17.21230782197622], [80.50946978924094, 17.21148902228328], [80.509709170094, 17.20998809726275], [80.50980648270884, 17.20844155754133], [80.51032968198687, 17.207213814142065], [80.51127854029885, 17.206441331296126], [80.51260605184525, 17.20589661831165], [80.5136959932364, 17.205761094078184], [80.51521286039723, 17.20530750556174], [80.5168253594881, 17.204308118833417], [80.51839046451025, 17.20330867906505], [80.51905624276081, 17.20176260762706], [80.5192964855273, 17.199670308664572], [80.51934590334157, 17.198396653752923], [80.51939553801697, 17.196986529888903], [80.51953970811444, 17.19571295224156], [80.51958824920536, 17.194985165464878], [80.51973198018278, 17.193984521864692], [80.5194961182565, 17.193347475241534], [80.5195453876371, 17.192164795331802], [80.51945172866813, 17.191482377406576], [80.51822040159445, 17.191208410024277], [80.51698981162384, 17.190479542724862], [80.51594865861243, 17.189796319024126], [80.51514505207376, 17.188703888938196], [80.51448283860123, 17.188066470820896], [80.5129686296915, 17.186973420756104], [80.51164363597911, 17.186062481352717], [80.50998673576154, 17.185333200486223], [80.50757209133612, 17.18446676404264], [80.50558329919723, 17.183919109575534], [80.50402065251376, 17.183508292358194], [80.5027891668918, 17.183370703026636], [80.50103618698057, 17.183460073548726], [80.49970949196803, 17.183595314864256], [80.49833542216307, 17.18373050390513], [80.4970078647008, 17.18436611097196], [80.49563276878006, 17.18509264428299], [80.4946364205105, 17.18595599727618], [80.49311918180804, 17.18668237756555], [80.49226557159551, 17.187181941236886], [80.4913165729169, 17.188045323362083], [80.49001932375414, 17.18843311681012], [80.48979978282165, 17.188498744682192], [80.4895176070467, 17.187315745214153], [80.4899943002268, 17.185633102311396], [80.48831008648136, 17.185433446965604], [80.48731555050327, 17.185250510581774], [80.48646257515578, 17.18538613605834], [80.48532478874493, 17.18583990063466], [80.48361866779844, 17.186202110482103], [80.48167525998014, 17.186791513479765], [80.48006411828965, 17.187017323137518], [80.4792587512801, 17.187016500750435], [80.47799771685375, 17.187650102887634], [80.4778560877352, 17.18737702060991], [80.4776084221061, 17.18679677608106], [80.47714807002197, 17.18594337431056], [80.47711421294812, 17.18502217897957], [80.4770802313645, 17.184169216433094], [80.4766208185399, 17.18280405731416], [80.4760535170333, 17.182155244182496], [80.47552156312469, 17.18160881732458], [80.47467021776572, 17.180857352557794], [80.47374831952862, 17.179832872559807], [80.4731107293586, 17.17877457081644], [80.47240246388273, 17.177511489526538], [80.47197718263985, 17.176931048627978], [80.47130401991845, 17.175906820019314], [80.4704173126546, 17.175087063950983], [80.47017006420727, 17.174302105262115], [80.4697104058026, 17.173107511883927], [80.46928596528488, 17.172083540654132], [80.46868439565567, 17.170786441061452], [80.46737285276241, 17.169181517559824], [80.46652197491093, 17.168225313419942], [80.46599027624539, 17.167576508214637], [80.4653176885146, 17.166279318284477], [80.46428984018854, 17.164981738115973], [80.4634381590709, 17.16446904455302], [80.46297837182816, 17.16337678404683], [80.46255308400738, 17.16283043851646], [80.46220014199449, 17.16160182428919], [80.4620953715669, 17.160646421812515], [80.46209704945991, 17.159759371669693], [80.46218499174958, 17.158395246518154], [80.46226545719138, 17.158113867206424], [80.4623732922958, 17.157448696499063], [80.46237513082717, 17.156476351445043], [80.4618718011934, 17.15494051039491], [80.46107593302071, 17.153122873966637], [80.46033351358231, 17.15122852838527], [80.46020462762091, 17.14895104115869], [80.46010190134783, 17.146929461917104], [80.46018324094692, 17.146187495666073], [80.46069071458012, 17.145522767472748], [80.46146475424223, 17.14478156940762], [80.46215881341207, 17.14406586727665], [80.46263939103063, 17.143529045352995], [80.4627478939485, 17.142505637198777], [80.46245599138344, 17.141891197929827], [80.46200641715656, 17.140125114507452], [80.46160994145473, 17.138461440918178], [80.46108041083853, 17.136720852100936], [80.46052390805774, 17.13515935028315], [80.46009925624837, 17.134314464145167], [80.45935545300938, 17.133187748882328], [80.45869084055569, 17.13236402412025], [80.45876329052787, 17.131849278037084], [80.4587647973411, 17.131059878963207], [80.4589805062349, 17.130373684095797], [80.45937435539642, 17.129962262400564], [80.4601966716138, 17.129722927238053], [80.46055484946312, 17.129277142298175], [80.46055589205686, 17.128727994380117], [80.46055797910991, 17.127629697314244], [80.46113119827838, 17.126840931831097], [80.46152510045599, 17.126395183511], [80.46224111130326, 17.125675216233127], [80.46274220588343, 17.125229584676156], [80.46334984694174, 17.125127287395113], [80.46478029324565, 17.124511060677598], [80.46510342723955, 17.123687688198867], [80.46464013837237, 17.123035066573646], [80.46367757843772, 17.121867067525525], [80.46310710446163, 17.12121432360113], [80.46257288382687, 17.12028704346935], [80.4626098472137, 17.11963496653526], [80.46314723838259, 17.118880475262536], [80.46364908974627, 17.118022978374267], [80.46382923074816, 17.11723377035768], [80.46361639829338, 17.116409808764836], [80.46361782037275, 17.115654726588236], [80.46369102734229, 17.114728113121355], [80.46369232072627, 17.114041674126977], [80.46372986071968, 17.11308069862499], [80.46396583431275, 17.112154262985626], [80.46443193507437, 17.11129672211799], [80.46514884610316, 17.11006191091353], [80.46592543711294, 17.109398469233838], [80.46240470771146, 17.10729797440657], [80.4398208482128, 17.093821774781322], [80.43861469015168, 17.09347397873704], [80.43852377583895, 17.093624228507764], [80.43784379831413, 17.09420687959868], [80.43727085794379, 17.09485830341448], [80.43705566675035, 17.095269906913593], [80.43648216541911, 17.096195905505077], [80.43637324974469, 17.097053827916536], [80.43640724105077, 17.09791192517206], [80.43690464919179, 17.099285422869873], [80.43715280200095, 17.10024674778265], [80.43715107016469, 17.101104800293072], [80.43668501343817, 17.10189364061714], [80.43664734354421, 17.10285461518217], [80.43682452847197, 17.10357559685666], [80.43725091203594, 17.10474307111112], [80.43781890142687, 17.10656283762002], [80.43817190549707, 17.108691238002855], [80.43870611775004, 17.10954993950091], [80.4390613426536, 17.110580032529246], [80.43916673841575, 17.111472534158484], [80.43902195797887, 17.112399053601482], [80.43837702503914, 17.11329064359127], [80.43716172060243, 17.113529416082677], [80.43615961280254, 17.114351917661327], [80.43455147450865, 17.114487226912736], [80.43272811309292, 17.1150341202347], [80.43158425130423, 17.11527294951093], [80.43083391334862, 17.11527201184313], [80.4300487622379, 17.114824841089597], [80.42858983698954, 17.111905631757995], [80.42755800248885, 17.109810681316965], [80.42677373386597, 17.108951633396305], [80.4248464997505, 17.107919512532646], [80.4235261733213, 17.107128410291278], [80.42188523542225, 17.10589069694545], [80.42013763749381, 17.10441257699934], [80.41996029653333, 17.103794546991683], [80.41924877233936, 17.10235208816204], [80.41935979263782, 17.100533157526705], [80.41936225309702, 17.099366205795423], [80.41929325946556, 17.098199160291642], [80.41890221609017, 17.09727194950517], [80.41826123330162, 17.096275765125952], [80.41743767321275, 17.09538508854509], [80.4163120330789, 17.09246091691857], [80.41600860304457, 17.095383204331153], [80.41548818508042, 17.096431037461247], [80.41509350725637, 17.097219925474914], [80.41498435148151, 17.098146481525045], [80.41498186414564, 17.099313432803854], [80.415156115033, 17.101372995972856], [80.41526059373551, 17.102643055114775], [80.41525803533902, 17.10384432691446], [80.41564462033686, 17.106865186956046], [80.41596318803064, 17.108272814240564], [80.41610398888656, 17.109268341268102], [80.4159924231461, 17.111327517856243], [80.41552618388033, 17.11215063124549], [80.41455701359567, 17.114242989775136], [80.41390954370769, 17.11626712790869], [80.41351313158722, 17.11784541105451], [80.41347394990879, 17.119458492231413], [80.4142640844448, 17.120307396806087], [80.41486961359786, 17.121200571680905], [80.41543934379281, 17.122128019405643], [80.41575939439934, 17.12284920276712], [80.41650835951934, 17.123491850154473], [80.41729198687237, 17.1246598269176], [80.41864567233908, 17.126617950398213], [80.41921420423432, 17.128128855310518], [80.41960075292971, 17.131218324921242], [80.41952631896314, 17.1326254215456], [80.4197382609544, 17.13379263887098], [80.42066473988855, 17.13502942908775], [80.42223581187183, 17.135614934227217], [80.4239143098323, 17.136097601158053], [80.42677048054126, 17.137336832257567], [80.42866227896823, 17.138368879635422], [80.4289426672732, 17.141245856748967], [80.42917470769409, 17.1435661475549], [80.42902736692518, 17.14611340880529], [80.42916580713184, 17.14788769638794], [80.42916234101796, 17.149570823230224], [80.42944372546647, 17.150935878402304], [80.42967812163927, 17.152118913441367], [80.43038543742078, 17.153666460713687], [80.43109444211117, 17.15439518781805], [80.43185081999874, 17.15512397117175], [80.43028631260637, 17.155804364152353], [80.4288164353209, 17.15653035453744], [80.42696826809438, 17.15693742519256], [80.42478823739569, 17.157480524939178], [80.42256158937609, 17.157659623502006], [80.42133003617255, 17.157658030168157], [80.42047885791405, 17.15697457667367], [80.41962768556812, 17.15629111960231], [80.41839739084833, 17.155698142452987], [80.41782725313185, 17.156516213884633], [80.41706812469693, 17.157106584852354], [80.41602604396374, 17.157105210917685], [80.41536328950598, 17.15692237433518], [80.41512771301092, 17.15633069336815], [80.41512965197695, 17.155420897589394], [80.41527320620487, 17.154738738743713], [80.41418134218395, 17.15587453802492], [80.41280516528388, 17.157055441469886], [80.41128784652668, 17.15778124745718], [80.40996018402194, 17.158416317987797], [80.4079688708411, 17.159277929246183], [80.40668815931559, 17.160095003254064], [80.40502819420475, 17.161048017933137], [80.40374725987832, 17.16195605280319], [80.40303623459886, 17.162182520379286], [80.4021814022346, 17.16318211367432], [80.40132505973814, 17.164864047925597], [80.4004220350054, 17.1662274833487], [80.39913832941099, 17.168363707802026], [80.39804458113315, 17.170272741626444], [80.39737826267543, 17.171681984480518], [80.39685435109453, 17.17295495579464], [80.39652032300947, 17.174046236407783], [80.39628113611398, 17.17509215882251], [80.39547358632872, 17.17609178704169], [80.39419281522899, 17.176863290985168], [80.39234489630742, 17.177042611126016], [80.3911133245038, 17.176995354190527], [80.39011943512554, 17.176584516403445], [80.38945653628645, 17.17644709025949], [80.38865100693577, 17.176536903762265], [80.38779707237984, 17.177081539346805], [80.38684756067819, 17.17798994881931], [80.3860402610458, 17.178853071971396], [80.38504450325776, 17.17926101994565], [80.38352711931009, 17.179895642669358], [80.38248439582736, 17.180121551160543], [80.38252675331691, 17.18230511089165], [80.38275808504116, 17.184716394856924], [80.3823738677153, 17.186990298377825], [80.38184531806989, 17.190219261947302], [80.38089456231195, 17.191628020991434], [80.3798788136334, 17.192691393121212], [80.37892862817921, 17.19384236979995], [80.37848682240596, 17.19480642513031], [80.37848420186019, 17.194812143322544], [80.378668929945, 17.19687459971772], [80.37916979183319, 17.198816222164844], [80.37910297182451, 17.20039308088039], [80.3796646343363, 17.203365876927606], [80.38003889828549, 17.20542860778406], [80.38009716732552, 17.207551518269373], [80.38009296432186, 17.2093710736832], [80.38065662619215, 17.211494732288426], [80.3812827756799, 17.21392174011791], [80.38159320388026, 17.21628762395106], [80.38203110694869, 17.21816847971332], [80.38228115714709, 17.219015597924155], [80.38228185972687, 17.21901797606208], [80.38391666337752, 17.222416886092688], [80.38454441392939, 17.2241767083093], [80.38485850128954, 17.22496564049242], [80.3853615721975, 17.225997456234154], [80.38567497440654, 17.22708964355921], [80.38573344931638, 17.229151883369124], [80.38591842329163, 17.23115365386261], [80.38629183931046, 17.23364091042655], [80.38641101633355, 17.23679495753507], [80.38634092628668, 17.239827422336813], [80.38633664190327, 17.241707605618096], [80.38633263528551, 17.243466484983617], [80.38613838221393, 17.2455283420183], [80.38594440222116, 17.247468894862127], [80.3858041783462, 17.248742844518784], [80.38696423525893, 17.2496481362151], [80.3885612364723, 17.250708058894933], [80.38987445341655, 17.25152874705589], [80.39069116124534, 17.251871086156616], [80.39292590247942, 17.25385302873831], [80.39427363324037, 17.25515136383956], [80.39611838054448, 17.256723321986748], [80.39877703642856, 17.25993397748705], [80.40147004696239, 17.263724615478043], [80.40366649715028, 17.267071022859476], [80.40508197881645, 17.26997282484433], [80.40721089183272, 17.27309921351532], [80.40731425500168, 17.273251003096615], [80.40774725778809, 17.27382271505553], [80.40922830430982, 17.275778173789064], [80.41156809181773, 17.27871528618517], [80.413164072082, 17.280423210986225], [80.41694500068989, 17.284094446928894], [80.4227280659359, 17.28851071893411], [80.43190624170208, 17.29331444895292], [80.4380664138079, 17.297140733171055], [80.43809056875074, 17.297155735802825], [80.43822105776178, 17.297218564730745], [80.44287993139064, 17.29946170840506], [80.44547554261337, 17.30003984155812], [80.45027067988201, 17.29947040527773], [80.45646772003832, 17.2969856148379], [80.46387354937936, 17.28894313620261], [80.46389767888897, 17.28889242019063], [80.46587884761267, 17.284728269071977], [80.46668782525171, 17.279361975095693], [80.46689149584762, 17.277253660393043], [80.46670216451568, 17.27169458240409], [80.46650818084612, 17.268627402857884], [80.46871471127591, 17.26345426114638], [80.47211796216257, 17.25904910130269], [80.47551791220985, 17.25636905545475], [80.47851558735994, 17.255222034567762], [80.4791157415612, 17.25464758955655], [80.48211268270539, 17.253883891142333], [80.48590807271567, 17.25331263006517], [80.4888642308029, 17.252937295208643]]]}}, {"type": "Feature", "properties": {"mandal": "Tekulapalle", "district": "Khammam", "state": "Telangana"}, "geometry": {"type": "Polygon", "coordinates": [[[80.52939307670381, 17.75941598041079], [80.52959388921009, 17.75877346266969], [80.53341888916056, 17.753350904317045], [80.5401556398344, 17.7446742978888], [80.54449457515865, 17.739137219652232], [80.54709111834393, 17.735923053473236], [80.54708980184176, 17.735920482049117], [80.54503308927184, 17.729457605081304], [80.54448834593191, 17.72523750008393], [80.54449536316278, 17.72049031302464], [80.54532704451721, 17.716930504125777], [80.54726134029035, 17.71284399313856], [80.55195187805424, 17.707572542601774], [80.55760587518407, 17.70256534218801], [80.5654655008963, 17.695845062676252], [80.56956595843353, 17.69295394601579], [80.57287766307122, 17.687812539700023], [80.57508981960895, 17.684364164483082], [80.57570821945465, 17.68315142065882], [80.57630292458006, 17.68241408035203], [80.57746842175104, 17.680368958732167], [80.57956135198216, 17.67570845362349], [80.57996564767562, 17.67470981039217], [80.58034625368744, 17.67421033999084], [80.58201116376365, 17.670881266582658], [80.58408040486859, 17.666719933490167], [80.58510315552961, 17.664770008262998], [80.58543613761744, 17.66410419341409], [80.59017029032402, 17.659655412317033], [80.59292988105102, 17.656990965577847], [80.59419886897794, 17.65574807938677], [80.59402737931332, 17.652211844916785], [80.59348195861604, 17.647859818018965], [80.59238614781266, 17.643243766346462], [80.59235536933402, 17.643158957321724], [80.59032793028346, 17.63757223827517], [80.5892297791838, 17.634934234480493], [80.58675671785564, 17.63084491214578], [80.58469459839766, 17.628470120696953], [80.5846555486937, 17.628426729710835], [80.57947050931077, 17.62266487740985], [80.57658549667754, 17.618047688863072], [80.5757631439591, 17.615277871036344], [80.57576731556031, 17.612112895612082], [80.57632160948317, 17.609343850519227], [80.57838996489865, 17.606707523137292], [80.57966285982434, 17.605535389043496], [80.58211116944487, 17.60328082266868], [80.58610805322132, 17.59945856902621], [80.5918940862584, 17.595769000589396], [80.59809205450563, 17.59273883743936], [80.6030167079544, 17.591125911230133], [80.60364902313094, 17.59091880463127], [80.60207685757635, 17.588514799133193], [80.60142250831632, 17.587607279371717], [80.60070005610197, 17.58603786341846], [80.60026662617449, 17.58529140494314], [80.5996971900625, 17.584180136042225], [80.59888131765642, 17.582755070178234], [80.59851586100093, 17.58205098762066], [80.597725460089, 17.58055800775385], [80.59723256981857, 17.579854031462595], [80.59696910016957, 17.579345055793777], [80.59669727793846, 17.579515013923384], [80.59549952574618, 17.58011007093681], [80.59444615805036, 17.580509816917697], [80.59421681819254, 17.58070519917202], [80.59331626840026, 17.58061259676393], [80.59195697130937, 17.580588268483186], [80.59101393460112, 17.580453267386712], [80.59035127942421, 17.58045381944473], [80.59013035180017, 17.580250325394204], [80.58922970573279, 17.579699447260005], [80.58906824887586, 17.579504389685926], [80.58835458038293, 17.579309792583246], [80.58802323627465, 17.57923368920655], [80.58715664698728, 17.57903921872057], [80.58674881554644, 17.57882739380925], [80.58565493767344, 17.578943109451593], [80.58429999603673, 17.579224285551984], [80.58359114259036, 17.57989925120621], [80.58240824390661, 17.57897476404337], [80.58158017329305, 17.57812874526217], [80.58102808418202, 17.577361260483293], [80.58067311588631, 17.57661330179687], [80.5806729259608, 17.57570752178301], [80.58077133242341, 17.574978877328594], [80.5812439492122, 17.572753414177104], [80.58098737160923, 17.571198047639882], [80.5810463918372, 17.570646653144966], [80.58189382775649, 17.569838621596865], [80.58293855153694, 17.569837752917504], [80.58408182074585, 17.569777728529417], [80.58423945237429, 17.569482233722304], [80.58329317786087, 17.568951367522097], [80.58274115817565, 17.56851862713366], [80.58185399306508, 17.56786956627893], [80.5806119676197, 17.56698451042616], [80.57946853760511, 17.566276590617882], [80.57871935081509, 17.56560772410724], [80.57791100409177, 17.564820760930726], [80.5773984160182, 17.56442737012231], [80.57686620296724, 17.564447504354074], [80.57605806625699, 17.564664776335214], [80.57487552174803, 17.565433705251646], [80.57300314782012, 17.56659702550872], [80.57203739115141, 17.567168864160436], [80.57117011513935, 17.56736649533708], [80.56988887997268, 17.567505397451992], [80.56902156311445, 17.56750611942816], [80.5682330351711, 17.56723110288592], [80.56758251417676, 17.567074117269836], [80.56708966671768, 17.566818545786546], [80.56590683760446, 17.56622880427459], [80.56567017279599, 17.56563827415367], [80.56531519257896, 17.5648312435035], [80.56503912950467, 17.56435889261926], [80.56438862509772, 17.564280669632517], [80.56233757275106, 17.564595608136937], [80.56052122810517, 17.566705229512536], [80.558072458759, 17.567879034534453], [80.55484561501144, 17.569609837348796], [80.55443366525259, 17.569775942706833], [80.55302998667514, 17.570337272187462], [80.55164919324632, 17.570890961489166], [80.54991758399868, 17.572075601509827], [80.54984892909565, 17.572121385777415], [80.54929209673897, 17.572638189306428], [80.5488115420691, 17.573082526401024], [80.54820894138547, 17.573641284063157], [80.54680567875226, 17.57619175966412], [80.54595922025578, 17.578090154453253], [80.54571512772134, 17.578309468435606], [80.54381576841817, 17.579949617608342], [80.54214521463618, 17.581238998099167], [80.54154976031876, 17.581690329397336], [80.54116220989931, 17.58292548513324], [80.54107966608093, 17.585414869628142], [80.54099698255636, 17.587240437400148], [80.54146980742829, 17.590372873858037], [80.54090926127577, 17.591145618664722], [80.5405100894269, 17.59172303852763], [80.53922760629231, 17.593387474240302], [80.53843775750212, 17.59453381986144], [80.53793669212837, 17.59536592152263], [80.5370363975612, 17.59649538582764], [80.5363229650621, 17.597429502516345], [80.53541421337908, 17.59874567831278], [80.5345478870942, 17.599807222170586], [80.53385992774342, 17.600681912064527], [80.52635597262623, 17.597815011665762], [80.52418042895394, 17.592156138842682], [80.5187224799998, 17.57793752601147], [80.51864614516425, 17.577741342686657], [80.51747768417083, 17.572138792338148], [80.5172560873353, 17.57048516665676], [80.5167288572825, 17.566634969472883], [80.51539997170629, 17.560037979980798], [80.5150715676985, 17.558397779632944], [80.51419301658602, 17.55277403062359], [80.51419295898806, 17.552499665664662], [80.51412322309548, 17.54737824522131], [80.51411545755802, 17.546728540081634], [80.51660976005084, 17.544390552455152], [80.51733440322654, 17.54370975397638], [80.51743358515881, 17.543709670661972], [80.52201881336698, 17.543705856018356], [80.5258106825719, 17.544142828326542], [80.52782477930575, 17.543920135912426], [80.53048741583778, 17.543917920060437], [80.53315744698946, 17.54279728058055], [80.53398779490385, 17.54208879831935], [80.53470938971257, 17.54265035299448], [80.53561134313236, 17.543278509557616], [80.53666644741192, 17.5439575314888], [80.53782366615194, 17.544738453237763], [80.53889577921062, 17.545383465586465], [80.54029129618179, 17.54655513133098], [80.54093780381194, 17.54616365057687], [80.54214575661753, 17.545448751136778], [80.54299642222581, 17.54492112094975], [80.54439152356193, 17.544104080191577], [80.54646716765161, 17.542912528625102], [80.54757302270083, 17.542180716539097], [80.54918930864378, 17.5412785038416], [80.55128199622908, 17.540222918713965], [80.55065233637337, 17.53981550230996], [80.54978442489104, 17.539238310123295], [80.54930791954054, 17.538898757078783], [80.5483379067107, 17.5382876544909], [80.54735087507422, 17.5376595687681], [80.54699349309415, 17.537387906036823], [80.54631278338834, 17.536963535757355], [80.54595539677617, 17.53667487537694], [80.54534275652912, 17.536284442917196], [80.54503642023178, 17.536012738038874], [80.54428765565176, 17.535622419161754], [80.5431985138419, 17.534909430938125], [80.5428581498194, 17.534654751540103], [80.54212637601151, 17.534145436156518], [80.54105427726333, 17.53356841342956], [80.54078199345504, 17.53339866527141], [80.54011827144502, 17.532838299900423], [80.53899510885991, 17.532176332737713], [80.53775291179993, 17.531871411449757], [80.53571098572954, 17.531567155648805], [80.53344785846961, 17.531263084119697], [80.53094649857394, 17.530891221427964], [80.52927894938398, 17.530756628611222], [80.52769646040363, 17.530536978493824], [80.52601188099274, 17.530334410423553], [80.52638038141298, 17.529598039562913], [80.52638018577183, 17.5286645466117], [80.52638003001543, 17.5279177512228], [80.52637989927533, 17.527295422427052], [80.5265105035555, 17.526871144562215], [80.52746729074072, 17.526778696690446], [80.52847091881516, 17.526746854631185], [80.52295998504971, 17.520462173732813], [80.52235712306674, 17.51977104695087], [80.51976277845986, 17.517997455146794], [80.51126248482046, 17.512187611771566], [80.5038996185315, 17.509520585597564], [80.49963449720839, 17.5079732104734], [80.49388170209912, 17.50665571167586], [80.49212687061409, 17.506251340278077], [80.48419266562355, 17.507705977944], [80.48038598566207, 17.509416304237266], [80.47779290522733, 17.513684454169297], [80.47619796073253, 17.511709973306846], [80.47115447990812, 17.509374446351682], [80.46674477414899, 17.509618184900468], [80.46150349716832, 17.509984553434762], [80.45688784617751, 17.510455194574774], [80.45411781554176, 17.507681460269726], [80.45032594577015, 17.507255919109692], [80.45021914518144, 17.507303641206672], [80.44805262480574, 17.50831525852498], [80.44544366671883, 17.50962637712401], [80.44424596121573, 17.51010751242336], [80.4434754627895, 17.510416813566938], [80.44040871631154, 17.51159875154119], [80.43759383436885, 17.513237755468143], [80.4352137264239, 17.51440959606025], [80.43232244085208, 17.51552089185437], [80.42975922842228, 17.516690980221057], [80.42723416546646, 17.517872467511907], [80.42448028840766, 17.51937233288926], [80.4226190093475, 17.520703787535638], [80.42059747986308, 17.521873424619148], [80.41887334198537, 17.522314985407885], [80.4177290024268, 17.522605544617814], [80.41466968786291, 17.52284815748008], [80.41190031979808, 17.523239143962567], [80.41148071819637, 17.523298558033808], [80.40927585640124, 17.523380414025553], [80.40692610685333, 17.523793915732558], [80.40560091925745, 17.53483438969921], [80.40564697376833, 17.53616044765919], [80.40567030036765, 17.538248649024652], [80.40577758761111, 17.540517785848273], [80.40580819225262, 17.540933117658316], [80.40655075150885, 17.552903570060206], [80.40642153059389, 17.555180524381353], [80.40785694316399, 17.560403693972447], [80.40811685686133, 17.56286132917587], [80.40891848016437, 17.565448075210217], [80.40943752073309, 17.566617504634387], [80.40988786317614, 17.567623134148178], [80.4103230248208, 17.569002217306693], [80.41067421117569, 17.570129869900125], [80.41144530505544, 17.57265757643363], [80.41220101462395, 17.574585123281732], [80.41291856826113, 17.576470784537385], [80.41405597336627, 17.579489756971796], [80.41407123874028, 17.579524040369044], [80.41490336577768, 17.582044074750574], [80.41580417965156, 17.58467456110259], [80.41606373785945, 17.585438374373968], [80.41696452581198, 17.58794501548018], [80.41799510737695, 17.590901201300138], [80.41897983045102, 17.593468742082113], [80.41996452913132, 17.595914342892986], [80.4201935281582, 17.59648384109565], [80.42157500997617, 17.599209192345164], [80.4226817322839, 17.60143748724019], [80.42335364075335, 17.603946222951787], [80.42372833727936, 17.608038520216912], [80.4228591530262, 17.6107066786143], [80.42204337066663, 17.613353834180028], [80.42148684236093, 17.615322482943856], [80.42028953052983, 17.617670821613146], [80.418260944627, 17.621561248616683], [80.41737645998865, 17.624027455966655], [80.41682758232015, 17.62609517544374], [80.41596596205812, 17.62845276128232], [80.41537136709823, 17.630800598838306], [80.41515818129974, 17.632869944355313], [80.414968007914, 17.635535632394536], [80.41573919962553, 17.63853204586958], [80.41467889105232, 17.63933506340028], [80.41380165847953, 17.640002651574726], [80.41168112710449, 17.642022138260415], [80.41051401517986, 17.642857634986004], [80.38292250035107, 17.66088194330647], [80.37730808206392, 17.664552427334673], [80.39022813699587, 17.681624710190945], [80.40038560221477, 17.69504109237263], [80.40534604641664, 17.701593146978418], [80.40656707819717, 17.70320212062879], [80.40839099615793, 17.70561844446068], [80.41167251954035, 17.709948396157642], [80.41551877028401, 17.715026665219163], [80.42693541974664, 17.73010343417315], [80.42901129248875, 17.73341123498538], [80.42881209279423, 17.736042682423474], [80.43064384534217, 17.736399362999506], [80.43295833935886, 17.73690493809897], [80.43462363104443, 17.737199594885492], [80.43579500179443, 17.737508759339637], [80.43812375572249, 17.738719180671488], [80.44052311463896, 17.74014100051156], [80.44218853393946, 17.741041835011558], [80.44314824714301, 17.741463952699174], [80.4445878576592, 17.742294489914602], [80.44560406915431, 17.742956211749128], [80.44798932701426, 17.744434432532657], [80.44962654635926, 17.74544806800756], [80.4507557046287, 17.746349348256455], [80.4521389079359, 17.74737729279556], [80.45319751802013, 17.74833502011792], [80.45513123924, 17.750053267666015], [80.45607699101139, 17.751194352573805], [80.45676864395865, 17.751955024684026], [80.45716389323718, 17.7524762914727], [80.45726274891818, 17.752814541072336], [80.4607903123132, 17.757370775529974], [80.4637816169698, 17.76193203511118], [80.46644001553507, 17.763423415898533], [80.47059348223769, 17.76441569034368], [80.47341797609639, 17.765740978599222], [80.47544052499187, 17.7670661856148], [80.47924676287454, 17.767045571765074], [80.48256681408196, 17.767042813002174], [80.48671436877179, 17.766959689257042], [80.48933650572869, 17.766927631722858], [80.49332453794969, 17.766844641280446], [80.4958569576638, 17.76688237428638], [80.49585671523806, 17.765727064711996], [80.49584588831335, 17.76164365003239], [80.49584562826387, 17.76040866308625], [80.49576567699701, 17.759502408760344], [80.49581494007256, 17.756703729027475], [80.4957248076271, 17.754791566430832], [80.4956843665963, 17.7521224349555], [80.49577399927472, 17.75165426060225], [80.49621266623157, 17.751564259817417], [80.49714987655115, 17.75165311681162], [80.49744902254716, 17.751852059502], [80.49786792043552, 17.752578760770895], [80.49832667128838, 17.75317595292716], [80.49894359573096, 17.753504044465345], [80.49969988090463, 17.753660802051503], [80.50070832978776, 17.754195075526837], [80.50187439073024, 17.755012512177807], [80.50322934973836, 17.755042863800373], [80.50489936726561, 17.754852612022177], [80.50647480655394, 17.754442099956208], [80.50760911245155, 17.75409490775213], [80.50827077399745, 17.753811063411515], [80.50883793002339, 17.753653206798038], [80.5102874266056, 17.753714955774743], [80.51104383738435, 17.75446977877805], [80.51154819715157, 17.755382197562472], [80.51202115848852, 17.756829754231546], [80.51243106669997, 17.758119976350564], [80.51295281287467, 17.75832091515099], [80.51333279334244, 17.758353605436827], [80.5146131568521, 17.758443308743942], [80.51563747010577, 17.758615739328416], [80.51665355692802, 17.758953208401316], [80.51701708718554, 17.759324225846267], [80.5174302018578, 17.759802472467737], [80.5178763981468, 17.760470477317426], [80.51809958209891, 17.761212931172082], [80.51877724462304, 17.76273065293218], [80.51935571009433, 17.76390189173575], [80.51984320088313, 17.764536856287606], [80.51990106111485, 17.764718342055534], [80.52054547826191, 17.765262408308455], [80.52163591643125, 17.76564107373119], [80.52262536718985, 17.765825915631115], [80.52311597033787, 17.765825508326966], [80.52367663091914, 17.76568501770077], [80.52413213180499, 17.765404591224105], [80.52465768246746, 17.764949076532506], [80.52535843458728, 17.76442340404642], [80.52658456075206, 17.762602071958945], [80.52700490887284, 17.761796583756478], [80.52746024910958, 17.76074602529366], [80.52809083428761, 17.759835344777613], [80.52939307670381, 17.75941598041079]]]}}, {"type": "Feature", "properties": {"mandal": "Thirumalayapalem", "district": "Khammam", "state": "Telangana"}, "geometry": {"type": "Polygon", "coordinates": [[[79.976903986877, 17.40568957326406], [79.9773144090093, 17.405652468286323], [79.97965306598134, 17.405938854248653], [79.98080226917791, 17.405766484346913], [79.98211740212369, 17.405181346845563], [79.9843579239853, 17.404029101917548], [79.98670763387739, 17.40268520188025], [79.9868868483517, 17.40258269959162], [79.9889425783442, 17.401469002546595], [79.98964257506354, 17.401038860478135], [79.98964129239728, 17.40107521198314], [79.99029135119837, 17.400802654987444], [79.9903413522598, 17.400795042596073], [79.99131711989267, 17.400087502808482], [79.99238522141309, 17.39856357760343], [79.9925050028632, 17.398124567360046], [79.99251666039086, 17.398081839520827], [79.99278190160985, 17.397109691857207], [79.99302543240152, 17.39621710661525], [79.99303009589026, 17.396138485681185], [79.99318112865517, 17.393592278012413], [79.99311301676363, 17.39273525537389], [79.99310192450963, 17.391197915307576], [79.9930457862574, 17.390455343700392], [79.99303399982983, 17.39029943735969], [79.9930405110102, 17.388848544761792], [79.99310848237518, 17.388584309515927], [79.99333345034825, 17.38770974861677], [79.99375199692652, 17.386640540801487], [79.99376759945257, 17.386256727968377], [79.99384031531048, 17.384467982835435], [79.99384119591937, 17.384446331545547], [79.99385309335717, 17.384153659364998], [79.99384206828238, 17.38405830423551], [79.99379629265327, 17.38366240696495], [79.99371081969588, 17.38292317325081], [79.99359333337016, 17.381907085926038], [79.99353561363483, 17.380638349260305], [79.9934950858173, 17.379747555434832], [79.99345181444022, 17.377363706646822], [79.99338536412482, 17.3761370350308], [79.99309804518111, 17.375245824364587], [79.99299503448356, 17.374926310340395], [79.99278843544366, 17.374078421799535], [79.9927857927518, 17.374067575209136], [79.99268925221959, 17.373671378117255], [79.99253580865518, 17.37304164458806], [79.99251901991754, 17.37261005578891], [79.99250002388614, 17.372121639942183], [79.99249046218075, 17.371875790043752], [79.992439050824, 17.370553914297965], [79.99239253192489, 17.36889551544691], [79.9924084930697, 17.36738210097974], [79.99242386079864, 17.36592466188557], [79.99245051854402, 17.365815127681923], [79.99282701822942, 17.36426811581038], [79.99390628665643, 17.364136880907047], [79.99459916428734, 17.363967928033748], [79.99460031699296, 17.36396790024164], [79.99586962608326, 17.363658850572758], [79.99749695364035, 17.363126997496266], [79.99753937364595, 17.36311313354923], [79.99790517487317, 17.362993578174937], [79.99950626113916, 17.362948338518162], [80.00135984985222, 17.362748673922844], [80.00366624168186, 17.361842638171215], [80.00425924206348, 17.361693173489797], [80.00592030745258, 17.361274495376843], [80.00656649096803, 17.360869896995254], [80.007611250409, 17.360528698714997], [80.00884828967305, 17.36032422638233], [80.01058074703559, 17.360160744584885], [80.01151689353003, 17.359974532044948], [80.01243460142118, 17.359891887652445], [80.01346075316245, 17.359688761276644], [80.0144327990185, 17.359519955950198], [80.01598190710762, 17.35911910989564], [80.01688390083615, 17.35840707478573], [80.01764219103343, 17.35775375982153], [80.02077847378285, 17.35624630402227], [80.02201557725935, 17.35564501991439], [80.0223646404744, 17.355475357926224], [80.02434538605564, 17.35496508590988], [80.02584536855207, 17.3548522249298], [80.0262791939017, 17.354819581074537], [80.02762015568872, 17.354683559177072], [80.02990546437871, 17.354451725379366], [80.02993295003188, 17.354452554148512], [80.03188373523346, 17.354511381326404], [80.03318886582339, 17.354567706654624], [80.0345272814913, 17.354625460088666], [80.03586315477709, 17.354489739740487], [80.03701176639129, 17.354373038337823], [80.03779850143023, 17.354311573198206], [80.03911303416382, 17.353939212543494], [80.03914225873974, 17.353927683008997], [80.04001241754473, 17.353584407043176], [80.04085497403833, 17.353252015256412], [80.04305723569612, 17.352536089333565], [80.04392605087145, 17.35234828669071], [80.04779553060617, 17.35174092140104], [80.04801226177325, 17.351258313406856], [80.04897507309181, 17.349258147986006], [80.05045925968533, 17.347035651460974], [80.05112777632674, 17.34631275830659], [80.05162479272852, 17.346405669448895], [80.0526345632794, 17.34659443084728], [80.05333818916182, 17.346753131612445], [80.05351084067048, 17.346646783197027], [80.05425783708027, 17.34618665281993], [80.0546507972094, 17.345870809535313], [80.05658184062017, 17.345789289412153], [80.05711947623914, 17.345731277712197], [80.05714885554144, 17.34585581600909], [80.05743760896152, 17.347079808634458], [80.05756199386134, 17.347443032039276], [80.05791970849918, 17.347811001206377], [80.05877128089863, 17.348136636910652], [80.05881451901394, 17.34815317052583], [80.05987754170903, 17.34814671402306], [80.0599077714635, 17.348155900277963], [80.06024008199037, 17.346557359766216], [80.06024449378866, 17.345437270995976], [80.06007675667063, 17.344109241202865], [80.05965824126605, 17.340581737734684], [80.05953767731661, 17.33825819744858], [80.05928608837293, 17.336266144544055], [80.05920271725132, 17.3354776718021], [80.05886874914907, 17.332448232985016], [80.05824277117667, 17.326721352457852], [80.05720408502467, 17.326967149028818], [80.056165397217, 17.32721294051504], [80.05486826657192, 17.327209034015784], [80.05509563855246, 17.324388698266638], [80.05540848990343, 17.321817529626113], [80.05572379813783, 17.318624080359758], [80.05594523409866, 17.317297203171908], [80.05603712509411, 17.315928449442318], [80.05574466606419, 17.313355448571926], [80.05518886452295, 17.31177731267806], [80.05463027423565, 17.31090442619435], [80.05385469589723, 17.310238311813993], [80.0521723680136, 17.309279049861914], [80.05096413861344, 17.30869458511413], [80.049885946868, 17.30802753740486], [80.04898351321667, 17.30665575783929], [80.04761001456768, 17.3041624164328], [80.0462345540914, 17.30216689038119], [80.0451592457012, 17.300794562362107], [80.04395492441861, 17.29925588900005], [80.04418058562483, 17.2968918727728], [80.04440874291133, 17.293905570310482], [80.04471685309444, 17.29253746972105], [80.04515498212852, 17.291086794254714], [80.0455527053056, 17.2889307268637], [80.04590436149587, 17.287479782527644], [80.04629924196736, 17.28602896962259], [80.04699405658053, 17.285242851290263], [80.04794740470545, 17.284664950335657], [80.04770145952568, 17.283761887297747], [80.04712973480423, 17.282598526098024], [80.04644318730942, 17.281324180775883], [80.04564048847033, 17.28027073818104], [80.04478038410268, 17.27916180193938], [80.04357447427763, 17.278051800017916], [80.04248295887228, 17.277163404104734], [80.04144574128372, 17.277104898573885], [80.04017731273777, 17.277211620709085], [80.03902214068202, 17.277816522628044], [80.03844578313436, 17.277814740465793], [80.03729441409574, 17.27747928576051], [80.03579678595075, 17.277253379345957], [80.03452497850301, 17.27818978699324], [80.0335442678739, 17.27840799454889], [80.03250682163704, 17.278404759947062], [80.03141286929667, 17.27812476703703], [80.03020500523768, 17.277512520717167], [80.02928419407691, 17.277177744107835], [80.02807430102756, 17.277063316382804], [80.02686418211528, 17.27700419622018], [80.02530802404539, 17.276999294079527], [80.02346391678235, 17.276938154143245], [80.02162003941217, 17.276821683807274], [80.01966364364708, 17.276041055456425], [80.01862758671119, 17.275705865622786], [80.01701817269095, 17.27464974151287], [80.01627191193023, 17.273928257482655], [80.0155231234964, 17.273815231995616], [80.01413897085664, 17.274032059936882], [80.01379154819544, 17.2744181531165], [80.0129805028398, 17.2754112258228], [80.01194122195933, 17.27585040761498], [80.01032651037151, 17.276066468262552], [80.00755816077732, 17.27650004631207], [80.0049046024408, 17.277044592991686], [80.00155729355555, 17.278084678601687], [79.99896156754907, 17.27857402398044], [79.99596001884028, 17.27961515420922], [79.99468965978728, 17.280164121927456], [79.99508744773695, 17.281492998515372], [79.99669397267907, 17.28321305840391], [79.99697980325827, 17.28376715009563], [79.99674595402547, 17.284540793681515], [79.99472462042083, 17.285474494862612], [79.99397367160807, 17.28585922384807], [79.99108738179764, 17.285192809061563], [79.98888451808588, 17.284770632097455], [79.9863372690579, 17.284015393192746], [79.98461047434651, 17.283470301082346], [79.98219078514087, 17.283213274835074], [79.98072337639364, 17.28266902164421], [79.97869545970289, 17.281790976702815], [79.97675727340274, 17.280166459418325], [79.97537835013351, 17.279166116298104], [79.97460534229695, 17.278001874657424], [79.9741797894163, 17.276465430179325], [79.97323534798815, 17.27496870745865], [79.97233323688488, 17.27367955627565], [79.97186211993873, 17.27268227502841], [79.97139683469926, 17.270357440418383], [79.97058284717714, 17.26869519997857], [79.97023960143166, 17.26811321534191], [79.96903241553478, 17.267403818746175], [79.96752339966882, 17.266527434922615], [79.9667895021525, 17.266317486405317], [79.9662277705931, 17.26627407212187], [79.96588179327712, 17.26631437162115], [79.96574589020202, 17.267724452545533], [79.96547829353416, 17.269590432942827], [79.96546674502655, 17.272204049352144], [79.9653257006692, 17.274775732451964], [79.96514637703585, 17.276227145060798], [79.96508499406639, 17.280334096852993], [79.96486335373513, 17.281577928525497], [79.96399329312543, 17.282819528489586], [79.96269167617803, 17.283893690947778], [79.96139170158614, 17.284594473745365], [79.96004738396024, 17.28554401272973], [79.95913423056473, 17.28674395619182], [79.95813386933614, 17.288109536883653], [79.95760957187296, 17.289352306912118], [79.955922517722, 17.289595361411397], [79.95397608357895, 17.28983749758314], [79.95220293355773, 17.289997249166497], [79.94969450786478, 17.29023737985694], [79.94761893198982, 17.29035454608403], [79.94675209440992, 17.29084932997925], [79.94592810795547, 17.291427233617057], [79.9451054297271, 17.291714734932054], [79.94428387548489, 17.291753320002663], [79.9433760495556, 17.29175010935938], [79.94203856265315, 17.291164564204752], [79.94126400833665, 17.29037357760234], [79.9407040991804, 17.289915241119513], [79.93884466896873, 17.290033088744345], [79.93607779640797, 17.29006470823674], [79.93387347657854, 17.28997384853837], [79.93158193698109, 17.29004859856827], [79.93076038799381, 17.290087130620467], [79.93085199426558, 17.28896732975383], [79.93111689621495, 17.287765178625243], [79.93138255641014, 17.286397083318064], [79.93186340342153, 17.285237192361265], [79.93195481067258, 17.284158873953384], [79.93183122002125, 17.282830864381406], [79.93110092046535, 17.281832564530582], [79.92980561936089, 17.28149601137442], [79.92842310304333, 17.281325080332067], [79.92729937898453, 17.281279535513814], [79.92626402703405, 17.28081943978196], [79.92552436798452, 17.281853924101767], [79.92391803121993, 17.283341610941566], [79.92205230014027, 17.284828341849853], [79.91970890451239, 17.286769662737626], [79.91836398311465, 17.287801909852128], [79.91550021198863, 17.2900731695448], [79.91376482059832, 17.291394357286755], [79.9125059068601, 17.292509854082567], [79.9105552972055, 17.293622790089863], [79.91022057016599, 17.291256835441867], [79.909801929217, 17.288351244489597], [79.90967809611159, 17.287106195487056], [79.90877693215795, 17.285692325387846], [79.90800409749185, 17.28456933043055], [79.90666970015025, 17.28336127596706], [79.90520426360557, 17.28244313068692], [79.90227067812427, 17.28118760983008], [79.9008029155843, 17.28076726320979], [79.8982138168867, 17.279803378344983], [79.89618392297214, 17.27942237704959], [79.89488750867852, 17.279334525346385], [79.89376062908698, 17.27995257612979], [79.89233154863143, 17.280486505440095], [79.89068652302248, 17.280978122259786], [79.8880444613773, 17.282046751796592], [79.88475034653084, 17.283859619516296], [79.8823659762904, 17.28526105203355], [79.8816290852103, 17.28567309654066], [79.87959493259487, 17.286163136093656], [79.87842655229949, 17.286407567954186], [79.8766541805597, 17.286400748875447], [79.87557488227657, 17.28610618358061], [79.87588314507435, 17.284945752369907], [79.87649662610114, 17.283247171334114], [79.87663196788957, 17.28208607101356], [79.8764663336494, 17.280591919305554], [79.87569774860417, 17.278639088855126], [79.87505602504137, 17.27726755671227], [79.87436824847221, 17.276476655851475], [79.8738509500963, 17.27618425168212], [79.87402871785366, 17.275189259511315], [79.87416406866765, 17.274028156921656], [79.87430205118636, 17.272327737328148], [79.8743109632173, 17.270502358041547], [79.87410051032921, 17.2693399171645], [79.87363132137432, 17.268052015683725], [79.87298822643616, 17.26697087290283], [79.87243538296848, 17.266471308085613], [79.87223788967093, 17.266564944388772], [79.87188437682828, 17.266693556551203], [79.87169439598878, 17.266692661906074], [79.87142550707442, 17.26619633415208], [79.87052822969268, 17.266504775541172], [79.87004687883763, 17.26509548771361], [79.8690713699893, 17.264778213246224], [79.86899783488123, 17.263240569757563], [79.86885863628777, 17.263158938000398], [79.86769890366541, 17.26247881739928], [79.86736977018977, 17.26315471236813], [79.86725975734619, 17.263227868678733], [79.86682507875237, 17.263516918756036], [79.86600920564773, 17.26382572575015], [79.86281132365775, 17.26569181064448], [79.86052484536205, 17.266957676732222], [79.85761127255647, 17.268767677726814], [79.85266841578711, 17.271804824059608], [79.85245392269454, 17.271936614666334], [79.84943188929907, 17.273693885685056], [79.84758035146288, 17.274805358726166], [79.84488405271253, 17.27653806797223], [79.84414792830468, 17.27715984196376], [79.8441394700099, 17.27734645964093], [79.8441172295865, 17.27783714397808], [79.84399646155384, 17.277862294829546], [79.83992149779418, 17.27871089953071], [79.8394341629408, 17.278474044777752], [79.83905510573015, 17.278289810770875], [79.83845808690383, 17.278260839815893], [79.8376432443218, 17.27836110342867], [79.837672314247, 17.27799646345971], [79.83648130694408, 17.277365324873838], [79.83610339060405, 17.276972653431628], [79.83597013617573, 17.276502993068426], [79.83567885954284, 17.275120624530604], [79.83541693480741, 17.275186043651043], [79.83393936849403, 17.27555507693448], [79.83263284910052, 17.271804561645546], [79.83262637511241, 17.27178597746072], [79.83216413854385, 17.271940058810127], [79.83124751092248, 17.270763059457238], [79.83070771279449, 17.27018719045809], [79.82961621590587, 17.27127616817714], [79.82907184815181, 17.271560116153847], [79.82844468974132, 17.27210421135098], [79.82823281713421, 17.27230551538776], [79.82809002681898, 17.272441183171058], [79.82773480761537, 17.272882384211613], [79.82746157986539, 17.27321977508564], [79.82667648534313, 17.274048214731486], [79.82602958328154, 17.274730824370177], [79.82545749841957, 17.275118835295395], [79.82504759426638, 17.275637940897113], [79.82498780080574, 17.27573591757773], [79.824746374983, 17.27613151607516], [79.82444529531861, 17.276599025176555], [79.82408950345129, 17.277144442726076], [79.82370698181424, 17.277611566038818], [79.82324360978859, 17.27797405980192], [79.82264492012148, 17.2782577062604], [79.82215523577759, 17.27846374348695], [79.82163812464276, 17.278721740254497], [79.82136403981879, 17.279215442440567], [79.82119976285297, 17.27947518453383], [79.82089908767492, 17.279864525771465], [79.8192046126349, 17.280987692789438], [79.81816952684424, 17.28166000803733], [79.81778698151211, 17.282127102669335], [79.81765830568854, 17.282334625598168], [79.81751316241706, 17.282568705301742], [79.81732120555759, 17.282932515367666], [79.81731895967242, 17.282969794460048], [79.81729139457246, 17.28342742406603], [79.817369474298, 17.284053163865597], [79.81749929763293, 17.2853686471276], [79.81792910729264, 17.286204551496755], [79.81841335630055, 17.28701467661795], [79.81900466015088, 17.288111949876544], [79.81908302712907, 17.288685556081077], [79.8189989233688, 17.28918019655682], [79.81887525832798, 17.289429112950465], [79.8187793964565, 17.289622066841172], [79.81727941433094, 17.291187452972036], [79.81727562406206, 17.2911914085006], [79.81613019828625, 17.292175831768645], [79.81542160083185, 17.292693410984505], [79.81484888083502, 17.293185617698793], [79.81416464576299, 17.294224436173263], [79.81375365089941, 17.2949259009385], [79.81374053908642, 17.29500911317799], [79.81349845661032, 17.29654549031508], [79.81337441010842, 17.2967935165218], [79.81325147668127, 17.297039315497493], [79.8129506181156, 17.297454708925397], [79.81245974947714, 17.297869154409177], [79.81199687243966, 17.29812739556751], [79.8114791325236, 17.2984895915843], [79.81112326422777, 17.299034966267723], [79.80964983904272, 17.300514895892697], [79.80961692914858, 17.300547951137435], [79.80895890738682, 17.30174320553008], [79.80852048146386, 17.302496615817333], [79.80819160815201, 17.303068202131865], [79.8077275451647, 17.303534867642536], [79.8073185244046, 17.303871547683965], [79.80707236888975, 17.304209026043665], [79.80701250691978, 17.30439694982388], [79.80690663871228, 17.304729296586398], [79.80682168296168, 17.305380264500876], [79.8067064145849, 17.30555245886786], [79.80618618917195, 17.30632959655101], [79.80572186703957, 17.306848368696013], [79.80506791303225, 17.30728804229561], [79.80452241723422, 17.307754290278883], [79.80408566574263, 17.308195033700112], [79.80367588156565, 17.3086619785589], [79.80321140615662, 17.309206809925623], [79.80280176371117, 17.309647685926553], [79.802364007262, 17.310270811209758], [79.80229083535046, 17.310474905293496], [79.80172993103184, 17.312039389900217], [79.80156407273967, 17.312585701825842], [79.8016153526215, 17.313133123669346], [79.80236173483915, 17.315664252451406], [79.80340632013592, 17.318814434926082], [79.80366820049791, 17.32113362574168], [79.80374024439284, 17.321771634068206], [79.80375345978662, 17.321804941706382], [79.8039584299606, 17.322321530705466], [79.80413946371361, 17.3229243638016], [79.80583375368373, 17.323180718680856], [79.80588443447529, 17.324030743485274], [79.80759985725282, 17.32362049038271], [79.8079145437393, 17.32354521921804], [79.80878012569916, 17.323673475528533], [79.81034109747566, 17.324725796671434], [79.8106058814181, 17.324888730520925], [79.81089221964504, 17.325064909870623], [79.81191048597117, 17.32763700597785], [79.8124638343297, 17.328652519831852], [79.81279931864987, 17.329268175008874], [79.81287778488698, 17.32941217013614], [79.81406875695866, 17.330728154622296], [79.81429769092011, 17.330984529720176], [79.8146023400604, 17.331325694242338], [79.81478330659895, 17.33152835952759], [79.81520617734606, 17.33172520969965], [79.81762281473952, 17.332397744020952], [79.81857424476465, 17.332662503121306], [79.81864244034416, 17.332682914194287], [79.82058143925582, 17.33326324416642], [79.82130603677444, 17.33346844895242], [79.82133118959807, 17.33347557418461], [79.82138111641429, 17.333489714254522], [79.82171866060085, 17.333585306760796], [79.82214406161957, 17.333705778864683], [79.82321892017555, 17.333993045397563], [79.82376555426634, 17.33415536176132], [79.82391894199736, 17.334200907787327], [79.82504265963254, 17.334534607927164], [79.82594566400662, 17.33477592776836], [79.82620623435936, 17.33484556139344], [79.82701324671417, 17.335061216681716], [79.8289513115158, 17.33557198273617], [79.82969961485225, 17.33569554255883], [79.83032009566341, 17.335797995094254], [79.83051772106, 17.335868453318607], [79.83116655799361, 17.336099754387963], [79.83245878831686, 17.335385543472693], [79.8331868680547, 17.334953429026093], [79.83489682358976, 17.333878045127726], [79.83744866107364, 17.332433741831032], [79.83821027075656, 17.33199294642838], [79.8391663332208, 17.331439601009368], [79.84006619051557, 17.330895729924507], [79.84161976133409, 17.330088741122214], [79.84333738714035, 17.329094575612448], [79.84350350616245, 17.329341275910206], [79.84403306284526, 17.330163094879026], [79.84417572415512, 17.330423136620023], [79.84454999854565, 17.331105426828366], [79.84482277662192, 17.331615503448813], [79.8449699111053, 17.331890660213176], [79.84548949668692, 17.33233176340814], [79.8462946257539, 17.332742709113386], [79.8467907379133, 17.332995930964866], [79.84752207047711, 17.333485043631157], [79.84856296530444, 17.334038299976225], [79.84858221485206, 17.33404977293608], [79.84927833500474, 17.334464659905823], [79.84951215345531, 17.33451767128937], [79.84956313072139, 17.33452922900608], [79.84980003384294, 17.334582939446733], [79.85033718505403, 17.334704723704096], [79.85121834298154, 17.33461496231603], [79.85232880225628, 17.334338349644653], [79.85368606420714, 17.33377630095112], [79.85413739132872, 17.33357860869161], [79.85541342838648, 17.333019667429156], [79.85551285162238, 17.3332917752187], [79.85552502019785, 17.333325078045707], [79.85606405203602, 17.334246592115306], [79.85710910551443, 17.334000966646016], [79.85805011036919, 17.33366411317503], [79.85892276946872, 17.333351741051924], [79.8591427744811, 17.333296508962857], [79.85917654317352, 17.333338301651494], [79.8594866436611, 17.333210180357092], [79.86078332911907, 17.332920391057307], [79.86191727934606, 17.332800865881033], [79.86284656917056, 17.33273391278133], [79.86388772141898, 17.332596087867365], [79.86464979514136, 17.33252833257879], [79.86540975548834, 17.33245234744312], [79.86567217881418, 17.332426111489273], [79.86652606562987, 17.332572906639612], [79.86741867908638, 17.332416528397744], [79.8682801517333, 17.33225778565418], [79.86864605578621, 17.332190356994655], [79.86926023860354, 17.331979120483368], [79.86974508937793, 17.331787347888515], [79.87039572369737, 17.331556199772862], [79.8712522532291, 17.331185516546945], [79.87199758144033, 17.330760759153343], [79.87277905145307, 17.33053246473345], [79.87318610160335, 17.33043674895057], [79.87359751190928, 17.33034001025135], [79.87366661233446, 17.33044804454588], [79.87368913607175, 17.330483273189735], [79.87378874898401, 17.33045090529395], [79.8745815392223, 17.330469555238178], [79.87545127466302, 17.330504572365726], [79.87554097875193, 17.33050818335571], [79.87558459392531, 17.33050993963097], [79.87554462346046, 17.330929086369323], [79.87532945563596, 17.333185403318687], [79.87541346777793, 17.334934557350802], [79.87546050190447, 17.336647835156374], [79.87596166772792, 17.33673940298967], [79.87622077329962, 17.336936904430306], [79.87706789490265, 17.338421950160313], [79.87785811202318, 17.340138712479497], [79.87810560766859, 17.340725842981918], [79.87857412822333, 17.34183727521301], [79.87899657347944, 17.342802837589982], [79.87907722938566, 17.343149499802546], [79.87914204422206, 17.343428074415353], [79.8791235865549, 17.343794652820414], [79.87905940245957, 17.345069361739622], [79.87903803637695, 17.346487158425916], [79.87903143101639, 17.346925042394457], [79.87907927250185, 17.34898177188113], [79.87909245374718, 17.34954841919488], [79.87910700349774, 17.35062442736002], [79.87911949696579, 17.35154710486414], [79.87902158680134, 17.352556640518785], [79.87900186673501, 17.352759972245966], [79.8789644170432, 17.3531915329649], [79.8789229271533, 17.353669656893484], [79.87940388701372, 17.353893744059985], [79.8798127159231, 17.354084222808666], [79.88029436972502, 17.354371978447972], [79.88088363301858, 17.355427544516157], [79.88106198572753, 17.355746357214052], [79.88151254695005, 17.356551791058664], [79.88180438683958, 17.357073505562038], [79.88321707052967, 17.356973014675294], [79.88407620450144, 17.35610264157059], [79.88470915966624, 17.355806771052286], [79.88542722593138, 17.35539350558325], [79.8864853159481, 17.35478102988885], [79.88757541290938, 17.354358647285874], [79.8885112504807, 17.354016929629168], [79.88957027797983, 17.354304553380125], [79.88991660860697, 17.35427449521977], [79.89062858894239, 17.35364456427594], [79.89128559796498, 17.353181869103732], [79.8913223705622, 17.353210048349148], [79.89229194577845, 17.353953025598337], [79.89312859194354, 17.35476424265676], [79.89343959528436, 17.355030844451537], [79.89426117610331, 17.355735123468037], [79.89463740314878, 17.35612054501377], [79.89513041442402, 17.35662561923969], [79.89547318126633, 17.357103125343446], [79.89576887513965, 17.35751506090253], [79.89649063468693, 17.358230752023772], [79.8968353149721, 17.358533118211625], [79.89682830618071, 17.359941523300314], [79.89682720089816, 17.360163626084738], [79.896345361436, 17.360921277005065], [79.89618405259567, 17.36121654825968], [79.89611244251878, 17.36134762633273], [79.89612592982634, 17.361949249268463], [79.89635261919865, 17.362773468547672], [79.89643047902655, 17.363691999088843], [79.896475678782, 17.364547053218658], [79.89669936599404, 17.365039028643857], [79.8968507380747, 17.36537196203859], [79.8974236891594, 17.366181944024824], [79.89781538715857, 17.36697524529211], [79.89825576735215, 17.367927098518066], [79.8985155090776, 17.36873564114768], [79.89879199044044, 17.369496767410023], [79.8992054380198, 17.370839069242987], [79.8992949287166, 17.371129607373117], [79.89932672149655, 17.37132756232259], [79.89938861645962, 17.371712939794023], [79.8994068745123, 17.37182665745551], [79.89998974090206, 17.372075101709285], [79.9008710140133, 17.37245073528242], [79.90180880713349, 17.372834956795792], [79.90197690947778, 17.37295626584166], [79.9021164562522, 17.37305698023932], [79.90251517725079, 17.373344747474242], [79.90279155955805, 17.373863234324354], [79.90298187158648, 17.374220264345666], [79.90298888155824, 17.37423341522593], [79.9029926445476, 17.374262369412207], [79.90310004059752, 17.37508876371677], [79.90312851499685, 17.375331003787807], [79.90313240077076, 17.37536408281699], [79.90319496430932, 17.375896550952206], [79.90326542007043, 17.375909729721982], [79.90449618184354, 17.376139917969592], [79.90541858885948, 17.376302425847598], [79.90615982314793, 17.37643244846045], [79.9069206663544, 17.375929333602144], [79.90703932462063, 17.375855156733145], [79.90766561887907, 17.375463561823125], [79.90839338333107, 17.375312450177915], [79.9088364203873, 17.374951442579807], [79.90921506368322, 17.375354004922034], [79.91025592770399, 17.37489964331182], [79.91091690093229, 17.37458601754706], [79.91235464093329, 17.37388014967167], [79.91331695487303, 17.373579784228447], [79.91415436260635, 17.37331838088441], [79.91490947900563, 17.373260530967617], [79.91532530546145, 17.373228671185842], [79.9169909501522, 17.37310951109712], [79.91817853135424, 17.37298821975331], [79.91911890622671, 17.372849962710276], [79.92019091453426, 17.372759782608895], [79.92198829995785, 17.37267284142698], [79.92292843588989, 17.37258205793457], [79.92320549241586, 17.372572961404586], [79.92439319656285, 17.372533980984066], [79.92462675108102, 17.372526314449896], [79.92528279397062, 17.372495187821407], [79.92645708248335, 17.37243948338806], [79.92828674956124, 17.372495108834475], [79.92893605176654, 17.37245777311061], [79.9293091653575, 17.37243631784747], [79.93016647092415, 17.372424295151347], [79.93013671126589, 17.372008678379466], [79.93008482806468, 17.371284085526455], [79.92983283553346, 17.36761956106851], [79.92974793136818, 17.367173391783947], [79.92987374270245, 17.36709706077479], [79.93082623281192, 17.36651917068998], [79.9311447421993, 17.36631587033056], [79.931720051934, 17.367349296254424], [79.93220794857838, 17.36846591837915], [79.9325517081924, 17.36938687273742], [79.93402488434488, 17.370758594394406], [79.93532399696679, 17.372129551258965], [79.93665252680343, 17.373417017907475], [79.93705568038934, 17.374059613972896], [79.93715530786872, 17.374571892140274], [79.93768169011686, 17.37792990859669], [79.93809423373197, 17.37807808708608], [79.9386445556999, 17.378769604427283], [79.93890500468939, 17.379080945372472], [79.93925621289348, 17.379500779450556], [79.93965000548553, 17.380188782578763], [79.93976460870377, 17.380388994596466], [79.9402111112118, 17.381355712326556], [79.94036961009765, 17.3818889979827], [79.94039275035291, 17.38196685499236], [79.94004192158573, 17.383016857792327], [79.93964390495508, 17.384208077064763], [79.93917381282269, 17.386004703029073], [79.93893379619297, 17.386922000115984], [79.93843277811702, 17.388790217769646], [79.9382373478204, 17.38943008693442], [79.93776618598923, 17.390972727167487], [79.93767427772904, 17.39130678391983], [79.93718642838573, 17.39308002402735], [79.93718188549923, 17.39309653546074], [79.9370884225675, 17.393597469637463], [79.93705323261236, 17.3937860769375], [79.93686621063307, 17.39478837020157], [79.9377001762739, 17.39481310376346], [79.93842448120114, 17.394834583526936], [79.9395359758146, 17.39488013209801], [79.940577217801, 17.39492280070902], [79.94149768981174, 17.39496417677503], [79.94191690799428, 17.394983017268846], [79.94261149628392, 17.39501423793638], [79.94348849917384, 17.395053660141883], [79.94481832580931, 17.395135341806217], [79.94555903351446, 17.395180834081163], [79.94644059403713, 17.39522406092667], [79.9467394854282, 17.395240774519547], [79.94836785383046, 17.395331819485627], [79.94949524303082, 17.395394847050277], [79.95022643412234, 17.395460910306962], [79.95060691340088, 17.39549529317473], [79.95064831820085, 17.395499032715016], [79.95224192948265, 17.395643009048914], [79.95406667521718, 17.39570997917019], [79.95505797216083, 17.39577375114159], [79.95537868900607, 17.39579439434998], [79.95597646388445, 17.3958271720686], [79.95617961271503, 17.395838320839065], [79.9565472668394, 17.395858489108523], [79.95681575435951, 17.39586722501137], [79.95724436483006, 17.395881186546678], [79.95774877336456, 17.395984812670036], [79.95900624316836, 17.396243155320985], [79.96001579396344, 17.396515219131487], [79.96019412108893, 17.396563262805905], [79.96033878989087, 17.396617592906033], [79.96113772094283, 17.39691760381806], [79.96252778576117, 17.397439573557715], [79.96288735351945, 17.3976049873518], [79.96369417886113, 17.39797615276784], [79.96448841719082, 17.39817470280516], [79.96527181049123, 17.39837054691561], [79.96641841007629, 17.39865717788637], [79.96788602775777, 17.39896454490473], [79.96824173423659, 17.399039026877595], [79.97016770534599, 17.399401601461904], [79.97027724469349, 17.402335663638752], [79.97047387214094, 17.4041675359031], [79.97053680549648, 17.404883086822792], [79.97055065757175, 17.405040588262384], [79.97060174142518, 17.405621410225702], [79.9706887617873, 17.406491685053666], [79.97128356505095, 17.406474513718948], [79.97296767593147, 17.40593036792463], [79.97522390042788, 17.405841455555596], [79.976903986877, 17.40568957326406]]]}}, {"type": "Feature", "properties": {"mandal": "Vemsoor", "district": "Khammam", "state": "Telangana"}, "geometry": {"type": "Polygon", "coordinates": [[[80.75933208472067, 17.176144346890666], [80.76016769076865, 17.17593356154437], [80.76116247472713, 17.17600149988235], [80.7620861010617, 17.17634239198039], [80.76322280609234, 17.17695615202787], [80.76414678206099, 17.176341755646693], [80.76613673674377, 17.175385840257274], [80.76862426703391, 17.173849748605154], [80.77025880196047, 17.173166851149595], [80.77303036966482, 17.172040015153545], [80.77494902650095, 17.17159579988275], [80.77654779231642, 17.171595211249013], [80.77960337262513, 17.17101405905985], [80.78145093014848, 17.170638047337796], [80.78376043148933, 17.169920659379322], [80.78653182643828, 17.168998349808867], [80.78813066719303, 17.16858826709775], [80.79090195468413, 17.16797295562602], [80.79154150102951, 17.167733852801792], [80.79229643638735, 17.166301223228643], [80.79310196759917, 17.165118128968494], [80.79409703919339, 17.163571028047066], [80.79537628934058, 17.16211476950442], [80.79603961765756, 17.161250156523657], [80.7977452344516, 17.159338786096917], [80.79916654756154, 17.157791455192736], [80.80115623741135, 17.156289328137834], [80.80262472119226, 17.155651747834252], [80.80489850755897, 17.1545133631981], [80.80631958722414, 17.153966761645293], [80.8083091107361, 17.15301044412969], [80.81048800757809, 17.15264537759054], [80.81285641629569, 17.15177979562294], [80.8149879383301, 17.15127823799176], [80.81697735152862, 17.150776739619246], [80.81944041921108, 17.15018397091596], [80.82057720847128, 17.150001355611856], [80.8229455646275, 17.148726250412025], [80.82531388499282, 17.14754209804467], [80.82777689613623, 17.14667629187308], [80.83033462807646, 17.145219026884256], [80.83218185317622, 17.14426257270781], [80.83275023320202, 17.1432614289114], [80.83312916217936, 17.14066825054508], [80.83341335542194, 17.13825708941266], [80.83341336620586, 17.13630101000154], [80.83331864786221, 17.13516381481534], [80.83409223861256, 17.133206388388892], [80.83518451471616, 17.133128918840974], [80.83614358462836, 17.132898000488854], [80.83728913435749, 17.1324110729353], [80.8381949129476, 17.132001062777295], [80.8396068529566, 17.131283650648843], [80.84093887014176, 17.130847755607903], [80.84171143241421, 17.13046340821419], [80.84357622877472, 17.129592132244454], [80.84474835439516, 17.12859337882977], [80.84578727730455, 17.127773830156084], [80.84711921599725, 17.126698185806752], [80.84837121877081, 17.125597002419322], [80.84919699065343, 17.124751998561578], [80.85028918401781, 17.124290625597226], [80.85180757547758, 17.123496289816835], [80.8532726938661, 17.122881099833467], [80.85524394592414, 17.122214348565407], [80.85732173557349, 17.121496320995234], [80.8602785640136, 17.120470541364995], [80.86254280549232, 17.1198546741794], [80.8652066696939, 17.1195711169377], [80.8672311729991, 17.119185683868693], [80.86930343379701, 17.11860824854859], [80.86945665476797, 17.11851445575154], [80.86945697265888, 17.118514008113447], [80.87011899322758, 17.11758133976375], [80.87123876420347, 17.11594112171954], [80.87142356620768, 17.115704385742433], [80.87266475212841, 17.11411438077138], [80.87354643132352, 17.112763533988563], [80.87361520179027, 17.11265840514718], [80.87425940603478, 17.111690766449076], [80.87493005554269, 17.110454084697494], [80.87537734570722, 17.109566701790804], [80.87557248148369, 17.108706448670965], [80.87596686304526, 17.10696107173447], [80.87599566058601, 17.106817507635043], [80.87620489725765, 17.10583629751324], [80.87621665198252, 17.105776384901674], [80.87616139575509, 17.104539700472532], [80.87574291239541, 17.10328718928384], [80.87515516395506, 17.101648071786453], [80.87459622366396, 17.10038425374028], [80.8742053827451, 17.099336346104323], [80.87378633163586, 17.098503218588604], [80.87365115842194, 17.097723221231377], [80.87375930523652, 17.09702574824978], [80.874013796142, 17.096130449752263], [80.87462561968464, 17.0956014107666], [80.87507228991844, 17.095170717423745], [80.87437407822374, 17.094187242558604], [80.87381516105647, 17.093434373679724], [80.8732010033947, 17.092628372433122], [80.87289363547764, 17.09195576419876], [80.87272555942205, 17.091094373071584], [80.87222249229592, 17.090153848133056], [80.87163656448101, 17.089159058759357], [80.87118933358533, 17.088460445043037], [80.87057343400721, 17.087922347292988], [80.87026608562365, 17.08711634217381], [80.87016618653149, 17.08672068840498], [80.87004336995426, 17.08623459934762], [80.86979008616045, 17.085732680915324], [80.86962377853602, 17.085401459775557], [80.8695409559162, 17.085202167655897], [80.86928881554307, 17.084595451833156], [80.86878636647991, 17.083709177485392], [80.8685348613839, 17.0829562998165], [80.86811527393667, 17.08236506935593], [80.8679195971771, 17.081746715978174], [80.86775558732947, 17.081038375296746], [80.86774684591184, 17.08100062388754], [80.8675288554459, 17.07997191916652], [80.86820000916131, 17.079220201850163], [80.86846566000462, 17.07854081807615], [80.86853618767556, 17.07835994952246], [80.86845217728323, 17.077525685744277], [80.86889940529207, 17.0772023941391], [80.86930607478182, 17.077121013960255], [80.86984320708677, 17.07701363615616], [80.87095978321196, 17.07678757290724], [80.87205049917125, 17.076451851033184], [80.87253356451566, 17.07620881320286], [80.8728373945771, 17.07560968475516], [80.87359313471671, 17.07511003682084], [80.87518922671627, 17.074300648869126], [80.87528062335109, 17.07422754741793], [80.87563584668553, 17.073943429604984], [80.87602840256496, 17.07363029762054], [80.87664367640905, 17.073065074621432], [80.87681173664492, 17.07201715578089], [80.87681173274382, 17.071593241202166], [80.8768129000751, 17.070727324819387], [80.87681289957543, 17.070673063732563], [80.87680349441398, 17.07037123649842], [80.87679702855311, 17.070182453160903], [80.87679409025253, 17.07007280055102], [80.87679115018786, 17.069975582772514], [80.87678938659745, 17.069904365092164], [80.87678644772404, 17.069834277859567], [80.87678527220397, 17.06980940819709], [80.87659770035926, 17.069747945422314], [80.87561585550687, 17.070205067742886], [80.87456514062892, 17.070434548303993], [80.8743571119624, 17.07042098340859], [80.87389639624145, 17.070389328309844], [80.87341863872831, 17.070021932457735], [80.87279810000068, 17.06855122468253], [80.87215640338081, 17.067857126741334], [80.87203358832603, 17.067724864437178], [80.87097524782736, 17.067634410909267], [80.87040993951035, 17.067586920965194], [80.86974123522059, 17.06643837769088], [80.86940689579647, 17.065519320510475], [80.8688815577762, 17.06528982645557], [80.86792610829099, 17.0640949200142], [80.86577673155324, 17.060373420649817], [80.8640099893399, 17.05628452036078], [80.86310274658683, 17.055917076952145], [80.86221023698972, 17.05493919004758], [80.86138354244368, 17.05403365182534], [80.85910618379631, 17.051811036669232], [80.8586603436212, 17.051375973542854], [80.85853038917814, 17.05124916085157], [80.85808796963941, 17.05081729542029], [80.85675083501195, 17.048428549431684], [80.85579622711255, 17.046222960678993], [80.85537613943947, 17.045924483858585], [80.85500775585447, 17.04566331585979], [80.85379039332585, 17.04479840439218], [80.85042153268633, 17.04255183825958], [80.8502088517821, 17.042409376859606], [80.84672311638968, 17.040387696461277], [80.84558746878069, 17.03968666279934], [80.84486600138821, 17.039242150666805], [80.84486585850799, 17.039242062923556], [80.84486072892294, 17.039238902359145], [80.84467325852638, 17.03949887954255], [80.84323636117364, 17.041489394046362], [80.84156411343086, 17.045210578854714], [80.83903324599852, 17.047011956846998], [80.83788658323999, 17.047828088328924], [80.83272758293893, 17.050722202331855], [80.8297188992446, 17.051685854548893], [80.82532451872237, 17.053109236560715], [80.82303927241311, 17.053412781706864], [80.82222013106411, 17.053522232465497], [80.82051074706592, 17.053737716787207], [80.8185904041451, 17.053980262242703], [80.81813221763791, 17.054040535032815], [80.81813217908982, 17.054040540448653], [80.81795577103735, 17.05406374604883], [80.81674386027305, 17.05422214495962], [80.8164884762669, 17.054255523422103], [80.81391354908493, 17.05445036691365], [80.81285877935687, 17.054530323144213], [80.81061408146623, 17.054712787972882], [80.80798653689212, 17.055815291383862], [80.80701156875814, 17.05619368211383], [80.80574157727136, 17.056687276076122], [80.80558525361482, 17.056743747379812], [80.80383101439669, 17.057376216920822], [80.80196779655827, 17.058707248995407], [80.8011695971247, 17.059292543509695], [80.79927116528977, 17.060683765293458], [80.79814603626859, 17.061508273396118], [80.79668685118301, 17.06180617742042], [80.79585000796145, 17.06197656467027], [80.79432440784454, 17.062287993952953], [80.79195837473837, 17.062894131453497], [80.79191485934001, 17.06290527690871], [80.78715926742186, 17.064123256139457], [80.78695595243587, 17.064111867697658], [80.78375110305805, 17.063926255546114], [80.78314762382423, 17.063890952215047], [80.7814757739295, 17.063982920268217], [80.77994679444659, 17.065130771697397], [80.77817960082092, 17.065497368500598], [80.77318670354566, 17.066184607495643], [80.76733663393256, 17.066456425397952], [80.76356325993669, 17.066730310514682], [80.76132851687095, 17.067670785766826], [80.76076248044677, 17.067909005632874], [80.75931123342788, 17.068519789920813], [80.75520237812329, 17.070538743190742], [80.75324334528506, 17.071180851409707], [80.75228835502584, 17.071271868463466], [80.75114112445155, 17.072419729940787], [80.7498903758871, 17.07379334484062], [80.74989024133646, 17.073793493075055], [80.749802686665, 17.073889647309386], [80.74774813432728, 17.074945388299653], [80.74655292525215, 17.076598500396933], [80.74585139611496, 17.077271816331482], [80.7455967740391, 17.07751696647025], [80.74489590101935, 17.07718758200402], [80.74434307619671, 17.076928373236], [80.74383020141957, 17.0766884050671], [80.74321139393925, 17.077004148151424], [80.74077208838519, 17.078248762010457], [80.73851180307034, 17.079238716228087], [80.7380485732909, 17.079440767617584], [80.73699832400789, 17.078705305596404], [80.7360434800331, 17.077694074845844], [80.73485175406762, 17.077594944474466], [80.73437224336249, 17.07755506196258], [80.73164919947247, 17.078058551328986], [80.72756180594314, 17.07902341253487], [80.72400554275026, 17.07933970211814], [80.72072999675028, 17.07988674488016], [80.72033326229662, 17.079953152647775], [80.71688724538738, 17.08052940353616], [80.70962594022954, 17.081855538032823], [80.70917850209186, 17.082107276034836], [80.70800984659252, 17.081813580433487], [80.70679659254202, 17.0814486248002], [80.70514504925283, 17.08094992144131], [80.70464676197554, 17.0808726526373], [80.70442045129249, 17.080934646233143], [80.7041813860965, 17.080795410891508], [80.702185945952, 17.08131891168854], [80.70069328151578, 17.081710496296665], [80.70057678968601, 17.08174647350022], [80.69840068288113, 17.082418520498766], [80.69787530258786, 17.082581763658695], [80.69787455766416, 17.082581995456124], [80.69763570184799, 17.082213275579768], [80.69818320843503, 17.08097479742102], [80.69818571658149, 17.080969122908893], [80.69768450275002, 17.080881662353477], [80.69658562975518, 17.08143239655864], [80.69606032659505, 17.081339259818662], [80.69520500142778, 17.07950752213246], [80.69520222644195, 17.079501578214867], [80.69615799260131, 17.078629686591086], [80.6963501167699, 17.07803184691726], [80.6963472791001, 17.07797373465365], [80.69628088308679, 17.076614220609866], [80.69625650474761, 17.076110916690705], [80.69625607834006, 17.07610211067567], [80.6957680070058, 17.07644083235597], [80.69539577776924, 17.076699388715816], [80.69453732581911, 17.075274311027815], [80.69382782943099, 17.074495839269645], [80.69382779373785, 17.07449579944783], [80.69382665247677, 17.07449454685503], [80.69343304777716, 17.074062672442544], [80.6919435607238, 17.07381383040422], [80.69095876907511, 17.073679589278875], [80.69008235468148, 17.073908308574133], [80.6892266503546, 17.0739844331315], [80.68815209378819, 17.073696361000188], [80.68617381173864, 17.073314787485835], [80.68437182438839, 17.072943527465384], [80.68323135969126, 17.072761632592037], [80.68293285372668, 17.07273762417375], [80.68145272935408, 17.071955149712927], [80.68011523034788, 17.071953929078266], [80.6783961698715, 17.071538606143157], [80.67634278894108, 17.071077741651614], [80.67505503121903, 17.070111564110785], [80.67505446374784, 17.07011113853216], [80.67434068203366, 17.068918815298936], [80.67433875126393, 17.068915590366263], [80.6730531983502, 17.067561236639225], [80.67281193849597, 17.06730665829755], [80.67109198307787, 17.06781032437106], [80.67109079352396, 17.068958851057555], [80.67083434290286, 17.069549549695576], [80.67061248205951, 17.070060571536533], [80.67014173982002, 17.0700951625442], [80.66937009809496, 17.070152070775418], [80.66868191494675, 17.069566825120354], [80.66774787846447, 17.06877249027922], [80.66679295210449, 17.06821990304717], [80.66633961146988, 17.06804878053235], [80.66633948083106, 17.068048730664884], [80.66528566683232, 17.06765094162539], [80.66319807028962, 17.067924701728867], [80.65937556967351, 17.068361734892655], [80.65788272571278, 17.06857047903471], [80.6573519114671, 17.068725937629175], [80.6567143807926, 17.068668761698344], [80.6535613305776, 17.069492987535227], [80.6514107307265, 17.070363438743836], [80.6509223282173, 17.070680007143945], [80.65083264396891, 17.07073813758576], [80.64964235698955, 17.07151009947396], [80.64964964944556, 17.071621881452003], [80.64964965776801, 17.071622003548306], [80.64967643071475, 17.07203239954203], [80.64973592589679, 17.072934553989626], [80.65159222893462, 17.078724352328912], [80.65192734957358, 17.07963244449377], [80.65212713507351, 17.080174132830695], [80.65267201099644, 17.081647660811544], [80.6527733712032, 17.081921332095504], [80.65306865989714, 17.08272311893187], [80.6543373548423, 17.085844482922365], [80.65433737078305, 17.085844522730156], [80.65497398814321, 17.087410747490118], [80.65497602561605, 17.08741260983767], [80.65662375189018, 17.088919313939183], [80.6568351110696, 17.08911283469875], [80.65712384163098, 17.088961652485775], [80.65784711358008, 17.089135347882596], [80.65847709154032, 17.089174424434034], [80.65898359279899, 17.089265374636035], [80.65917573607996, 17.089299481642993], [80.66030776414733, 17.089740364831883], [80.66141982258262, 17.090174439293737], [80.66142201781255, 17.090178319331503], [80.6625642590548, 17.092196796803787], [80.6625655890087, 17.0921982532226], [80.66361385786385, 17.09334635995008], [80.66440414635807, 17.093525751478108], [80.66454509131121, 17.093625367905908], [80.66637435832494, 17.09446481888697], [80.66685965409766, 17.09461790214252], [80.66762407365836, 17.095371514895444], [80.66762543514123, 17.095374340488608], [80.66856649398228, 17.0973280745014], [80.66886382626757, 17.097945577034324], [80.66896760183141, 17.098198889101567], [80.6689678344508, 17.098199455445616], [80.66954269358051, 17.097987192950868], [80.67060839384969, 17.09768026570105], [80.6717452905146, 17.097168633304637], [80.67323713080853, 17.09689586209901], [80.67444457396273, 17.096964231278474], [80.67547449901966, 17.096964339239598], [80.67664607191143, 17.09747622830005], [80.67817236667273, 17.098534032977607], [80.68069224841433, 17.10068368567315], [80.68150827869293, 17.10174140883957], [80.68246603848407, 17.103242673493785], [80.68265284204065, 17.105061927484183], [80.68121292518332, 17.107006551711446], [80.68073241386097, 17.10833711693538], [80.6798788676233, 17.109795594045238], [80.67897187066502, 17.111458769138682], [80.67867824606307, 17.112226397888556], [80.67811797295747, 17.11332665293219], [80.67777096308133, 17.114222216974216], [80.67747749278485, 17.114785135749347], [80.67726399697058, 17.115271296692946], [80.676677827172, 17.115424770916142], [80.67491952162231, 17.115629300844915], [80.67300119075944, 17.116064094143233], [80.67126928016485, 17.116550069498658], [80.67028350113704, 17.11672906603524], [80.66975036438201, 17.11716400091394], [80.66889747313132, 17.11770124647297], [80.66817790119089, 17.118084974895204], [80.6673250666675, 17.118545448520603], [80.66631241661558, 17.118980306773704], [80.66537943636166, 17.119696643658614], [80.66436635641875, 17.120617672162616], [80.66361950404902, 17.121717855758742], [80.66316621210943, 17.122203962990753], [80.66369534704577, 17.123191727316527], [80.66451114476625, 17.12452244956486], [80.6652203051153, 17.12595550505048], [80.66571670578062, 17.126979112887437], [80.66614523023765, 17.127577974821477], [80.66686468810663, 17.127373372212343], [80.66872981870328, 17.1269898048967], [80.66992870663316, 17.126887609610883], [80.67235309793242, 17.12670878873018], [80.67411135992457, 17.12668339939835], [80.67565648126002, 17.126683561435414], [80.67690856206806, 17.126683684842167], [80.67864046648423, 17.12630001874217], [80.68021222463786, 17.12630015057944], [80.68340892144884, 17.12642832455414], [80.68492726464075, 17.126607536519643], [80.68777608576161, 17.128833867959386], [80.68878758391332, 17.129959796041835], [80.68987880861368, 17.13136719382003], [80.69105017673681, 17.132493116117107], [80.69190208924459, 17.133311964275638], [80.6928604622727, 17.13428434050567], [80.69437805490811, 17.135614956884105], [80.69539006011568, 17.136126732901637], [80.69637546452371, 17.13658732823096], [80.69712104768881, 17.13712468261156], [80.69813290785319, 17.137866740090992], [80.69898478499834, 17.138813500097477], [80.7002097074749, 17.13968348606159], [80.70135457722064, 17.140758172100167], [80.70223314111244, 17.14167932834794], [80.70335152768646, 17.142549298337933], [80.70439008136074, 17.143291323468933], [80.70564149755742, 17.144468334467025], [80.70636054331494, 17.144928892522096], [80.70731917645047, 17.145696494240024], [80.70769209021051, 17.145824417174865], [80.70891766628789, 17.145798765142914], [80.70998337052332, 17.145798704888865], [80.711688895918, 17.1451588915617], [80.71371400948587, 17.144698158417135], [80.71565917173716, 17.14426300008913], [80.7175776516557, 17.143879003636208], [80.72000225338225, 17.143622876439988], [80.72168088047498, 17.143341220804068], [80.72127450067931, 17.144490050183034], [80.72091859866828, 17.145650086903817], [80.7205986114607, 17.14612776769093], [80.7200299177973, 17.14667371011926], [80.71928388182337, 17.146742023040666], [80.7179694263542, 17.1468786247133], [80.71690361497124, 17.147049313506805], [80.71615737070876, 17.14745879164287], [80.71565981125505, 17.147834127841893], [80.71533980773133, 17.148311800339414], [80.71501942945049, 17.149403587354687], [80.71512534004614, 17.150495338590503], [80.71537330821559, 17.15165531149374], [80.71555031287356, 17.152678821166266], [80.71558532171535, 17.153531754275594], [80.71558480665121, 17.154384690355524], [80.71519326635952, 17.15564706876205], [80.71458796593038, 17.157898867196092], [80.71430303096007, 17.15909299920562], [80.7137692641404, 17.160525970747152], [80.71337769998249, 17.161788342020294], [80.71319971105194, 17.162368350190533], [80.71305716273555, 17.16308482457803], [80.71302068922489, 17.164620106662333], [80.71280683157117, 17.165745993441337], [80.7125574450064, 17.166871882271387], [80.71337396298591, 17.16786122314367], [80.71426175378777, 17.168509381931827], [80.71539840915769, 17.168884578322434], [80.71596674849285, 17.169055115144765], [80.71699658258046, 17.169839718834474], [80.71770681413888, 17.170385527490254], [80.71795526737411, 17.170794910748118], [80.71809683436315, 17.17171606206106], [80.7178830187004, 17.17280783373152], [80.71909887107547, 17.171506494252263], [80.71984508039608, 17.171301712820632], [80.72059116985749, 17.171301633003914], [80.72197643352287, 17.171881469391653], [80.72357462481594, 17.172904794759905], [80.72556368402279, 17.173859820632632], [80.72737506413259, 17.174917205237087], [80.72861805533914, 17.17587230724738], [80.73092673418067, 17.177202523403167], [80.73323568865764, 17.178055074895937], [80.73462115859911, 17.17839600762599], [80.73629100379739, 17.17846394267567], [80.73913335318957, 17.178463403241825], [80.7429705717451, 17.17836026346946], [80.7485845959326, 17.17747193932139], [80.75128491492903, 17.17723245170119], [80.75323907463161, 17.177095478096696], [80.7550867538343, 17.176685578849277], [80.75675684754016, 17.176105127428688], [80.7576451915766, 17.175797822790436], [80.75933208472067, 17.176144346890666]]]}}, {"type": "Feature", "properties": {"mandal": "Venkatapuram", "district": "Khammam", "state": "Telangana"}, "geometry": {"type": "Polygon", "coordinates": [[[80.68748992551878, 18.448219530366668], [80.68748993410564, 18.448219462600072], [80.68751572369735, 18.44801944112804], [80.68753195135056, 18.447922485841154], [80.68769190332314, 18.446966836842094], [80.68797754417409, 18.446550274593196], [80.68799236371278, 18.446524307389218], [80.68799947164102, 18.446517535258792], [80.68801902654687, 18.446490443513945], [80.68807054332055, 18.446457730868886], [80.68817655843324, 18.44636858714874], [80.68840450831681, 18.446251309313553], [80.68852648843448, 18.446175735051757], [80.68865140475708, 18.446123883356535], [80.68951879511307, 18.445677325036563], [80.68989250632255, 18.445558691377673], [80.6901930402034, 18.445463288491858], [80.69097624739749, 18.44516914280927], [80.69103722451712, 18.445143214967576], [80.69106623131265, 18.44513420327102], [80.69235677218518, 18.444648461498453], [80.69368397904486, 18.444183073286883], [80.69494945567632, 18.44391078368462], [80.69502332077064, 18.443900843088404], [80.69609232213284, 18.443756987689046], [80.69666879894913, 18.443733047339197], [80.6970522225779, 18.443717121649314], [80.69742502228493, 18.443740011261312], [80.69742511980418, 18.44374001766769], [80.69770491799362, 18.44375719816997], [80.69858249048833, 18.443796326419662], [80.69941985691375, 18.443797013585794], [80.70060284008113, 18.443777647391364], [80.70119522728464, 18.443758925536585], [80.70154265329269, 18.443700469007503], [80.7016645766216, 18.4436813648386], [80.70195057752795, 18.443487308299165], [80.7021548966129, 18.443312389188453], [80.70244164896035, 18.442935343412767], [80.70250626722336, 18.44280549440273], [80.70276098655062, 18.442516528170227], [80.7031768921869, 18.44197014778088], [80.7040100999853, 18.44077643890473], [80.70487266311308, 18.43954065282858], [80.70503575140556, 18.439136393608187], [80.70503583887123, 18.439035861313496], [80.70414610348305, 18.43871661263649], [80.70336220307422, 18.43850475569898], [80.70331546472066, 18.438493422511886], [80.70201205640768, 18.438215629474108], [80.7009333869284, 18.438089373536943], [80.69955375813302, 18.43768950822825], [80.69871320981606, 18.437309279653736], [80.6980755987479, 18.436972140995234], [80.69803740777189, 18.436669381375527], [80.69799667071, 18.436565426461225], [80.69787533412679, 18.43594292881512], [80.69772082019244, 18.434606966507094], [80.69768509839682, 18.434298101345554], [80.6975382995666, 18.43369704342224], [80.69729737187193, 18.432661365770734], [80.6971855058129, 18.432180476454576], [80.69705024212472, 18.431599002917363], [80.69671424732887, 18.430176577235315], [80.69636317077429, 18.429074940234113], [80.69633508288186, 18.428964082769458], [80.69618510929854, 18.428372188336823], [80.69618498666006, 18.428371705675236], [80.6960960804608, 18.428020812643712], [80.69599336662232, 18.427127754843134], [80.69595107832062, 18.426760072176446], [80.69603730307686, 18.425650889298456], [80.69599119316253, 18.424797332312743], [80.69598726451777, 18.424724583463195], [80.69598847185216, 18.42469747431964], [80.69596624318223, 18.42441731840263], [80.6960581709463, 18.42353970258477], [80.69612630010577, 18.423450521759722], [80.69615184112583, 18.42334436243353], [80.69631536871388, 18.423110673434586], [80.69647888531992, 18.422972500683407], [80.69650901034096, 18.42294704399108], [80.69658543238211, 18.422847702657553], [80.69707157702234, 18.42246743517424], [80.69775121195003, 18.421806327379905], [80.6978095039525, 18.421749624843425], [80.6980191724643, 18.421526138715233], [80.69828802071733, 18.42129253478695], [80.69866467262524, 18.420933634350007], [80.69911351254817, 18.420573663686504], [80.6994309167579, 18.420297172524585], [80.70150834589228, 18.419026941415552], [80.70205288723206, 18.418682954317624], [80.70247987468505, 18.418413224767978], [80.70321874126681, 18.417932611258706], [80.70354370752165, 18.417792800589478], [80.70475841751538, 18.41717136198787], [80.70515124235887, 18.416937518140596], [80.70615317592575, 18.416341081764266], [80.70615732069234, 18.416338824930495], [80.70726968531461, 18.415675495714062], [80.70803054624515, 18.415201681115896], [80.70898532126773, 18.41460710167006], [80.70935237018516, 18.414370169863055], [80.70944172672583, 18.414305323103523], [80.70964780477645, 18.414155773244676], [80.71056954501863, 18.41358490497687], [80.71184058260248, 18.412764657017725], [80.71236017218456, 18.412421867509156], [80.71273333243181, 18.412175684090073], [80.71341888955543, 18.41170628703729], [80.71438437850651, 18.411151249606053], [80.7148165453604, 18.410857876523895], [80.71524044590076, 18.410541903408305], [80.7154778175117, 18.410409917621127], [80.7157696754989, 18.410211323698775], [80.71705003747341, 18.409513046801198], [80.7177438092144, 18.40910464050189], [80.7180296500659, 18.409026907333796], [80.71835625363327, 18.409027146176385], [80.71882534117603, 18.40916417121332], [80.71996735460453, 18.409805483756326], [80.72049841748286, 18.410136840522146], [80.72060658359969, 18.410276989085656], [80.72078331400854, 18.41050642634991], [80.7211702198552, 18.41132340609987], [80.72180170555623, 18.412625157990917], [80.72183753477262, 18.412695648029306], [80.72236058001322, 18.41372465684301], [80.7225281312672, 18.41399825555212], [80.72256681628303, 18.414061423107135], [80.72267489878703, 18.414172647903303], [80.7227601434755, 18.414260370713478], [80.7229677146825, 18.41440397608583], [80.72357005976879, 18.41439762471309], [80.72378012611793, 18.414376311491015], [80.72471916664557, 18.41433856440766], [80.72600437414536, 18.414261518977302], [80.72763690468352, 18.414183575212927], [80.72836118259978, 18.41411629672048], [80.72888663921375, 18.414066952165506], [80.72913059328536, 18.4140195775142], [80.73024298490063, 18.413803545972495], [80.73082709477416, 18.41364918534004], [80.73116799804612, 18.413525157472673], [80.73227010253908, 18.413000631090704], [80.73334011752442, 18.412659071931113], [80.73346735007586, 18.41263091504686], [80.73378811468791, 18.412531721730307], [80.7342680708263, 18.412396317177457], [80.73473085832784, 18.41226575578018], [80.73450380887913, 18.410648032184902], [80.73441121307008, 18.409988270434596], [80.7342032663393, 18.40871845962973], [80.73411278005757, 18.407842958274067], [80.73383735174808, 18.406622803313027], [80.73368387400376, 18.406131323919812], [80.7334760934503, 18.405654580932225], [80.73325740100029, 18.40515280460657], [80.73303925627538, 18.403926046406355], [80.73300166496436, 18.40371464574861], [80.73283150877228, 18.402571368734264], [80.73234297437662, 18.40128200392873], [80.73233960892965, 18.401273122053976], [80.73149905546832, 18.400076474761075], [80.73120601191407, 18.399659281225233], [80.73001411765142, 18.398497236997457], [80.7297772908946, 18.398242139524854], [80.72919771681703, 18.397617845821266], [80.72815290271986, 18.396804940020218], [80.727700493421, 18.396548207400034], [80.72725873226383, 18.396295999567823], [80.72651826153655, 18.395958863961273], [80.72556983268117, 18.39534361253209], [80.7254479355955, 18.395264535838013], [80.72370362857748, 18.393964255259412], [80.72303193502756, 18.39345545294508], [80.72234072489873, 18.39294211596573], [80.72145319280585, 18.392310026229467], [80.72103278238913, 18.392013764047224], [80.72086547197479, 18.391863405583198], [80.7203498876417, 18.391472186505677], [80.72023778453101, 18.391373050756545], [80.71979888450544, 18.39098492286506], [80.71976816431362, 18.39092954931677], [80.71960438305113, 18.390807431862502], [80.71958747343326, 18.39070713567164], [80.71951429064552, 18.390273055904707], [80.71954135013107, 18.389724080519322], [80.71961882739679, 18.389536791519877], [80.71977726591008, 18.389153794336636], [80.7204850195917, 18.388172665366422], [80.72071537968282, 18.387888165857788], [80.72078171211541, 18.387796714265065], [80.72110635595713, 18.387236656194844], [80.72127473939452, 18.38677024224417], [80.72141471791609, 18.38631284643878], [80.72168628067932, 18.385538118646277], [80.72220055879237, 18.384556842911362], [80.72230480379685, 18.384398770718615], [80.72239427285982, 18.38422374267194], [80.72254172347645, 18.384039717905303], [80.72267262061298, 18.383842127563657], [80.72279576426727, 18.383724733156424], [80.72286386382528, 18.383640059637347], [80.7231048068226, 18.383430121160465], [80.72346535573226, 18.383085839749185], [80.72484098194704, 18.382097256483778], [80.72560206669655, 18.38170806624381], [80.72641589691071, 18.381191263734145], [80.72721619319667, 18.380572780343254], [80.72739614058877, 18.380433961042623], [80.72815863800217, 18.3797239487915], [80.72874005750658, 18.37907819882642], [80.72915237218875, 18.378310332042865], [80.72933669318012, 18.37779012652104], [80.72961655427817, 18.377000275832046], [80.7299758659398, 18.37590025875819], [80.73000648824886, 18.3754516747891], [80.73002490788049, 18.37518184712744], [80.72991778127191, 18.374952624736203], [80.72957602866207, 18.374221355628983], [80.72844177499888, 18.37293393000298], [80.728145942072, 18.372526715906808], [80.72771431510219, 18.371932576403037], [80.72705129439115, 18.370992262568922], [80.72677400675389, 18.370011547069577], [80.72666789727076, 18.368744021137502], [80.72676704681176, 18.368236357384177], [80.726839520881, 18.367865282554686], [80.72726875069532, 18.366610550240264], [80.72777092600437, 18.36510169692653], [80.72806285722346, 18.363913514943906], [80.72855725591782, 18.362502929435426], [80.72866901577362, 18.362235013825675], [80.72913621912218, 18.361114993548334], [80.72962946531392, 18.359643401918973], [80.72999408627749, 18.35851965068125], [80.73029671672057, 18.357229799744523], [80.73095330905178, 18.35561258638529], [80.73121780958121, 18.35467967403345], [80.73160416275536, 18.353740064358806], [80.73190504632962, 18.35319577311093], [80.73193645144774, 18.353120108394027], [80.73198145120854, 18.353058006738777], [80.73201106606311, 18.353003803267036], [80.73260105295988, 18.351838396973402], [80.73342632815367, 18.35083920159697], [80.73396332295754, 18.350136911598174], [80.73446901189347, 18.349369079456874], [80.7352167868294, 18.34836304571207], [80.73526948511947, 18.348285133908554], [80.73574083454898, 18.34755003533033], [80.7360771291942, 18.34708596519248], [80.73621153841485, 18.34688610321256], [80.7370279793585, 18.345777308812693], [80.73727362336128, 18.34552329311325], [80.73743405541788, 18.3453234477597], [80.73787865415194, 18.344863036730754], [80.73841958374697, 18.344302867652463], [80.73923402451825, 18.3434855125079], [80.740069779554, 18.34262749946302], [80.7405373627423, 18.34216237269047], [80.74070312297121, 18.34194784216077], [80.74151994787687, 18.3410739944792], [80.74219364651705, 18.340178591828064], [80.74255955597947, 18.339611729034576], [80.74294093976745, 18.338899147569606], [80.74362730847655, 18.337611752715848], [80.74390648702742, 18.33671384179948], [80.74423002944019, 18.335804658540532], [80.74424406246983, 18.335755131743767], [80.74427049413389, 18.335661851089444], [80.74427441169041, 18.335648025474296], [80.74427824577373, 18.335634493520953], [80.74432291536104, 18.335476844805367], [80.74437468482955, 18.335294138988488], [80.74448204533093, 18.33485835139556], [80.7445282865913, 18.33467065710212], [80.74536497634307, 18.33231129064026], [80.74553889305588, 18.331702782987126], [80.74562225762308, 18.33141109959626], [80.74573233711348, 18.33124794606094], [80.74615862485754, 18.33061613575293], [80.74666055554022, 18.330017712043603], [80.74697489611876, 18.329839438412705], [80.7469948400468, 18.32982812741735], [80.74709424817435, 18.32975588879098], [80.74731199965339, 18.329596734247446], [80.74740552787704, 18.329471396557402], [80.74749850433703, 18.329285056286896], [80.74758082013025, 18.329121303023754], [80.74759211107319, 18.32903884468861], [80.74755706551272, 18.32564190011631], [80.74755754720901, 18.325551841027103], [80.74756649126319, 18.32388413274137], [80.74753947401967, 18.322688919222625], [80.74757674462033, 18.321763736531643], [80.74757878907921, 18.321349147261117], [80.74751328057576, 18.321137858690506], [80.74753481283268, 18.320767336435917], [80.7474957064204, 18.320073531070445], [80.74743483973172, 18.31899368308097], [80.74757219038285, 18.317862954806305], [80.7476845846628, 18.316910701142795], [80.74769003301127, 18.316717528973104], [80.74768492393463, 18.316613496790573], [80.74764509178769, 18.31580246140509], [80.74750239987463, 18.31450839980996], [80.74749634957416, 18.314453531590036], [80.74751830543579, 18.31343231111741], [80.74751168755337, 18.313282947645376], [80.74747576077111, 18.312472055366605], [80.74756188457052, 18.311900485305323], [80.74778678635836, 18.31162610549457], [80.74825136922378, 18.311085262444987], [80.74830582566806, 18.311008476032175], [80.74833037795486, 18.310632826674517], [80.74835898506035, 18.31019513362732], [80.74835473393598, 18.309977268853736], [80.74834353194412, 18.309403214236116], [80.74845764616121, 18.30851986533882], [80.74874013990666, 18.307545601968087], [80.74876288197915, 18.307467177032166], [80.74889599882192, 18.30737349126191], [80.74891613657773, 18.30732492650349], [80.74904393191102, 18.30723123659696], [80.74912886905132, 18.307169438307763], [80.74988169530883, 18.3066216953642], [80.75020352888762, 18.306415150802184], [80.75031682039752, 18.306328192710726], [80.75056384489802, 18.306138585518102], [80.7510098850195, 18.305897090475796], [80.75135175420107, 18.30567731751496], [80.75139087654361, 18.305652167882148], [80.75201851309728, 18.305329437635223], [80.75211914524574, 18.30527107682246], [80.75216640687931, 18.30524366600098], [80.75229180975164, 18.305188383020823], [80.75288335990892, 18.30488257572917], [80.75339561124241, 18.304606019605988], [80.75339565667382, 18.304605995230467], [80.75369438465029, 18.304444716352766], [80.75418163358535, 18.304181067775744], [80.75418241632939, 18.30418064435694], [80.7550279033999, 18.303464895003238], [80.75513026092742, 18.3033779651145], [80.75517641557613, 18.303330544774774], [80.75629535265989, 18.30219808614291], [80.7565621944929, 18.301962127080117], [80.75661721938026, 18.301913580687106], [80.75708901417539, 18.301497350048656], [80.7572378745354, 18.301366022355708], [80.75747098899967, 18.301160545210113], [80.7577166689743, 18.300708803199043], [80.75822649748405, 18.299570348719246], [80.7584378166929, 18.299217999815603], [80.75843796621007, 18.298967206634327], [80.75843815546199, 18.298649763193367], [80.75808682881119, 18.297779705855177], [80.7572657730598, 18.29628127808655], [80.75700238056014, 18.29571515367958], [80.75699174616015, 18.295699332953788], [80.75695572616965, 18.29561458485027], [80.75663505185182, 18.294924162202104], [80.75659963088005, 18.2948084560554], [80.75653059353355, 18.294582936319202], [80.75652767386384, 18.29452193005302], [80.75651305637042, 18.294248535673578], [80.75664454612082, 18.293892753018856], [80.75664489930136, 18.293870412274803], [80.75664577500885, 18.29381480442436], [80.75695845022726, 18.293061466125817], [80.75703366227329, 18.292906861512357], [80.75709580730079, 18.292779116654845], [80.75747950818592, 18.291904939885455], [80.7583578544543, 18.29051701543393], [80.7593590883293, 18.289283922620328], [80.759468575622, 18.28912356379705], [80.76024707023655, 18.288561390588345], [80.76049374849397, 18.28838641843308], [80.76062626165012, 18.28828368613175], [80.76069251058097, 18.288245311541676], [80.76099364981599, 18.28803139301754], [80.76104211828682, 18.287996962816745], [80.76125858263465, 18.287917997617544], [80.76160875413616, 18.28771483729864], [80.76181868415166, 18.287686704769545], [80.76210016894052, 18.28764844421388], [80.76221131721337, 18.287676744461702], [80.76278953083832, 18.287822780837256], [80.76297932920025, 18.28784208512391], [80.763356512432, 18.2879654197677], [80.76369646564827, 18.28805032445349], [80.76413441460934, 18.28815326963471], [80.76422147660783, 18.2881737342934], [80.76483342576319, 18.288270074652264], [80.76556254367532, 18.288207184847188], [80.76603622890887, 18.288121568730702], [80.7665643233768, 18.288019033538166], [80.76744606904529, 18.287825168781072], [80.76845144944782, 18.287533077573606], [80.76867976588183, 18.287399884913746], [80.76873245589509, 18.28728242174167], [80.76894515985016, 18.2869706905662], [80.76916986522085, 18.286641367841536], [80.76938281490516, 18.286329272895866], [80.76974535624265, 18.28579264575325], [80.76983907297091, 18.285653932212842], [80.76999118777032, 18.28537158021641], [80.77048708186622, 18.28464881121978], [80.77123137426176, 18.283399325929626], [80.77130379978573, 18.283277742034446], [80.7717513990227, 18.282475051732963], [80.77177550676022, 18.2824318189961], [80.77207972601747, 18.281869369289776], [80.77281709247941, 18.28068126835852], [80.77366020172887, 18.279660410272747], [80.77417728991458, 18.279065296310776], [80.77439388961182, 18.27869372294571], [80.77470622680417, 18.278417089019193], [80.77490919365307, 18.278116790722173], [80.77506422078469, 18.277887422092427], [80.77521217824943, 18.277616360003027], [80.77528794966445, 18.277443548303765], [80.77538783499764, 18.276993142889918], [80.77541595907397, 18.276866325302503], [80.77578918289537, 18.27544418761445], [80.77584427803795, 18.275232956476525], [80.77597456818701, 18.27481615192832], [80.77606535308426, 18.274183554178187], [80.77635125828296, 18.2735374885325], [80.77654087188654, 18.272726439336637], [80.77662216561298, 18.272148061565204], [80.77672570332095, 18.272015931252465], [80.77681158123147, 18.271724504420174], [80.7769695812802, 18.27145683367448], [80.77747826284153, 18.271054886216938], [80.77750610678102, 18.270997873427383], [80.77775406892523, 18.270490152395364], [80.77788599990949, 18.27021976751998], [80.77805828265052, 18.269866685453962], [80.77841465893485, 18.268970978872524], [80.77847564924986, 18.268783471951235], [80.77853068817234, 18.268678432778618], [80.77868000925872, 18.268303826896155], [80.77869052280418, 18.268277454007368], [80.779150418697, 18.267264301596374], [80.77928543306962, 18.26683393811006], [80.77939640619338, 18.26665377807951], [80.77960614082603, 18.266313279412326], [80.77987196847458, 18.265839248695702], [80.77997539551542, 18.265654814535548], [80.78015110704965, 18.265421039818577], [80.78044921317155, 18.265169244306456], [80.78062488430423, 18.265019067704525], [80.7808620277878, 18.26489829257101], [80.78106728366718, 18.264697291931885], [80.78151608350116, 18.26459016451743], [80.7831161682749, 18.264166079777773], [80.78381860119889, 18.264068094821635], [80.78454231942327, 18.263966726468617], [80.784950311091, 18.263894454120297], [80.78515311336773, 18.263858529089042], [80.78556754911233, 18.26390502207505], [80.7855827215266, 18.26390518747312], [80.78653775785152, 18.263915592392852], [80.78713076261636, 18.263924873315215], [80.78769538775221, 18.263933012213144], [80.78806670388315, 18.263887975151764], [80.78837911906089, 18.26381445092166], [80.78838777752061, 18.263812413688875], [80.78952017066204, 18.263398258826516], [80.78990127927736, 18.263152603300508], [80.79084785638469, 18.26254245405868], [80.79204080778932, 18.26150470075799], [80.79206861029284, 18.26147194947239], [80.79222655823251, 18.261256232899047], [80.79272995308115, 18.260632818792732], [80.79299373953222, 18.260395677334323], [80.79307655200135, 18.2602996822421], [80.7934544981695, 18.25992701653764], [80.79359708311972, 18.2596290152801], [80.79385983687773, 18.259079874852844], [80.79390615577111, 18.257162743019272], [80.79391630711216, 18.256919854129485], [80.79395036396416, 18.25605675338841], [80.79389794675691, 18.25557320893033], [80.7939971157026, 18.254518077656236], [80.793936044732, 18.253518241850838], [80.7939742996845, 18.25250940594467], [80.79394990391805, 18.252355401435338], [80.79380624818653, 18.25144852164662], [80.79348750920181, 18.250231677528966], [80.79330464527997, 18.249260034602056], [80.79327097342264, 18.249197887197464], [80.79324437602776, 18.2491854490515], [80.79322547496278, 18.249142512781635], [80.79310842795186, 18.249124392297155], [80.79121936005811, 18.248249246041578], [80.79072937522548, 18.247995991946325], [80.7906472125451, 18.247967717095023], [80.7905974514217, 18.247935494574826], [80.79053373560829, 18.247894238587932], [80.79020063863845, 18.24772226949429], [80.79019210761561, 18.24771786556579], [80.78903723660183, 18.24702374569322], [80.7881170084653, 18.24647206333985], [80.78719736997057, 18.24593958080184], [80.78607913385981, 18.245300572292347], [80.78546625678037, 18.244950342840838], [80.78412335969495, 18.24439733569777], [80.78294066705436, 18.243868112460802], [80.78171177887167, 18.243528657864072], [80.78085763569975, 18.24331815338212], [80.77973574385956, 18.24300471925062], [80.77842670154993, 18.242748756541314], [80.77728617019591, 18.242525734569057], [80.77609509486324, 18.24196458407514], [80.77591321083581, 18.24187889181505], [80.7746922069164, 18.2411993486452], [80.77353218043946, 18.240367312699867], [80.77275381724787, 18.23998734893342], [80.77153653269848, 18.239239503301935], [80.77091531344338, 18.23885784960439], [80.77025160652252, 18.238551365399076], [80.76937464913581, 18.237957818868992], [80.76789842292638, 18.237079273865287], [80.7664506165471, 18.236144244322407], [80.76577217580584, 18.23578464099075], [80.76522788440045, 18.23550644507299], [80.76390229819893, 18.234873103317344], [80.76345310480814, 18.234650149664734], [80.76229365744454, 18.234074660231745], [80.76023287881675, 18.233152821139804], [80.75806579819076, 18.232089685825287], [80.75773395277709, 18.231916708757723], [80.75684430127018, 18.231452965482223], [80.75621416304196, 18.23116063529356], [80.75595193757623, 18.231038982807412], [80.75465424731699, 18.23032199572353], [80.75391386384686, 18.229907290596575], [80.75383049310136, 18.229860592856355], [80.75300607437403, 18.229524588723674], [80.75220536109505, 18.229097085023124], [80.75003069256941, 18.22802256254337], [80.74831345445683, 18.227136957043317], [80.74814455633354, 18.226956925294722], [80.74809075503886, 18.226899577856994], [80.74638302414304, 18.225968770720275], [80.7461383771661, 18.225851130113956], [80.7457956361236, 18.22568597856606], [80.74565972407564, 18.225620371670292], [80.74485896146162, 18.225313722167044], [80.74423647470744, 18.224977202038936], [80.74372501807476, 18.224700703769884], [80.74340888220998, 18.224535564570736], [80.7414411162361, 18.223586481347436], [80.7413719769465, 18.22355593570622], [80.74120297606945, 18.223472227325836], [80.74064480222614, 18.2232029199478], [80.74004005456914, 18.222911139327714], [80.73975996364968, 18.22277313231249], [80.73918972316335, 18.22251292736596], [80.7385472300573, 18.222198318137085], [80.73827027194004, 18.222062698954783], [80.738066270871, 18.221951656258348], [80.73771129840641, 18.221758436577005], [80.73700162528421, 18.221406624890612], [80.73702551923618, 18.221055286370873], [80.73703765273915, 18.22061242882787], [80.73703001222549, 18.220550287174103], [80.73705219942693, 18.219263505618173], [80.73707808986487, 18.218592443900103], [80.73709060875784, 18.21760391131564], [80.73708165786542, 18.21688537819647], [80.73707595802315, 18.215747704041572], [80.73708179394282, 18.2141773360177], [80.73709531867705, 18.21343847898179], [80.73706482546923, 18.21141730935491], [80.73705862557784, 18.21098912397406], [80.73709704586167, 18.208473156809568], [80.73706673818295, 18.20786645155961], [80.73712437324637, 18.20743830712381], [80.73715464847974, 18.206413624706357], [80.73714713984644, 18.206165070457278], [80.73717343142987, 18.20576062959996], [80.73718070162444, 18.20550869634077], [80.73732008675924, 18.20229797409883], [80.73732071771369, 18.202242615615717], [80.73730016589874, 18.201209989270488], [80.73732919355882, 18.200275684469283], [80.73732865340193, 18.200203377628622], [80.73736698225201, 18.197809408234253], [80.7373673478756, 18.19728971016784], [80.7373578642545, 18.195648136929705], [80.73735888328056, 18.194199761794593], [80.7373593538407, 18.19353093152632], [80.73735935392146, 18.193530816740708], [80.73736020354157, 18.19232319753808], [80.73736022341349, 18.192294952120445], [80.73734965266337, 18.19219891393171], [80.73736057235168, 18.19179897927188], [80.73736094910824, 18.19126346300143], [80.73737472155426, 18.190168711890042], [80.73744736584553, 18.188558818166292], [80.73745346177479, 18.188294452601824], [80.73744783608898, 18.18788998618624], [80.73737158888412, 18.187060675120016], [80.73743969471946, 18.185179625347025], [80.73746477388539, 18.18481358963407], [80.7374709132023, 18.184485956235175], [80.73745903065463, 18.183735768816355], [80.73744602564096, 18.18289971727335], [80.73747458278864, 18.18178915317225], [80.7374790111324, 18.181374524192474], [80.73748462842215, 18.181194787300083], [80.73750923998351, 18.180407443374627], [80.73750238798523, 18.18006624224503], [80.73749485339793, 18.17994556582054], [80.7374427791575, 18.17911153056543], [80.73735918458637, 18.178650521895722], [80.73729105403179, 18.178340081789916], [80.73721485842036, 18.177992890140185], [80.73719602362928, 18.177884417960488], [80.73710293797153, 18.177475373154845], [80.73704062306099, 18.177009857466615], [80.73690229499275, 18.17623021181791], [80.73693718050711, 18.17620424905979], [80.73786799594464, 18.17530440047123], [80.73833778066576, 18.17484367505325], [80.73855990099318, 18.174625836806243], [80.73949293714372, 18.17391239875999], [80.73989975467997, 18.173571457563792], [80.7406411907423, 18.17303188163995], [80.74159910449336, 18.172213377256956], [80.74210625869536, 18.171767363183903], [80.7424771981032, 18.171441141342296], [80.74335460735762, 18.17079882775519], [80.74377734143708, 18.170495171591725], [80.74386842471667, 18.17042310650451], [80.74418827142833, 18.1701700420565], [80.74429408257127, 18.170123784036626], [80.74430058510208, 18.170119268812407], [80.74432836752018, 18.17010911758351], [80.74476461543506, 18.169919577227702], [80.74505768214644, 18.169808834367434], [80.74571982963585, 18.16955862051573], [80.74582695316651, 18.16952419014941], [80.74610225475716, 18.16943570299624], [80.74665021012497, 18.1692134617575], [80.74694451671904, 18.169146670709832], [80.74782696152312, 18.168946401493105], [80.74796052144491, 18.168937443285515], [80.74828145109348, 18.168867585897065], [80.748682124765, 18.168849745851666], [80.74910235049464, 18.168752830598514], [80.74955982787706, 18.168620911653402], [80.74962635471505, 18.16860544072913], [80.75043692122111, 18.16841692996405], [80.75161370136559, 18.168089969372822], [80.7524907522271, 18.167948119079337], [80.75392453510932, 18.167702637286624], [80.75489009658162, 18.16768523081972], [80.75507925166383, 18.1676818218064], [80.75571215886421, 18.16767087733252], [80.75585457757667, 18.167668696122416], [80.75596509840638, 18.16764503269099], [80.7559828287648, 18.16764165314626], [80.75623285350899, 18.167601326143924], [80.75646449471193, 18.167563964114567], [80.75663294216778, 18.16751660478227], [80.75714242200236, 18.167372271369352], [80.75745449796116, 18.16727528097929], [80.75897334112372, 18.16707048567857], [80.76032141045032, 18.166846380664957], [80.76065336033683, 18.16679641943853], [80.76065349082818, 18.1667963996237], [80.76025427000167, 18.16588077953394], [80.75558564568314, 18.162233323200912], [80.75049283047977, 18.158180440227145], [80.74497439946002, 18.15696547532013], [80.74115435963479, 18.155344603796532], [80.73775891131004, 18.153723583271162], [80.73351405185889, 18.152913497718327], [80.72926879103453, 18.152914174357576], [80.72668032901468, 18.15256137788108], [80.72816340919735, 18.15111983110927], [80.73243612119607, 18.147040709403303], [80.73380587435338, 18.14553694341723], [80.73381447866076, 18.14552749749149], [80.73698436157706, 18.142566748327962], [80.74084313246937, 18.139145333115827], [80.74525261790274, 18.136052627676555], [80.74451101479623, 18.135048740532785], [80.74442663136881, 18.134934512545055], [80.74538727478978, 18.13323172352846], [80.74547309296062, 18.127972715626733], [80.74497962394669, 18.125374258183733], [80.74737407822668, 18.117184256687974], [80.74440825595562, 18.112932695659698], [80.74803664477743, 18.110254527267404], [80.74836804902037, 18.10647466705338], [80.74729819799242, 18.10245889241458], [80.74801551006925, 18.10215423161959], [80.74688818156176, 18.10068184962613], [80.74544353179824, 18.0974587697829], [80.74420490335322, 18.095551309245916], [80.74303534480934, 18.093249119686476], [80.74097108281933, 18.090026125063478], [80.73890672817943, 18.08713202616938], [80.73742141393576, 18.08551892233643], [80.737415431622, 18.085536047209843], [80.73587393994248, 18.088831623222738], [80.7340247819944, 18.09142110197452], [80.73236060880465, 18.09353977574522], [80.73118941960949, 18.095187603091286], [80.7300799323822, 18.096600035814543], [80.72841544906869, 18.099130580539736], [80.72705952851172, 18.100543030205817], [80.72508734051308, 18.102426301597905], [80.72200599115166, 18.10489812226502], [80.71984922073364, 18.10625176797306], [80.71984007344027, 18.106258318976067], [80.71713766532386, 18.108193878854507], [80.71467249694803, 18.110077090122207], [80.71380975629224, 18.110606751280926], [80.71294690167424, 18.111312939063602], [80.71239171821105, 18.112548693738155], [80.7123896050354, 18.11256301672852], [80.7118968039079, 18.115902804224493], [80.71121809289843, 18.11831386791836], [80.71121765393333, 18.118315426759214], [80.71029233051078, 18.120316155105787], [80.70918194804979, 18.1226699470589], [80.7073984505704, 18.126424432827314], [80.70739295881438, 18.126435993488517], [80.70646705797897, 18.129201652327506], [80.70646647655033, 18.12920281333491], [80.7051099144508, 18.131908474919108], [80.70430823009914, 18.133085357834165], [80.70325942998711, 18.135262568088724], [80.70177961866587, 18.13702788112193], [80.70029949897234, 18.13920508052358], [80.6985723305, 18.142206060036617], [80.69727676483629, 18.144677440318514], [80.69641278649753, 18.146678073583722], [80.6957952439576, 18.14867870189622], [80.69577571260554, 18.148729239800755], [80.69493106538283, 18.15091469176631], [80.69406716281665, 18.152738781757645], [80.6932651563397, 18.154150973291312], [80.69227837746712, 18.155445472811692], [80.68981263592367, 18.156975287198442], [80.68791907707543, 18.158257876920175], [80.68790157748768, 18.158269730033624], [80.68574443006644, 18.15903456670866], [80.68408010859045, 18.1599170951946], [80.68247725200233, 18.16097613935166], [80.68136740861983, 18.16191752454216], [80.67920926183028, 18.163859123514975], [80.67649522304005, 18.167389361270956], [80.67446442297677, 18.170323943839033], [80.67445938912269, 18.170331217738397], [80.67297919813909, 18.171919766495545], [80.67075933522476, 18.173743577295735], [80.66927933720783, 18.175037892108698], [80.66718305150465, 18.17639095047463], [80.66514856212606, 18.177508633166855], [80.66194290899597, 18.178979149880163], [80.66038450746554, 18.179428647171843], [80.65929244849862, 18.179743627555922], [80.65760430556128, 18.178562417822842], [80.65645000714815, 18.1773265421428], [80.65603966027889, 18.176642890764324], [80.65586537205144, 18.176352519064], [80.65491781160736, 18.17705035447478], [80.65399916713447, 18.177774152540948], [80.65346962147477, 18.178191376476594], [80.65198934994321, 18.17987357419074], [80.65080145387786, 18.18111089713578], [80.6498265822519, 18.182126314543414], [80.64959590923725, 18.182366578709168], [80.64622769342597, 18.18449771502057], [80.64529445947171, 18.185025694222958], [80.64177721557361, 18.18701552092897], [80.64137704855959, 18.187241902305754], [80.64083579811279, 18.18754809578365], [80.64049888849304, 18.18773868973885], [80.64025860256557, 18.187845548183105], [80.63910430550933, 18.188358874175687], [80.63796170971264, 18.188866988023463], [80.63444615614146, 18.19043030195738], [80.6334173778564, 18.19088776793414], [80.63249094619465, 18.19131786844517], [80.632465221754, 18.19132981048689], [80.63218986179332, 18.191457646500133], [80.6312723099234, 18.192666461316595], [80.63045689049605, 18.193740707175863], [80.63025595026936, 18.19416863635307], [80.62938448704645, 18.196024507066255], [80.62878339737837, 18.198729756324003], [80.62814994461918, 18.202126502632083], [80.62761257697358, 18.2041703661096], [80.62693145334718, 18.204876211801103], [80.62688806859262, 18.204921171651115], [80.62660896803, 18.20508127390376], [80.625801295858, 18.20554457951791], [80.62424658966691, 18.206436391977405], [80.62286050827016, 18.20709670611042], [80.62164149518827, 18.206299437398265], [80.61986129637134, 18.205205352380442], [80.61902912818998, 18.20479719239123], [80.6183708255881, 18.204703849152896], [80.61768794536785, 18.204710285645564], [80.6165246802062, 18.20496887792944], [80.61625483225522, 18.205028863820992], [80.61518413700067, 18.20583934992868], [80.61408103737185, 18.207371357793928], [80.61316521419626, 18.20998597678011], [80.61290214865967, 18.21053006381561], [80.61206106029597, 18.21226962650066], [80.61139959257541, 18.212870136234173], [80.6113585199509, 18.21290704980107], [80.61029713707187, 18.213860935422932], [80.60965677294321, 18.21427328531597], [80.60913208688216, 18.21461114367902], [80.6084837875318, 18.214888344873586], [80.60758962713686, 18.215270666783645], [80.60519750981057, 18.216079443384825], [80.60505096175824, 18.216139247340486], [80.60431611657096, 18.21643912424929], [80.60261623057875, 18.217158545800498], [80.60126161521917, 18.21844964131095], [80.60041132227853, 18.21904985509066], [80.59890184074115, 18.22029522325889], [80.59830096005672, 18.220790960918187], [80.59775065642543, 18.221098284944024], [80.59765498332924, 18.22115171347186], [80.59689048639764, 18.22157865137574], [80.59647474864023, 18.22181082066678], [80.59523512613448, 18.222714143269712], [80.59379770759926, 18.223761580609356], [80.59149864109932, 18.225382092175593], [80.59139531951688, 18.225462169863224], [80.59134319331612, 18.225502568688384], [80.58913629760015, 18.227212947097343], [80.58671130510382, 18.228833235351217], [80.58592136868212, 18.229471376738147], [80.58587636667137, 18.229485092654425], [80.58549131767846, 18.22964589490461], [80.58547516271551, 18.229652641642005], [80.58540711690314, 18.22968105828096], [80.58255517134928, 18.230872043547308], [80.58153687472141, 18.231199839624516], [80.58050908633982, 18.23153069427819], [80.57922945021498, 18.232224074920293], [80.57868272745422, 18.232520316207044], [80.57696905785174, 18.233848231657213], [80.57632017680645, 18.23435103863629], [80.57594123532175, 18.23525245585087], [80.5759148739051, 18.235341518203327], [80.57537193667851, 18.237175839514578], [80.5742686116545, 18.238527231970778], [80.57242005227818, 18.24007488634227], [80.57218928384202, 18.24026808723067], [80.57040516486248, 18.241208957932447], [80.5701423953853, 18.241347529903347], [80.56852086483376, 18.242186617870328], [80.5671205997949, 18.242911192372222], [80.56639067324089, 18.243140259630483], [80.56543705857123, 18.243536564502367], [80.56453709724788, 18.24366631119115], [80.56343111082346, 18.243973122100208], [80.56215616895112, 18.24420285275372], [80.56067644688656, 18.24457351288733], [80.55952415359587, 18.24477203256185], [80.55855755937795, 18.244938555021115], [80.5568793015245, 18.245665031910804], [80.55632413644989, 18.2459053447426], [80.55481083938454, 18.246376117358878], [80.55301546952535, 18.247485831418352], [80.55270603400487, 18.247701456125125], [80.55104469340468, 18.248859113229585], [80.55043229236888, 18.24928583968717], [80.54835297535152, 18.250815981917953], [80.5481431228067, 18.251116478815323], [80.5478117035059, 18.25159105101983], [80.54713133644857, 18.252565284653937], [80.54653195749331, 18.253029830542715], [80.54584541098943, 18.253469378418583], [80.54493752431924, 18.254058824931576], [80.54413596042828, 18.254690253393953], [80.5431746223804, 18.255756355406113], [80.54222892816894, 18.25699871915631], [80.54203819566038, 18.257904467577482], [80.54165658912001, 18.258766985908004], [80.54122191298195, 18.260223662077745], [80.54070289705689, 18.261211373770934], [80.5401761486036, 18.261888386615976], [80.54003027722155, 18.262006892888827], [80.53911576859556, 18.262749835197855], [80.53842906999114, 18.262919536853524], [80.53809369770526, 18.263002416046266], [80.53757442226414, 18.263053630394154], [80.53679689940792, 18.263130313017786], [80.53567475104643, 18.263119473726242], [80.53471364641105, 18.26298012817342], [80.53372938628829, 18.26290173939424], [80.53231856600178, 18.262984223203542], [80.53060869952276, 18.2629950309121], [80.52959473209597, 18.26299679045708], [80.52906284236578, 18.2630717287593], [80.52838181838344, 18.26316767691336], [80.5271762570123, 18.263515934472043], [80.52666482732256, 18.26378151997157], [80.52609362608382, 18.264078141194908], [80.52607670958481, 18.26408692640588], [80.52493286427126, 18.264648787837444], [80.5235370537294, 18.265247498003223], [80.52228566850931, 18.265676873215686], [80.52219350187264, 18.265708496530458], [80.52206574105286, 18.26569009031572], [80.52192169463669, 18.265669338088568], [80.52021041768595, 18.265422791581326], [80.51933343598799, 18.26520441596118], [80.5176846322921, 18.26479272567398], [80.51683055963028, 18.264644428085116], [80.51541922888501, 18.26434495985385], [80.51396217646463, 18.26416401372345], [80.51272577300782, 18.26390999962033], [80.51153536797487, 18.263727225479695], [80.5107269167281, 18.263532669291934], [80.50989581310147, 18.26344086745104], [80.50900254567831, 18.263397545255913], [80.50795702109784, 18.263512115659804], [80.50701929664017, 18.263844893269045], [80.50575254748777, 18.264328517420363], [80.505111085819, 18.26459029434023], [80.50493661177131, 18.264661496504075], [80.50410461155444, 18.26504080578846], [80.50331883024248, 18.265363645155755], [80.50197607830432, 18.26600413360769], [80.50155333583027, 18.26639945843965], [80.50083175120216, 18.267074238580868], [80.49992365013141, 18.26766914440088], [80.49911471681436, 18.26833313318602], [80.49897565076236, 18.26838116625024], [80.49704770642434, 18.269047063554385], [80.49667736023947, 18.26998245079897], [80.49548419026056, 18.27299598154443], [80.49273344898369, 18.280154164580612], [80.49269977216744, 18.28024179730199], [80.49142851550845, 18.282498579758677], [80.49077598996621, 18.28365694249577], [80.4892722767815, 18.2863262692955], [80.48740829138654, 18.288534373412244], [80.48612125210468, 18.289688504557198], [80.48543128517134, 18.29030721146056], [80.48387242201514, 18.29171826105322], [80.48227560285859, 18.293129223823488], [80.48086910314906, 18.29425049121245], [80.47850971370451, 18.29736392421112], [80.47747069254454, 18.29930411433114], [80.47744297112801, 18.299355878039904], [80.47573137180757, 18.301165359462562], [80.47503917202073, 18.302112575163488], [80.47356188875067, 18.304134069886906], [80.47344270537292, 18.304355129055743], [80.47239213826946, 18.30630367443843], [80.47199978572556, 18.30703138073759], [80.47100844728602, 18.309204695915685], [80.47100260396363, 18.31203241827987], [80.47122577041964, 18.31424425296467], [80.4712057047049, 18.314421626276538], [80.47095514575754, 18.316636433200404], [80.46977268150225, 18.31942566492173], [80.46948606605989, 18.320106105818574], [80.4685520125699, 18.322323563890965], [80.46721797216499, 18.324967477293196], [80.46736247007058, 18.328484240148104], [80.46782350897756, 18.32971120620456], [80.4678532131862, 18.32979025743633], [80.46868365225419, 18.332039491063863], [80.46940053103745, 18.334143479636957], [80.47064692382172, 18.337191032102815], [80.47068091629886, 18.339112461171485], [80.46968789804212, 18.34201075409474], [80.4685788721956, 18.345923874525766], [80.46663202074002, 18.35106794969361], [80.4663129605319, 18.35188807310603], [80.46571596966993, 18.353422574256765], [80.46430717490738, 18.355377474391442], [80.4647105151752, 18.35637610114945], [80.46698879990356, 18.36201666090008], [80.46745319433427, 18.36314045072493], [80.46859988067393, 18.363082706860222], [80.46860128335375, 18.36309134000024], [80.46992281097633, 18.362692839279543], [80.47109524614214, 18.36235017199379], [80.47127053227655, 18.36227356344805], [80.47256216393875, 18.36170904686322], [80.47354540440963, 18.36136477439204], [80.47571157729192, 18.36157884927331], [80.47690086274112, 18.361678732141495], [80.47917591514177, 18.361927703026378], [80.48041674106743, 18.362126277703005], [80.481559875606, 18.36212743082942], [80.48176135870968, 18.36212763334361], [80.48284739582996, 18.36212872275216], [80.48395440281774, 18.362051621983376], [80.48422224234847, 18.36203296609304], [80.48635026648327, 18.364179419518326], [80.4875512324702, 18.364994521388624], [80.48906244530104, 18.365846913442862], [80.4912322220542, 18.367180883283634], [80.49274340305618, 18.36807024402906], [80.4943545816304, 18.368511055864758], [80.49769391893078, 18.3681076710198], [80.50203931959499, 18.367453958654966], [80.50267049355743, 18.367236687355575], [80.5060411245168, 18.36607636533847], [80.50861011326035, 18.365178613574226], [80.51411362829678, 18.363255237325117], [80.51625166594833, 18.36299396710596], [80.51724910195408, 18.362994807123005], [80.51730403439308, 18.36335672270404], [80.51691399768676, 18.364688270127072], [80.51667692496568, 18.36603231114783], [80.51688429788636, 18.366023886236956], [80.51759682097867, 18.36576236599529], [80.51818124661935, 18.36471629269475], [80.52054751398192, 18.364785580307736], [80.52056797589917, 18.364722785251118], [80.52076137414325, 18.364129248287522], [80.52076163820361, 18.36281491153989], [80.52124272047736, 18.36185893983808], [80.52171602405204, 18.361620231196927], [80.52245448494341, 18.361717996325122], [80.5235097709966, 18.36185770133846], [80.5239904923603, 18.36269487488702], [80.5249444222388, 18.363768333488512], [80.52578402347581, 18.364002509622626], [80.52686034705675, 18.36376919428697], [80.52734889533541, 18.363643025219446], [80.52828782158876, 18.363405969763814], [80.52888313682999, 18.3637661808699], [80.53102786501896, 18.36471690148911], [80.53281387715397, 18.36545989028061], [80.53418772174597, 18.366084832868836], [80.53483138519526, 18.367556826684574], [80.5348452734515, 18.367537999103114], [80.53682332012438, 18.36485652558689], [80.53682474861532, 18.364860195109884], [80.53795667317192, 18.367767758790315], [80.53945261110417, 18.370333948071597], [80.54141509323098, 18.372209864001942], [80.54379210052579, 18.373592773423198], [80.54652905827987, 18.374484411393023], [80.54651384968757, 18.374077307813636], [80.54630932162166, 18.372962869259254], [80.54624301474763, 18.371324152433523], [80.5461095346268, 18.368636635885927], [80.54630238302754, 18.367632866903477], [80.54736774742177, 18.368810446527853], [80.54979726383328, 18.369650716053535], [80.55227965978203, 18.369701737795495], [80.55569312336475, 18.369654691620024], [80.55967534400561, 18.36970661292382], [80.56197012488128, 18.36956534175328], [80.56021785498721, 18.374801866367115], [80.5578289164696, 18.381755596827578], [80.55782740316687, 18.38176012394286], [80.55684597751467, 18.384696798490683], [80.55611480718038, 18.386884580093856], [80.55608585443362, 18.386954166088454], [80.55987667353071, 18.38740731529037], [80.56947823406855, 18.39218823999851], [80.57356143233214, 18.394896710168656], [80.57898797759638, 18.39805845497823], [80.5857810401402, 18.400311434916535], [80.59301682332391, 18.402583248732242], [80.59935135012891, 18.407550996221833], [80.61112041527238, 18.41388161664805], [80.61563906634856, 18.414785256766766], [80.62063106378449, 18.41523463021116], [80.62740922222494, 18.415681117857467], [80.64233914169915, 18.41838747292839], [80.65819176288655, 18.425620063548166], [80.66723578424298, 18.43195789670682], [80.67854640053122, 18.44055118332008], [80.6844383829056, 18.444614970106063], [80.68699951488873, 18.448142256000615], [80.68728154195877, 18.448530663652534], [80.68736297201987, 18.44831253559973], [80.68748992551878, 18.448219530366668]]]}}, {"type": "Feature", "properties": {"mandal": "Wazeed", "district": "Khammam", "state": "Telangana"}, "geometry": {"type": "Polygon", "coordinates": [[[80.68748992551878, 18.448219530366668], [80.68736297201987, 18.44831253559973], [80.68728154195877, 18.448530663652534], [80.68699951488873, 18.448142256000615], [80.6844383829056, 18.444614970106063], [80.67854640053122, 18.44055118332008], [80.66723578424298, 18.43195789670682], [80.65819176288655, 18.425620063548166], [80.64233914169915, 18.41838747292839], [80.62740922222494, 18.415681117857467], [80.62063106378449, 18.41523463021116], [80.61563906634856, 18.414785256766766], [80.61112041527238, 18.41388161664805], [80.59935135012891, 18.407550996221833], [80.59301682332391, 18.402583248732242], [80.5857810401402, 18.400311434916535], [80.57898797759638, 18.39805845497823], [80.57356143233214, 18.394896710168656], [80.56947823406855, 18.39218823999851], [80.55987667353071, 18.38740731529037], [80.55608585443362, 18.386954166088454], [80.55611480718038, 18.386884580093856], [80.55684597751467, 18.384696798490683], [80.55782740316687, 18.38176012394286], [80.5578289164696, 18.381755596827578], [80.56021785498721, 18.374801866367115], [80.56197012488128, 18.36956534175328], [80.55967534400561, 18.36970661292382], [80.55569312336475, 18.369654691620024], [80.55227965978203, 18.369701737795495], [80.54979726383328, 18.369650716053535], [80.54736774742177, 18.368810446527853], [80.54630238302754, 18.367632866903477], [80.5461095346268, 18.368636635885927], [80.54624301474763, 18.371324152433523], [80.54630932162166, 18.372962869259254], [80.54651384968757, 18.374077307813636], [80.54652905827987, 18.374484411393023], [80.54379210052579, 18.373592773423198], [80.54141509323098, 18.372209864001942], [80.53945261110417, 18.370333948071597], [80.53795667317192, 18.367767758790315], [80.53682474861532, 18.364860195109884], [80.53682332012438, 18.36485652558689], [80.5348452734515, 18.367537999103114], [80.53483138519526, 18.367556826684574], [80.53418772174597, 18.366084832868836], [80.53281387715397, 18.36545989028061], [80.53102786501896, 18.36471690148911], [80.52888313682999, 18.3637661808699], [80.52828782158876, 18.363405969763814], [80.52734889533541, 18.363643025219446], [80.52686034705675, 18.36376919428697], [80.52578402347581, 18.364002509622626], [80.5249444222388, 18.363768333488512], [80.5239904923603, 18.36269487488702], [80.5235097709966, 18.36185770133846], [80.52245448494341, 18.361717996325122], [80.52171602405204, 18.361620231196927], [80.52124272047736, 18.36185893983808], [80.52076163820361, 18.36281491153989], [80.52076137414325, 18.364129248287522], [80.52056797589917, 18.364722785251118], [80.52054751398192, 18.364785580307736], [80.51818124661935, 18.36471629269475], [80.51759682097867, 18.36576236599529], [80.51688429788636, 18.366023886236956], [80.51667692496568, 18.36603231114783], [80.51691399768676, 18.364688270127072], [80.51730403439308, 18.36335672270404], [80.51724910195408, 18.362994807123005], [80.51625166594833, 18.36299396710596], [80.51411362829678, 18.363255237325117], [80.50861011326035, 18.365178613574226], [80.5060411245168, 18.36607636533847], [80.50267049355743, 18.367236687355575], [80.50203931959499, 18.367453958654966], [80.49769391893078, 18.3681076710198], [80.4943545816304, 18.368511055864758], [80.49274340305618, 18.36807024402906], [80.4912322220542, 18.367180883283634], [80.48906244530104, 18.365846913442862], [80.4875512324702, 18.364994521388624], [80.48635026648327, 18.364179419518326], [80.48422224234847, 18.36203296609304], [80.48395440281774, 18.362051621983376], [80.48284739582996, 18.36212872275216], [80.48176135870968, 18.36212763334361], [80.481559875606, 18.36212743082942], [80.48041674106743, 18.362126277703005], [80.47917591514177, 18.361927703026378], [80.47690086274112, 18.361678732141495], [80.47571157729192, 18.36157884927331], [80.47354540440963, 18.36136477439204], [80.47256216393875, 18.36170904686322], [80.47127053227655, 18.36227356344805], [80.47109524614214, 18.36235017199379], [80.46992281097633, 18.362692839279543], [80.46860128335375, 18.36309134000024], [80.46859988067393, 18.363082706860222], [80.46745319433427, 18.36314045072493], [80.4691042629216, 18.36713575655592], [80.46943838352772, 18.368128543815647], [80.47117969754468, 18.37330241103734], [80.4722709870773, 18.378053372200192], [80.4725618208306, 18.379211928268404], [80.47259023557478, 18.379325117247703], [80.47309950114794, 18.3813537718357], [80.47309331314365, 18.38436259933882], [80.47301738571113, 18.384589964553072], [80.47236741127449, 18.386536294288398], [80.47061633545624, 18.388671795730115], [80.46776428789275, 18.39069644843004], [80.46608680909739, 18.392017995513967], [80.46510189368712, 18.39279391368106], [80.46270761775315, 18.393768092194225], [80.4595135027814, 18.39586446385439], [80.45704127114807, 18.397744697138002], [80.45616509805586, 18.399048004489124], [80.45598872005837, 18.399755129496196], [80.4553607421544, 18.402272736381786], [80.45486078105321, 18.40520804025011], [80.45481758300008, 18.407636735217555], [80.4555708444323, 18.41053822967785], [80.45624779577476, 18.41362081461056], [80.45688454615593, 18.417754568979145], [80.45771336997923, 18.420873682861654], [80.45849750583837, 18.422957721319907], [80.45884626896465, 18.423884630065828], [80.45979146699045, 18.425880207314957], [80.46262798093238, 18.431504383495923], [80.46292717736196, 18.432176784451986], [80.46417780321892, 18.434987332807815], [80.46474193833959, 18.43763461716048], [80.46386314003651, 18.440134158726032], [80.46381382942978, 18.440367033778294], [80.46286568430362, 18.444844661154992], [80.46179553560393, 18.447996287532906], [80.46081728288083, 18.449927189597563], [80.46034612158391, 18.45085716530548], [80.45844256410514, 18.452919686794193], [80.45619813049868, 18.454510274470778], [80.45296425867821, 18.456932608819926], [80.44665203176596, 18.459739940532383], [80.44631050710043, 18.459891823963233], [80.44617777949179, 18.45992022328907], [80.44364200978505, 18.4604627812966], [80.44308806811132, 18.460581298758882], [80.44150361732835, 18.46092028953872], [80.4382633157833, 18.46114286512063], [80.43466107266948, 18.460455253564568], [80.43228614804869, 18.459921266691243], [80.4300153327798, 18.459825315326885], [80.42964044313452, 18.459809472508304], [80.42852432258084, 18.459762301300202], [80.42445332399028, 18.460138113167957], [80.42383013379082, 18.460263695389123], [80.42335496555043, 18.46035944813148], [80.42245518816014, 18.460443394614302], [80.42149366442878, 18.460608544183227], [80.42018773858932, 18.461124655732117], [80.42004619629925, 18.46118059409929], [80.41924726170713, 18.46112343929922], [80.41786843081805, 18.461024791580567], [80.41761109714196, 18.461011964210968], [80.4165004252134, 18.460956594812814], [80.41628453404746, 18.460945831617877], [80.4146219626524, 18.460639925925065], [80.41398963654751, 18.460522965810537], [80.41276147850282, 18.460295790242437], [80.4100307325931, 18.45953404503642], [80.40810258822577, 18.459069592533698], [80.40797261751062, 18.459038284565576], [80.40650890255098, 18.45839262981898], [80.40430476276232, 18.458299962075735], [80.40267189158469, 18.45855842835875], [80.40154229638453, 18.458964844034973], [80.40007002052832, 18.459128755281235], [80.39873285534232, 18.459477344362377], [80.39731775577026, 18.45984623991338], [80.39478008893548, 18.46112551418406], [80.39113229397604, 18.462893543595182], [80.38835880336077, 18.464129501504225], [80.38784161402815, 18.46435997180557], [80.38599668305628, 18.465722578610425], [80.38447514695807, 18.467081712339347], [80.38229148196137, 18.46950097260507], [80.38181076129601, 18.47018547855649], [80.38071064345789, 18.471751930323954], [80.38034885800218, 18.47226706719228], [80.37964258541184, 18.473422928372752], [80.37952222206849, 18.473619909551036], [80.37755473345244, 18.476839736723903], [80.37676790415938, 18.478827131674777], [80.37670237340957, 18.478992648492312], [80.37584625848255, 18.482607764466973], [80.37573346748945, 18.483422364086763], [80.37555863861614, 18.484685003102694], [80.37555587764083, 18.485764653968772], [80.37553300923456, 18.48694223414267], [80.37558872773054, 18.488694664726257], [80.37582054823982, 18.489455175173457], [80.37671062711611, 18.4919099260539], [80.37680801983875, 18.49217852037005], [80.37835441254694, 18.495396540519916], [80.3784732409481, 18.49624335954205], [80.3789852396136, 18.50109294072319], [80.37930710344293, 18.50140152544279], [80.38052628241911, 18.501734420399853], [80.38158698536536, 18.50202403734944], [80.38265158244174, 18.502314710634607], [80.38275477062228, 18.502342884615306], [80.38296224434993, 18.502465945543236], [80.38351446514032, 18.502793487415307], [80.38454396690338, 18.503938919159534], [80.38472676387434, 18.504696117007942], [80.38444535439139, 18.506437201088907], [80.38398256070747, 18.50718000018307], [80.3836667253228, 18.50768692303294], [80.3835295369617, 18.50788264097108], [80.38342260319493, 18.508035196446432], [80.38273633868886, 18.509014240406742], [80.382354576939, 18.510167728609222], [80.38214919555158, 18.51155881599789], [80.38206502205371, 18.513011180288867], [80.38217171266177, 18.513896962796213], [80.38217911681406, 18.51471250033471], [80.38214867604982, 18.516220325096533], [80.38204235061217, 18.51730441715398], [80.3818434784013, 18.519157473464404], [80.38159975965391, 18.520025509051624], [80.38117245794633, 18.521375421000148], [80.38039391279003, 18.522096513077233], [80.37966114220175, 18.52250483351804], [80.37884533689358, 18.523200983304754], [80.37796766350506, 18.523785165314745], [80.377128508214, 18.524584035993144], [80.37641177596818, 18.5251990864198], [80.37616312178173, 18.525555758758724], [80.37580093201115, 18.5260752840219], [80.37532046554207, 18.527362930733226], [80.37499976113976, 18.52867805360494], [80.37508953091381, 18.5298838713769], [80.37511422379926, 18.53021555898823], [80.37534327277385, 18.531862914959905], [80.375747224558, 18.53318423566512], [80.3758817894617, 18.533444116947827], [80.3761295913567, 18.533922686944678], [80.37660283944453, 18.534770901109425], [80.3771976306178, 18.53578770475606], [80.37761650001924, 18.536604164326853], [80.37821203691176, 18.53756335673044], [80.37876113727786, 18.53863198920495], [80.37884065942953, 18.53878692608695], [80.37897498920293, 18.539049276836128], [80.37904486880026, 18.53916364889272], [80.3794248811614, 18.5397856158133], [80.37992841633424, 18.54061129783605], [80.38092848561456, 18.541988200146456], [80.38095346286357, 18.54201886408204], [80.38170642838315, 18.542943269727754], [80.38238519608197, 18.543789694525127], [80.38327044154781, 18.544697558572086], [80.38433761245881, 18.545746006150424], [80.38435364738444, 18.54576175892076], [80.38520045726982, 18.546659377454944], [80.38590222499123, 18.547308165130843], [80.3864745293414, 18.548121576274735], [80.38732128917029, 18.54928235840669], [80.38807651350405, 18.549873651875686], [80.3896185303454, 18.55051192338683], [80.39068601461332, 18.551024847664042], [80.39203626953784, 18.551876131831623], [80.39231632649486, 18.55202350748968], [80.39314207778851, 18.552458044022334], [80.39341408795376, 18.552826447221413], [80.39408100201649, 18.55372968832955], [80.39484424565138, 18.554686921604073], [80.39569102876376, 18.555630810493057], [80.39609541645, 18.55636473214117], [80.39638838723454, 18.556661322666606], [80.39699499180799, 18.557274840913166], [80.39835345334477, 18.559159559043547], [80.39853056231563, 18.559380202199236], [80.3989485122195, 18.559902945899605], [80.39979690988065, 18.56074393591868], [80.40007793291939, 18.561022503661736], [80.40046567761333, 18.561314763934792], [80.40119917353607, 18.561868696475948], [80.40141898304796, 18.562056823666616], [80.40204594783292, 18.562593416796773], [80.40258081583981, 18.56325758966323], [80.40331272584639, 18.56422829883631], [80.40417520028507, 18.565570871385376], [80.404564232117, 18.566561136105772], [80.40489942157947, 18.5680211360367], [80.4045643311952, 18.569223272883864], [80.40421295106304, 18.570301138673635], [80.4040816739048, 18.570470278173694], [80.40329817015908, 18.57148281805056], [80.4028323034483, 18.572389880350954], [80.40267496643926, 18.5727978142307], [80.40246582060038, 18.573340072953563], [80.40207642433803, 18.57421116424522], [80.40155781364163, 18.57513051786686], [80.40103908890309, 18.575855622520315], [80.40087154783247, 18.576152638599442], [80.40056567332182, 18.57669488904134], [80.40023038747499, 18.5777129126537], [80.39973461585406, 18.578975678511537], [80.39934568714057, 18.580133644078796], [80.3991776273593, 18.581296596432985], [80.39896787685782, 18.581813318373847], [80.39881896161172, 18.582180170139598], [80.39830061468939, 18.58298431292975], [80.39797939954815, 18.58380584654148], [80.39746043385843, 18.584612241970536], [80.3968783523542, 18.585555177304744], [80.3966821407738, 18.585873241003856], [80.3963814794329, 18.58628481394155], [80.39588947067635, 18.586960263557714], [80.39565956351328, 18.587270132286026], [80.39501186618767, 18.588143089842347], [80.39449323690086, 18.588797005416556], [80.39366581294777, 18.590063042214183], [80.39356231286243, 18.590221405780664], [80.39298216490394, 18.591325831108854], [80.3924633206796, 18.592303887834724], [80.39162481298227, 18.593941953277067], [80.3912126874639, 18.594631109430058], [80.39082362850603, 18.596046562172678], [80.38948831394363, 18.596446754918937], [80.39003231955493, 18.596691008173156], [80.39060395043413, 18.596984623665552], [80.39083792702945, 18.59720765080139], [80.39136673452006, 18.597712572944985], [80.39208456691557, 18.598179517130227], [80.39294628129112, 18.599141474075733], [80.39394648648519, 18.599665518060938], [80.39457173534988, 18.600215822951128], [80.39472437573528, 18.60100338048597], [80.3953424205699, 18.602077724470988], [80.39570843157813, 18.6032859055879], [80.39629684597, 18.604130904072694], [80.39743311039643, 18.60473542163446], [80.39841809251884, 18.605204066333418], [80.40005022197086, 18.60575884449651], [80.40157664352436, 18.60643422671819], [80.40388109776531, 18.607203920578502], [80.40893984082638, 18.60889103324451], [80.41011253754242, 18.60914769603543], [80.41119539970094, 18.60907549609672], [80.41120191476148, 18.609075510172154], [80.41120606070909, 18.60907551912916], [80.4122963776021, 18.60913625331257], [80.41264037665263, 18.609155414965343], [80.41335351470397, 18.609218775399153], [80.41374771053333, 18.6092537982604], [80.41555510878956, 18.60935819292499], [80.41653983549008, 18.60945968764147], [80.41737898687205, 18.609507783632633], [80.41879107206353, 18.60972538091443], [80.4198598666323, 18.60984397948125], [80.42042121975615, 18.60990051073148], [80.42070841021308, 18.609929355205775], [80.42104593413332, 18.609962821629992], [80.4219502284206, 18.610781306392923], [80.42225158580062, 18.611597387552035], [80.42280314873835, 18.61255855927592], [80.42335505167344, 18.613375165265094], [80.42400853659694, 18.613807978353545], [80.42404762269605, 18.613810318399434], [80.4247144374164, 18.613858025240045], [80.4253345857249, 18.613337531087783], [80.42617358692347, 18.612686481321248], [80.42655577961473, 18.61261499602995], [80.42702862851475, 18.61252788822194], [80.4270315873642, 18.612529024722804], [80.42703928971335, 18.612527910468074], [80.42821384789988, 18.613026175694102], [80.4288633327079, 18.613917510256304], [80.42934402523098, 18.61454646705388], [80.42935821709804, 18.614556661305425], [80.42936585761481, 18.61458265385481], [80.42960185798673, 18.614985217507524], [80.4301542054138, 18.615362460724366], [80.4306542415767, 18.615563402766895], [80.43128729263505, 18.615615536000163], [80.4314785869889, 18.615623837222742], [80.4317016987051, 18.615705616290395], [80.43235010777026, 18.616298770218048], [80.43318979855421, 18.61690812838598], [80.43389904980947, 18.617316176677623], [80.43463133254812, 18.61775589434051], [80.43608915376451, 18.61874147402107], [80.4369008440936, 18.619168921239527], [80.43723392137262, 18.619344661169084], [80.43746228444644, 18.619464844858395], [80.4383936579814, 18.619878977952546], [80.43970585991374, 18.62057397351905], [80.43974135336701, 18.62059437586316], [80.4408674428156, 18.621083433883513], [80.44167272815892, 18.621470190312124], [80.44283023439051, 18.621952524585335], [80.44398753869957, 18.622529722761175], [80.4447507219051, 18.622828618178797], [80.44509481761105, 18.622963378769246], [80.44605692958643, 18.623423431915185], [80.44620248281987, 18.623493029760304], [80.44720837833165, 18.623975036721774], [80.44736430131037, 18.62403646571728], [80.44806414450547, 18.62431217646299], [80.4488542019249, 18.624903298065387], [80.44887018582116, 18.624907848339703], [80.44970179078977, 18.62546290873666], [80.45058726321025, 18.62603614180005], [80.45135781621957, 18.626614793059414], [80.4514027770419, 18.626640858194747], [80.45239038332264, 18.6271024732076], [80.4532964180661, 18.627487124388267], [80.4545550980093, 18.627778721566013], [80.45545148067966, 18.62803777599865], [80.45573548562271, 18.62811985238103], [80.45675857389783, 18.628064247974166], [80.45762782910619, 18.62792702319741], [80.45768665002065, 18.627889209287083], [80.45874710611575, 18.62720750298403], [80.45983158472887, 18.626692333294116], [80.46067130284416, 18.626234285630048], [80.4614193926913, 18.62568796491526], [80.46193778923355, 18.625077951644105], [80.4622585010974, 18.624788934082012], [80.46299829893105, 18.62412224838426], [80.46353053574936, 18.623755226191903], [80.46384596621417, 18.623537708423765], [80.46587546897517, 18.623443325628767], [80.46587961428267, 18.623443333528005], [80.46588613077434, 18.62344334594559], [80.46692728437662, 18.62351648127832], [80.46812373678974, 18.62347057129726], [80.46838570452867, 18.62346051888528], [80.46839636632903, 18.62346053907742], [80.46925871997976, 18.623779534488783], [80.46927231993172, 18.623790854312162], [80.46992424774064, 18.624111782112447], [80.47019126313509, 18.62424322522313], [80.47115319698575, 18.624531907333147], [80.47277925021005, 18.624477358890584], [80.47404279992878, 18.62442099293961], [80.47530729624746, 18.624480950703614], [80.47617863655968, 18.6247592660086], [80.47617877389072, 18.62475930963314], [80.47656990767379, 18.62488423944785], [80.47689984069169, 18.625171720956352], [80.47742328331167, 18.625258526119477], [80.47772078780284, 18.626055312046464], [80.47772314332946, 18.626062091961508], [80.47897446852463, 18.62678044945957], [80.4795755801994, 18.6271260280877], [80.48041812583625, 18.62729811892862], [80.48114042450133, 18.6274722437963], [80.4824038891717, 18.627761427597523], [80.48354711559156, 18.62804925529052], [80.48475368819825, 18.62894820233316], [80.48477144707702, 18.628953880743584], [80.48551295224026, 18.629304213940518], [80.48631366235387, 18.629372299990433], [80.48721627449342, 18.6294315327714], [80.4881794223513, 18.629432139870687], [80.48827694928018, 18.62941595451958], [80.48920273377294, 18.629262311241376], [80.48940742645445, 18.62909870351877], [80.49034894362337, 18.628346160555942], [80.49131239634593, 18.627888214538217], [80.49281864534007, 18.627317162463438], [80.4940856287633, 18.62611546381068], [80.49511014891769, 18.62531313811692], [80.49550011231499, 18.624900463448995], [80.4964208459292, 18.624463877455106], [80.49675360159891, 18.62426129458623], [80.4976157926814, 18.623736382187143], [80.49823214546706, 18.623256334204992], [80.49845026589844, 18.623181047140925], [80.49895417886317, 18.622953788104347], [80.49949097252413, 18.62256846844476], [80.50009440100223, 18.62202853495261], [80.50050115974719, 18.62149729096961], [80.50072912858248, 18.621257554276056], [80.50099436948769, 18.620978620164927], [80.50121408507881, 18.62068761292581], [80.5013783766186, 18.620572698585953], [80.50158631761217, 18.62055273179218], [80.50172336822129, 18.62053778536192], [80.50188194377667, 18.620520491832877], [80.50271483447357, 18.62047111403838], [80.50302055393719, 18.620441065716555], [80.50365205259583, 18.620378995718205], [80.5044621796923, 18.620257554837444], [80.50474696312881, 18.62021486364508], [80.5056528295026, 18.62009896478354], [80.50586433719477, 18.62007222258076], [80.50698167436641, 18.619948775685838], [80.50796698203027, 18.619794603072133], [80.51002020054962, 18.619338430286774], [80.51080877799055, 18.61922569932461], [80.51232041684092, 18.618874750096793], [80.51290733797609, 18.61875866548217], [80.51344147896948, 18.618653016535212], [80.51417307319696, 18.6186034236147], [80.51421277869657, 18.618592196177513], [80.51447180913078, 18.6184887249899], [80.51459220188637, 18.618405350292434], [80.5147345849535, 18.618281354320565], [80.51514051307122, 18.617853985134527], [80.51526806540605, 18.61767062972355], [80.51573379720092, 18.61700113990892], [80.51578605498567, 18.616927815175284], [80.51584732198202, 18.616786740401743], [80.51606041247798, 18.616539753245636], [80.51622728410481, 18.616303984589692], [80.51647960535922, 18.615981392308957], [80.51678714319895, 18.615586608043245], [80.5172167418047, 18.61516492239723], [80.51775418304177, 18.614717437662115], [80.51817128989546, 18.614322834212906], [80.51843497451657, 18.613937010433936], [80.51879653683594, 18.613468899972414], [80.51879831989523, 18.61346551557034], [80.51882338511253, 18.613037505489448], [80.51876259383835, 18.611946383634603], [80.5185561077615, 18.61117577342825], [80.51846907473873, 18.610833413544213], [80.51839434019303, 18.61066610486558], [80.51835345969272, 18.610574584331793], [80.51829958065571, 18.61024018525492], [80.51829999970953, 18.61001091278663], [80.51833280337296, 18.609885600252554], [80.51835304714723, 18.609828034128075], [80.51836991583662, 18.60967220152839], [80.51873159411853, 18.609136324215882], [80.5191664170699, 18.608437930880335], [80.51920025509764, 18.608395069679222], [80.5192228707414, 18.60833524667447], [80.51942358386017, 18.6080487049496], [80.5194410110458, 18.608026332319376], [80.51973110134543, 18.60765391568913], [80.51994411831387, 18.60743967610322], [80.51995420957017, 18.607427270000244], [80.51998565350216, 18.607397956900968], [80.52009364450213, 18.607289710466315], [80.52054275242642, 18.606873693809522], [80.52062341218917, 18.606812836986425], [80.52073316607623, 18.606711370558326], [80.52123386739379, 18.606248204718568], [80.52169722581269, 18.605819580868012], [80.52183668493673, 18.605667337492523], [80.52228605081793, 18.60524131575087], [80.52236352343682, 18.605167867504214], [80.52282838048014, 18.60488062526781], [80.52311905517976, 18.604623592923186], [80.52331646271769, 18.604522266848576], [80.52389234655642, 18.604081603354178], [80.52439669979663, 18.603894941358632], [80.52486601739658, 18.603759046278675], [80.52498872111349, 18.603700515998632], [80.52515995990531, 18.60365900620273], [80.52525717298218, 18.60361285795718], [80.52525741198639, 18.603612744499916], [80.52575983988767, 18.60337423703831], [80.5257989614858, 18.603356229789465], [80.52645698591446, 18.603013952204908], [80.52705931657627, 18.602681747130276], [80.52745348490492, 18.60250506582154], [80.52770558486226, 18.602286364098305], [80.52797849560994, 18.602021388072856], [80.52829250005486, 18.601627723650836], [80.52863155834382, 18.601132451034108], [80.52864938411295, 18.601099726246275], [80.5289130272055, 18.600715013924216], [80.52903362400475, 18.600507392609394], [80.52914350206912, 18.60033137896337], [80.52934938263684, 18.600123894792944], [80.52937194125876, 18.60009343640642], [80.52971192766489, 18.599587909507843], [80.52991825153934, 18.599281122800143], [80.53006557964473, 18.59906409885023], [80.53045207328485, 18.598494764233642], [80.53088737105682, 18.597825707249136], [80.53128642471533, 18.597220968860885], [80.53134109203928, 18.59711827677385], [80.53142555130654, 18.59691398396373], [80.53144541139814, 18.596734436221542], [80.53145202943304, 18.59667571610033], [80.53156452547123, 18.5963562654509], [80.53191371973348, 18.595812434129535], [80.53192371873146, 18.595802681830403], [80.5321172068145, 18.59561397912859], [80.53235981703395, 18.595378416098686], [80.53236340690978, 18.595374930510058], [80.53272504507477, 18.59482434157294], [80.53284033677608, 18.5945975082119], [80.53293246772729, 18.59440678078994], [80.53339794659824, 18.593402320108922], [80.53351177991256, 18.59302837378], [80.53365705658639, 18.592551135275656], [80.53369677189833, 18.59245909299307], [80.53398529691435, 18.591790413780195], [80.53437443916116, 18.591084001179436], [80.53480417419411, 18.59053125599176], [80.53497886612688, 18.590199475749063], [80.53503776259525, 18.590047094252213], [80.53510819744477, 18.589728703755195], [80.53508419650785, 18.589228322308852], [80.53492233104521, 18.588656095639934], [80.53483168973453, 18.588335661478716], [80.53481594399844, 18.58819558449682], [80.5347976709133, 18.588146989416853], [80.53479781068427, 18.588066799064585], [80.5347978109709, 18.588066634617874], [80.53479712334247, 18.588065924236762], [80.53479590414858, 18.5880646654583], [80.53460026231397, 18.587862511755354], [80.53461693597524, 18.58740464667956], [80.53469338661749, 18.587375857710782], [80.53511729141312, 18.58721622760944], [80.53626851203846, 18.58700234587093], [80.5376536547629, 18.586913705350398], [80.5377856359033, 18.586940573977724], [80.5383280531344, 18.58705099611676], [80.53854177045136, 18.58719490995481], [80.53854210265327, 18.58719513365396], [80.5385404183013, 18.58719546352254], [80.5385427147844, 18.58719512286721], [80.53886733090256, 18.587147065288917], [80.53890228115748, 18.587141473692434], [80.53946089860307, 18.587048602756354], [80.54034783036678, 18.586821839329204], [80.5416627123242, 18.586376625558213], [80.54227634444585, 18.586136813989615], [80.54265295694618, 18.585989630596604], [80.5430198128114, 18.585826429435237], [80.54421994023294, 18.585294052905144], [80.54535907541337, 18.584754800905696], [80.54608532521918, 18.584459211769467], [80.54653126316312, 18.584277711960308], [80.54699057650255, 18.584040403460463], [80.54851034689659, 18.583255192072112], [80.54872608917859, 18.58314709210478], [80.54887206981284, 18.583074195221783], [80.55031806565519, 18.582352115659685], [80.55219089047925, 18.58146041491166], [80.5536264574158, 18.580691154068397], [80.55575310656549, 18.579389629052123], [80.55606577645422, 18.579198269448415], [80.55642797591123, 18.578970656962394], [80.5570083219763, 18.57860670418974], [80.55806967284714, 18.57778490228277], [80.55818827003516, 18.577685686315622], [80.55871374192876, 18.57719514775367], [80.55910521922456, 18.576801544575357], [80.5591331684514, 18.576774544750595], [80.55983711507434, 18.57609445298871], [80.5601045030092, 18.5758994487165], [80.56046627781217, 18.575561142416266], [80.5613689138507, 18.574766679929255], [80.56140917434473, 18.574731242188296], [80.56145483806759, 18.57469064845563], [80.5623953819637, 18.573846057838715], [80.5631187758104, 18.573256403759757], [80.56395016674337, 18.572524590804115], [80.56414734567767, 18.572387312901288], [80.56452165100612, 18.572126719240988], [80.56473450463818, 18.571959867078597], [80.56526091119376, 18.57160597803047], [80.5658855471525, 18.57129514765976], [80.56669548013518, 18.57101507616575], [80.56699110164854, 18.570931921457507], [80.56721033209293, 18.57084978445496], [80.5674189550309, 18.570734878574704], [80.56782458442754, 18.57036047858458], [80.56796752359848, 18.570214982667604], [80.56823881750523, 18.569785045926302], [80.56894406353251, 18.569041737565026], [80.56898678564029, 18.56898645484612], [80.56977066807339, 18.567937170982976], [80.57018754730028, 18.56717763555759], [80.57053895538822, 18.56625084345572], [80.57066349110573, 18.56575292615111], [80.57069578576139, 18.565548538773896], [80.5709623807562, 18.56470520587507], [80.57102348338563, 18.56463413697654], [80.57103359556595, 18.564604784279986], [80.57119869854242, 18.56429215683957], [80.57129714016357, 18.564198550460404], [80.57141749096994, 18.56410497411732], [80.57153780829812, 18.56403285932319], [80.57154491752027, 18.56403060953858], [80.57158051102114, 18.563988869600674], [80.57184767068617, 18.563922608603317], [80.57206392174086, 18.563846110218993], [80.57238053266535, 18.563779477401923], [80.57245841776165, 18.563763087053918], [80.57272089740479, 18.563659545052822], [80.57299877417995, 18.563554896729137], [80.57344260009927, 18.56335334529853], [80.57427431038586, 18.563117525687822], [80.5745723062653, 18.56303303238933], [80.57502786896053, 18.562899262983745], [80.57567317248639, 18.562597465720497], [80.57699851475779, 18.562121545113712], [80.57826876997332, 18.56165344627216], [80.57883796959334, 18.56155032137785], [80.579029313087, 18.56149524136962], [80.57917217598118, 18.56139152720921], [80.5795990006539, 18.56106908698716], [80.57984990477989, 18.560897972435807], [80.58022375402726, 18.560643006589135], [80.58022730852588, 18.56064188200166], [80.5802919242527, 18.56059340445392], [80.58035885222054, 18.560582201652252], [80.58047617444805, 18.56052927761752], [80.5806841387381, 18.56044598125331], [80.58090271356944, 18.560394325279322], [80.58132369732688, 18.56037657633654], [80.58160325089729, 18.560364789330595], [80.5816281238102, 18.560362563489193], [80.58237445649522, 18.560198680706435], [80.58247932458565, 18.560158161845845], [80.58293964335452, 18.56000292190305], [80.58427083121222, 18.55955407158753], [80.58516958544688, 18.559222092467547], [80.5853082238275, 18.559168065050923], [80.58666912363911, 18.55864017668754], [80.58824621858189, 18.55805948147403], [80.58983438713125, 18.55759399620182], [80.59052802084676, 18.557418719967806], [80.59118336806179, 18.55710333533373], [80.59167169746331, 18.55681370606825], [80.59175646670714, 18.556748308531727], [80.59252343771962, 18.556218466089792], [80.59502674899579, 18.554686791963316], [80.59603484389967, 18.554052210237902], [80.59659380476347, 18.55368007632724], [80.59706432058262, 18.553366824733327], [80.5972253688634, 18.553258507762255], [80.5978537665802, 18.552835862366166], [80.59802871345305, 18.55274987482769], [80.59844510375298, 18.552545219339095], [80.59861983468869, 18.552503653796112], [80.59863523108334, 18.552502545050544], [80.59901420802349, 18.552483831647567], [80.59955009306915, 18.55246418864573], [80.59973602914522, 18.552454261925103], [80.59979703277746, 18.552441915917292], [80.60023671123916, 18.552205289134708], [80.60058578111621, 18.551934278129053], [80.60079153005854, 18.551774538451546], [80.60127571304216, 18.55136167919881], [80.6014382900133, 18.551223049272924], [80.60177406646842, 18.550910312518063], [80.60206318211965, 18.55064103507943], [80.60215031424029, 18.55057450664653], [80.60217047095458, 18.55055646061644], [80.60284368752299, 18.550007688464813], [80.60304896474271, 18.549840356585392], [80.60332511416802, 18.5496746719973], [80.6042801503461, 18.548836675469623], [80.60478390665186, 18.548493949276374], [80.60552900468892, 18.54789061311593], [80.60634045591978, 18.547255732581597], [80.60720845870507, 18.546396152283023], [80.60754828277915, 18.54598996328583], [80.6076906241684, 18.545813940427653], [80.60781103370509, 18.545657092258917], [80.6079207969061, 18.54549119579214], [80.60796486929085, 18.545302626945798], [80.6080090389017, 18.545042900723846], [80.60810783917834, 18.544666905558273], [80.60818464402907, 18.54435526348473], [80.60828370703827, 18.544219847623932], [80.60842596259768, 18.544105947371854], [80.60858003188599, 18.54401239059516], [80.60859662559032, 18.54400111635111], [80.60931404677277, 18.543265581697963], [80.6093466480345, 18.543238515319146], [80.60945875077368, 18.54309182008545], [80.61008376459638, 18.542383275626012], [80.61055457895121, 18.541863163221002], [80.61063947455037, 18.541694975244543], [80.6106981284319, 18.541228568566876], [80.61065461320909, 18.541008264992303], [80.61066616020723, 18.540789158689932], [80.61071016982991, 18.54064350992377], [80.61081929747068, 18.540505846817247], [80.61083420011562, 18.540431318979152], [80.61115541303957, 18.54020129865275], [80.61159819852358, 18.539824592701404], [80.61203867125973, 18.539406092717105], [80.61222006903155, 18.539239150605553], [80.61244358222545, 18.539013527332223], [80.6128349584214, 18.53855882080654], [80.61297902337687, 18.538414422118453], [80.61334511151857, 18.53782979403071], [80.61369705199449, 18.536754947024257], [80.61399615665306, 18.53597456054717], [80.61408086153784, 18.535753556054505], [80.61417308357754, 18.535413690163704], [80.61433414538563, 18.534954183372346], [80.61451537447168, 18.53446533305183], [80.61462163663593, 18.534251986911247], [80.61487942248729, 18.53362543155959], [80.61534645365398, 18.532808243419442], [80.61543726071727, 18.532640057680638], [80.61591033504025, 18.531726867870464], [80.61601173048682, 18.531609523639563], [80.6161054561999, 18.53147183826969], [80.6161641898279, 18.531380419063453], [80.61641245537879, 18.530783214959936], [80.61671416138745, 18.53006634794239], [80.61709183544895, 18.52920612610965], [80.6171173616629, 18.529154199890446], [80.61720524707482, 18.528954384364912], [80.61727131371777, 18.528837387188762], [80.6172912935865, 18.528802005485908], [80.61746878603064, 18.52844303722103], [80.61754180005332, 18.528319170961392], [80.61757975246057, 18.52825478537708], [80.6176153978538, 18.528194312309726], [80.61789125917728, 18.527726312127626], [80.61809722797766, 18.527321069486373], [80.61829292351604, 18.52707394238622], [80.6183942156606, 18.527032272054793], [80.61853927295968, 18.527025668479297], [80.61873462276965, 18.52704058537062], [80.6187831277639, 18.527072270189834], [80.61892461121168, 18.527081474178498], [80.61990199050057, 18.527584136122258], [80.62060329982151, 18.52777585498674], [80.62159137303865, 18.527799614136764], [80.62274337976031, 18.52786987007463], [80.62313557949655, 18.527657984972315], [80.62355246041413, 18.527128738694046], [80.62431519573836, 18.526512924214803], [80.6247259422614, 18.526146316996126], [80.6248729460074, 18.526005300840673], [80.62507681656626, 18.5258205026893], [80.62519775413513, 18.525710878627653], [80.62579592234484, 18.525073406926733], [80.62666541157525, 18.52429731686367], [80.62737490292537, 18.523635118902153], [80.62830593267957, 18.522871517770152], [80.6290840942335, 18.5222037448381], [80.62980888128769, 18.521605937032206], [80.63073988618385, 18.521320105616383], [80.63164244079768, 18.52105908513637], [80.63248503755432, 18.52092788795206], [80.63276574139094, 18.520857046211265], [80.63313405709054, 18.52078856098326], [80.6332430123834, 18.520768353582675], [80.63345321742548, 18.52073470516485], [80.63361249596106, 18.52071342381219], [80.63380014775016, 18.520727187999185], [80.63411843571696, 18.52090036076162], [80.63424854045813, 18.52101232688361], [80.63447519114308, 18.521084869394645], [80.63542700794332, 18.521683442235357], [80.63635439377073, 18.521929578130433], [80.63636445664423, 18.521930719730094], [80.63659354576593, 18.52194791605312], [80.63708959161299, 18.52193312797067], [80.63732411984677, 18.521926136468345], [80.63745738230529, 18.521877716263802], [80.63750951670418, 18.52184727735944], [80.63766298993592, 18.521731107325827], [80.63771811178682, 18.521678081583648], [80.6378052723442, 18.521567486516023], [80.63787764892231, 18.521443321913974], [80.6379287376215, 18.521298800863047], [80.63803267437721, 18.521023317389126], [80.63836679583802, 18.520348241057853], [80.6384370307255, 18.52003657491864], [80.63849672440124, 18.519908223127], [80.638814530938, 18.51922487669975], [80.63881853119783, 18.519188702553883], [80.63894142371792, 18.51807743709924], [80.63912103741865, 18.517552370095867], [80.63926817914768, 18.51712223251428], [80.6393382314968, 18.51695966023279], [80.63938356506839, 18.516825778299214], [80.6394647784552, 18.516585930867123], [80.6395737134351, 18.516089066374636], [80.63969690475803, 18.515551555814085], [80.63977043457763, 18.51495864269638], [80.63981411539118, 18.514572397952183], [80.63982316695285, 18.514368524835515], [80.63983662988498, 18.51406527308968], [80.63985863932248, 18.51348585781321], [80.63983035416513, 18.512886055022584], [80.63981674366909, 18.512390185012308], [80.63987500719455, 18.512183547117537], [80.63996160293613, 18.512045841413713], [80.64005760643755, 18.511961233079745], [80.64015194936808, 18.51178061515784], [80.64053472652147, 18.511485100380128], [80.64055547305959, 18.511462533683442], [80.64068772532949, 18.51094771293639], [80.64070502286413, 18.510880379354806], [80.64071407844436, 18.51084512762033], [80.64081538347078, 18.51045077297165], [80.64065129825339, 18.51004622756398], [80.64028306243772, 18.509574817260894], [80.64000827174198, 18.50917579751741], [80.63970625089914, 18.50877787694959], [80.6396142643173, 18.50867899851852], [80.63945380450325, 18.508506516084243], [80.63890050547337, 18.507854175993355], [80.63854627553509, 18.507554464804908], [80.6382102713436, 18.507359816376837], [80.63799671929688, 18.507236463194307], [80.63752703814828, 18.50695356446899], [80.63729576364854, 18.50680082346986], [80.63719642424734, 18.50670922334769], [80.63712484967569, 18.50666509280638], [80.63707284312895, 18.50659387551051], [80.63698474032248, 18.506511322072697], [80.63678261511488, 18.50624227242605], [80.63674603440586, 18.506142834195504], [80.63667452768942, 18.506043358060502], [80.6367510786546, 18.504919570831273], [80.63686390845501, 18.50462715052726], [80.63687068174107, 18.504412550186814], [80.63689285427026, 18.504191187972957], [80.63696532411882, 18.50398569661946], [80.63703773506147, 18.503827643194086], [80.637154020203, 18.5036142936673], [80.63739123554035, 18.50325988609213], [80.63772188688054, 18.502494436620825], [80.63807650812367, 18.50193059892944], [80.63809316804628, 18.50190410699083], [80.63823553424851, 18.50165915782543], [80.6382770294513, 18.50161176367541], [80.63835531828532, 18.501486473956636], [80.63868105433723, 18.50113000053244], [80.63889767362645, 18.500892942531042], [80.63908262849797, 18.500672888985612], [80.6393092552846, 18.500257473461424], [80.63992265338482, 18.499650461717692], [80.6400661175993, 18.49947441399584], [80.64045962074871, 18.499099842429757], [80.64118270073239, 18.498343849088275], [80.64137177799941, 18.498137351930556], [80.64209906182387, 18.497324885011427], [80.64246106679822, 18.4965515511247], [80.64305848728868, 18.49542492953431], [80.64310717883203, 18.495296215987473], [80.64389567736526, 18.49376090876118], [80.64404045818158, 18.493465127050907], [80.64444029026336, 18.49272684455163], [80.64449843104362, 18.492615083527838], [80.64451978304164, 18.492578962399968], [80.64462980668932, 18.49237496176639], [80.64463546177227, 18.492364475855325], [80.64497312489713, 18.49179274707298], [80.64507080341257, 18.491627358301475], [80.64508621602086, 18.49160817278881], [80.64512180225516, 18.49154721713864], [80.64526405471406, 18.491385845631317], [80.64591813723226, 18.490565682689724], [80.64676441093931, 18.489504517697423], [80.64699542666341, 18.489282820016257], [80.64720647715005, 18.489080282135134], [80.64765097915246, 18.48859505508126], [80.64802495114536, 18.488186558837523], [80.64838763688094, 18.487811937736314], [80.64841253124165, 18.487782596131982], [80.64842852857876, 18.487769057709027], [80.64871950654577, 18.487467779949636], [80.64980321026027, 18.486515591591516], [80.65070152434134, 18.485661473881724], [80.65138849420677, 18.484830851931203], [80.65147040429392, 18.484632139632804], [80.65182852284943, 18.48358091273709], [80.6520170011033, 18.482839000930362], [80.65264586134836, 18.48104707495753], [80.65276230001123, 18.480671058553305], [80.65285621690143, 18.48032099719855], [80.65294292292245, 18.480065811534516], [80.65311306182393, 18.47943001584022], [80.6532496389145, 18.478919642838427], [80.65387825688715, 18.477319729093885], [80.65454654726372, 18.47622024074803], [80.65464796888769, 18.47602515688378], [80.65465806216308, 18.476005741788434], [80.655189281685, 18.47520769912338], [80.65581443577058, 18.474559978511074], [80.65591163446486, 18.474442604988234], [80.6561971570882, 18.474227153040054], [80.65625225512075, 18.474179769180836], [80.6562872004495, 18.474158343428208], [80.65663906720482, 18.473893257514504], [80.65815861059967, 18.47316850104534], [80.65881955734918, 18.47278625151175], [80.66053500807158, 18.472046989009794], [80.66179275754095, 18.47146883585324], [80.66184190870241, 18.47144624221456], [80.66222389845235, 18.471227488944006], [80.6627207819881, 18.470941075725644], [80.66278829977628, 18.470898220557082], [80.66278834526257, 18.470898191685567], [80.66279047458984, 18.47089684014005], [80.66369478308496, 18.470322845378387], [80.66400718649727, 18.470124550887775], [80.66447175395744, 18.46983369633571], [80.66464067612382, 18.469727937339254], [80.66574368093688, 18.46903736514773], [80.66607831448405, 18.46881742975971], [80.66609032892242, 18.46880921742423], [80.66672035288717, 18.468378658613414], [80.66739729803699, 18.467948955601923], [80.66839993463444, 18.467352390489374], [80.66846862025157, 18.467323087364083], [80.66874635634558, 18.467173125004688], [80.6692164904383, 18.466978163014083], [80.67001224072933, 18.466687501184865], [80.67052257660295, 18.46653210994489], [80.670849928315, 18.46647481363308], [80.67158447164559, 18.466416774710915], [80.67236052466428, 18.466280834205293], [80.67240492932518, 18.466266191955217], [80.67315570477246, 18.465961920277422], [80.6731776135593, 18.465951774908845], [80.67348385774915, 18.46569904276889], [80.67389267230276, 18.465271324516152], [80.67395488329008, 18.465205869583563], [80.67427246296036, 18.464863911977037], [80.67495922010757, 18.464071604991158], [80.67549778160326, 18.4635050705461], [80.67611230780142, 18.46272963609715], [80.67709280072147, 18.461738791047157], [80.67780871757466, 18.460765772426527], [80.67811508426794, 18.46037748484616], [80.67834666986468, 18.460199227020524], [80.67836207672445, 18.46018003864591], [80.67861262664769, 18.459974689379358], [80.67862328748924, 18.459966792227164], [80.67872155920249, 18.459938642298862], [80.67944556878933, 18.459733724761524], [80.67958294583735, 18.459661557272668], [80.6806384431953, 18.45939029251125], [80.68212433364673, 18.45897821588849], [80.68364883128687, 18.458418189992674], [80.68501693113946, 18.458010505253785], [80.68533012751254, 18.457884271638136], [80.68574173330425, 18.457584172018986], [80.68592890434584, 18.45681284575681], [80.68613091763389, 18.455378479540578], [80.68625685128971, 18.454279525141743], [80.68650185730422, 18.453510988973502], [80.68650201116557, 18.453510507462347], [80.68655781094552, 18.453335473966725], [80.68660316818762, 18.45301820366612], [80.68663938486162, 18.452764863165186], [80.68668518990039, 18.452444455619123], [80.68670974636086, 18.45227268651188], [80.68683622086023, 18.45122117140675], [80.68708754238116, 18.4501934857106], [80.68717225119477, 18.449858423509564], [80.68738932138044, 18.448999796479992], [80.68748992551878, 18.448219530366668]]]}}, {"type": "Feature", "properties": {"mandal": "Wyra", "district": "Khammam", "state": "Telangana"}, "geometry": {"type": "Polygon", "coordinates": [[[80.37848682240596, 17.19480642513031], [80.37892862817921, 17.19384236979995], [80.3798788136334, 17.192691393121212], [80.38089456231195, 17.191628020991434], [80.38184531806989, 17.190219261947302], [80.3823738677153, 17.186990298377825], [80.38275808504116, 17.184716394856924], [80.38252675331691, 17.18230511089165], [80.38248439582736, 17.180121551160543], [80.38352711931009, 17.179895642669358], [80.38504450325776, 17.17926101994565], [80.3860402610458, 17.178853071971396], [80.38684756067819, 17.17798994881931], [80.38779707237984, 17.177081539346805], [80.38865100693577, 17.176536903762265], [80.38945653628645, 17.17644709025949], [80.39011943512554, 17.176584516403445], [80.3911133245038, 17.176995354190527], [80.39234489630742, 17.177042611126016], [80.39419281522899, 17.176863290985168], [80.39547358632872, 17.17609178704169], [80.39628113611398, 17.17509215882251], [80.39652032300947, 17.174046236407783], [80.39685435109453, 17.17295495579464], [80.39737826267543, 17.171681984480518], [80.39804458113315, 17.170272741626444], [80.39913832941099, 17.168363707802026], [80.4004220350054, 17.1662274833487], [80.40132505973814, 17.164864047925597], [80.4021814022346, 17.16318211367432], [80.40303623459886, 17.162182520379286], [80.40374725987832, 17.16195605280319], [80.40502819420475, 17.161048017933137], [80.40668815931559, 17.160095003254064], [80.4079688708411, 17.159277929246183], [80.40996018402194, 17.158416317987797], [80.41128784652668, 17.15778124745718], [80.41280516528388, 17.157055441469886], [80.41418134218395, 17.15587453802492], [80.41527320620487, 17.154738738743713], [80.41512965197695, 17.155420897589394], [80.41512771301092, 17.15633069336815], [80.41536328950598, 17.15692237433518], [80.41602604396374, 17.157105210917685], [80.41706812469693, 17.157106584852354], [80.41782725313185, 17.156516213884633], [80.41839739084833, 17.155698142452987], [80.41962768556812, 17.15629111960231], [80.42047885791405, 17.15697457667367], [80.42133003617255, 17.157658030168157], [80.42256158937609, 17.157659623502006], [80.42478823739569, 17.157480524939178], [80.42696826809438, 17.15693742519256], [80.4288164353209, 17.15653035453744], [80.43028631260637, 17.155804364152353], [80.43185081999874, 17.15512397117175], [80.43109444211117, 17.15439518781805], [80.43038543742078, 17.153666460713687], [80.42967812163927, 17.152118913441367], [80.42944372546647, 17.150935878402304], [80.42916234101796, 17.149570823230224], [80.42916580713184, 17.14788769638794], [80.42902736692518, 17.14611340880529], [80.42917470769409, 17.1435661475549], [80.4289426672732, 17.141245856748967], [80.42866227896823, 17.138368879635422], [80.42677048054126, 17.137336832257567], [80.4239143098323, 17.136097601158053], [80.42223581187183, 17.135614934227217], [80.42066473988855, 17.13502942908775], [80.4197382609544, 17.13379263887098], [80.41952631896314, 17.1326254215456], [80.41960075292971, 17.131218324921242], [80.41921420423432, 17.128128855310518], [80.41864567233908, 17.126617950398213], [80.41729198687237, 17.1246598269176], [80.41650835951934, 17.123491850154473], [80.41575939439934, 17.12284920276712], [80.41543934379281, 17.122128019405643], [80.41486961359786, 17.121200571680905], [80.4142640844448, 17.120307396806087], [80.41347394990879, 17.119458492231413], [80.41351313158722, 17.11784541105451], [80.41390954370769, 17.11626712790869], [80.41455701359567, 17.114242989775136], [80.41552618388033, 17.11215063124549], [80.4159924231461, 17.111327517856243], [80.41610398888656, 17.109268341268102], [80.41596318803064, 17.108272814240564], [80.41564462033686, 17.106865186956046], [80.41525803533902, 17.10384432691446], [80.41526059373551, 17.102643055114775], [80.415156115033, 17.101372995972856], [80.41498186414564, 17.099313432803854], [80.41498435148151, 17.098146481525045], [80.41509350725637, 17.097219925474914], [80.41548818508042, 17.096431037461247], [80.41600860304457, 17.095383204331153], [80.4163120330789, 17.09246091691857], [80.41637001441293, 17.091902496401627], [80.41610404310858, 17.091920593343357], [80.41527492804398, 17.091977003301075], [80.41410021386187, 17.092173418985492], [80.41327751094147, 17.09238189646022], [80.4128266704573, 17.092495721147195], [80.41282470114632, 17.092496217878967], [80.41237077719877, 17.092503415119708], [80.41182404039178, 17.092512082471956], [80.41182143177365, 17.092512123821017], [80.41174106547062, 17.09249876805332], [80.41143545404013, 17.09244797920663], [80.41116358498148, 17.092370143903004], [80.41090627789782, 17.09229647829473], [80.4108195411902, 17.092271835601803], [80.41069777849381, 17.092237240997083], [80.41047204348952, 17.09225935620014], [80.4099646015348, 17.092113553443095], [80.40967250075437, 17.092252652900076], [80.40967158947456, 17.092253086802923], [80.40864219832329, 17.09163587768483], [80.40830018294058, 17.0913739977251], [80.40805296490085, 17.09105073732854], [80.40766975970193, 17.09054965825309], [80.40747838921486, 17.08847602045952], [80.40745604342013, 17.088234058216578], [80.4073903985268, 17.087518655808356], [80.40739016296597, 17.08751608694108], [80.40720727589878, 17.087563164237565], [80.40630546239207, 17.08779015666614], [80.40585685533112, 17.0879030727548], [80.40576876366475, 17.087925245802875], [80.40576477805881, 17.08792624898148], [80.40414338096691, 17.086912058487606], [80.40450114212878, 17.084458411819472], [80.40453175156509, 17.084248478671178], [80.40415271991185, 17.08300755082057], [80.40286607388822, 17.081901973767085], [80.40286539733101, 17.081901391673252], [80.40138458376404, 17.082082362783908], [80.40023086930785, 17.08230170344796], [80.39995371822805, 17.08235439372425], [80.399950562081, 17.082354993498313], [80.39918768518329, 17.08189320106491], [80.39902820747503, 17.08173910488763], [80.39902810240741, 17.081739003365364], [80.39806900123185, 17.08081225900778], [80.39761461130341, 17.080373760533927], [80.39584992592334, 17.0793591824788], [80.39241491135337, 17.077697587279808], [80.39131545643572, 17.076708218162892], [80.39103282384603, 17.076454357014594], [80.38987451382727, 17.074791102550765], [80.38946225901167, 17.074198941737727], [80.38860444151938, 17.073416978388916], [80.38859286707704, 17.073400192461857], [80.38857165753787, 17.073790713285096], [80.3885707934174, 17.074172409760617], [80.3869253136526, 17.074241871372816], [80.38486958940481, 17.074668036522926], [80.38388766851033, 17.07432325457356], [80.38343681031131, 17.074120230026878], [80.3835152675951, 17.073772140359782], [80.38354335726582, 17.0732058603814], [80.38351862881481, 17.072304856561672], [80.38333344433694, 17.07127490710581], [80.38314873491515, 17.07003902228683], [80.38288388894807, 17.06870005128588], [80.38277861277979, 17.067876153094435], [80.38259367412464, 17.066743233885383], [80.38216832697263, 17.065301054715928], [80.38153019969896, 17.06318926731101], [80.38126531504359, 17.061876031709676], [80.38129518710961, 17.060537492535623], [80.38095017363652, 17.059121168886367], [80.38033762342934, 17.057549992989827], [80.3792957331332, 17.056287079159755], [80.37838708805718, 17.055333263115593], [80.37710996484975, 17.054115747988053], [80.37539682166258, 17.053521095525095], [80.37427305261656, 17.052927324868563], [80.37341669943095, 17.052539892488507], [80.37170406521442, 17.05173927386968], [80.37044637211625, 17.0511452779259], [80.36956294261903, 17.050886497641628], [80.36819871498707, 17.050034902943782], [80.36720905417413, 17.049389817957113], [80.36700667051419, 17.051261526716342], [80.36700504045564, 17.051947980111603], [80.36703839659802, 17.052943391909796], [80.36689258654218, 17.05417878509566], [80.36671032045851, 17.055723025930106], [80.36638427493827, 17.057644592187728], [80.36605928525115, 17.059119962663004], [80.36558903859529, 17.061590463600307], [80.36551416363059, 17.063031898819776], [80.36529771193872, 17.06392395050415], [80.365293703892, 17.065605752955562], [80.36521612654546, 17.06817982754978], [80.36528388870484, 17.069724449701678], [80.3644576924853, 17.071645223127636], [80.36370415702112, 17.073051267629065], [80.36313086855986, 17.073771141187308], [80.36191192649126, 17.07558831760465], [80.36155271636429, 17.076411491044816], [80.36165766045919, 17.07733836353038], [80.36086375850758, 17.077265287188], [80.35914848124973, 17.077491385368326], [80.35719470933125, 17.077854379123416], [80.35528867405749, 17.07817166696949], [80.35328815263198, 17.078168443425024], [80.35238315444283, 17.078166978071728], [80.35104958531754, 17.078119049366055], [80.34942966517222, 17.078299461428706], [80.34828537941286, 17.078755220290322], [80.34733263367818, 17.07879941980864], [80.34628712127044, 17.07783666803631], [80.34500334945022, 17.076919280364514], [80.34357726737552, 17.0757728320333], [80.34453227652413, 17.074813386363513], [80.34496254490888, 17.07417341212604], [80.34534665940355, 17.072938436359014], [80.34568347913716, 17.0715660906318], [80.34573508498895, 17.06996445622559], [80.34569041001254, 17.068774533317953], [80.34507430137364, 17.067537900288755], [80.344790918626, 17.06657639796892], [80.34412753612571, 17.065202392919403], [80.34284579973885, 17.063507011240628], [80.34146940249943, 17.061582645291583], [80.3389532096349, 17.05837497082606], [80.33805049522043, 17.057503940061515], [80.33643397367867, 17.056402877552483], [80.33496034805164, 17.055302045630395], [80.3333927688791, 17.05369764157371], [80.3324862505285, 17.054336781142005], [80.33086299686593, 17.05588995701044], [80.33057442897483, 17.05698778819158], [80.33118807353856, 17.059139734775144], [80.33061303800929, 17.060511653309486], [80.32922914858032, 17.06156182624286], [80.32837020811515, 17.06220102891289], [80.32526719429943, 17.064987203453143], [80.32402791053349, 17.065351141789346], [80.32231186039388, 17.065897286540764], [80.3210728041473, 17.06616968099983], [80.31949806932998, 17.06731097829786], [80.3174466644681, 17.068588704222414], [80.31644548977219, 17.06895302280175], [80.3141583195573, 17.06931502481436], [80.31334661891258, 17.06890632841037], [80.3130980903223, 17.06683126837202], [80.31284875884225, 17.065061295476045], [80.31259797596236, 17.063840480967148], [80.31168718133169, 17.06283574664112], [80.31165306160216, 17.062869472951334], [80.31072185549355, 17.06379449545145], [80.30707335024697, 17.0656412603809], [80.30557084275526, 17.066462242506503], [80.30435492618285, 17.066974841060944], [80.30331816842823, 17.067281827508584], [80.30203135499458, 17.067588344669584], [80.29931445571279, 17.06833837857885], [80.2975635259487, 17.068541032444728], [80.2963840484451, 17.06877907194578], [80.29484575015604, 17.069599911074796], [80.29237762242441, 17.070796520462526], [80.29112573361479, 17.07137761834118], [80.29051665164198, 17.072028583965103], [80.28997967541576, 17.07243942818798], [80.28912100288903, 17.07291829831565], [80.28769200244786, 17.072949875218697], [80.2860124655394, 17.07315257209989], [80.28515512119897, 17.073150912886156], [80.28488009858499, 17.074588749184908], [80.28490446668084, 17.0748458902167], [80.28506517234888, 17.076541678696344], [80.28556932348431, 17.07794606377899], [80.28606974337171, 17.08069283000488], [80.28644434550866, 17.08301222609506], [80.2867481446725, 17.087955239471146], [80.28648781337392, 17.090212386274857], [80.28648356696135, 17.09173781650262], [80.2864816985577, 17.092409005181594], [80.28635263338242, 17.093140965024684], [80.2881962156974, 17.092534342170413], [80.2908027856456, 17.091624073961793], [80.29277219033663, 17.091444773695493], [80.2948042683887, 17.091570661019993], [80.29639292493313, 17.091268571795897], [80.2970295522267, 17.090720613152815], [80.29849499500885, 17.08901487343192], [80.29951251557526, 17.088528637403158], [80.30116481722095, 17.088165613688258], [80.3027527778058, 17.088107545228368], [80.30440408493128, 17.08811060058022], [80.30567333755685, 17.08847904483383], [80.30732301332625, 17.089092249343057], [80.30865579031976, 17.089460792627033], [80.30874004449231, 17.090612651663612], [80.30878437883965, 17.09184833655973], [80.3091144029798, 17.09313030556295], [80.30920661989148, 17.094274550488546], [80.31015493931483, 17.09592374719266], [80.31077055117248, 17.097297756905967], [80.31133926596466, 17.098397101291376], [80.31181234832893, 17.09963355899378], [80.31063264827264, 17.100552211028013], [80.30974049851939, 17.10164889978464], [80.3087848229031, 17.102745467869646], [80.30757555877823, 17.10365851502042], [80.30662117024163, 17.104266938226402], [80.30572947402999, 17.105180557252805], [80.30547245223497, 17.10627839330751], [80.30540598264123, 17.107376579472707], [80.3047685039634, 17.108229645105787], [80.3038122751186, 17.109509238582415], [80.30304823828233, 17.110179013046054], [80.30190407199545, 17.11048197584066], [80.30094996335986, 17.11096833837984], [80.2994240105545, 17.111514644482522], [80.2989783794021, 17.111879913636287], [80.29831069352464, 17.11295957275377], [80.29906981912144, 17.114105063752792], [80.29959013042274, 17.11547891775334], [80.29987323844986, 17.116486226586492], [80.30101053855168, 17.118730718530742], [80.30224549885472, 17.120105893565814], [80.30452761332742, 17.121849096713653], [80.30543108962593, 17.122491438629787], [80.30623904145358, 17.123225125365582], [80.30676004049843, 17.124370147048033], [80.30709096354421, 17.1253317676649], [80.30699334809151, 17.126201077258468], [80.30708728519099, 17.12670463668001], [80.30714221456104, 17.12674318136371], [80.30761038033461, 17.12707169568184], [80.30841970477114, 17.12730198834715], [80.30903906746641, 17.127303118646832], [80.30980221527214, 17.126984171783437], [80.30989969765882, 17.12616062299926], [80.3106621078258, 17.12611624673456], [80.31190034156663, 17.12630154259351], [80.31289854244582, 17.127172835208558], [80.31380243375386, 17.127677853076996], [80.31432506016267, 17.128227943620733], [80.31479859648749, 17.129327095148472], [80.31619406196482, 17.129078113973982], [80.3180537901427, 17.128463641314855], [80.3200215114135, 17.127540447415612], [80.32126463389538, 17.1304256834294], [80.32179633878805, 17.132074070224984], [80.32289720347323, 17.134718788811334], [80.32335835633322, 17.136023826720013], [80.32420965719173, 17.138462165601055], [80.32529584970767, 17.1468042387836], [80.326003831239, 17.149413918139214], [80.32671661440037, 17.150170234919795], [80.32767955955462, 17.150926984348338], [80.32832193881926, 17.151271313844276], [80.32892876046606, 17.151546937849176], [80.32964120940771, 17.152440530300836], [80.33096137399177, 17.153266523497784], [80.33167436463498, 17.153954180057223], [80.33260231094445, 17.15443627288899], [80.33363660052689, 17.15526175907831], [80.33431378206602, 17.15598366695351], [80.33495688747472, 17.15605340493635], [80.33592137109285, 17.156226652105417], [80.33645665613435, 17.156536453632423], [80.33706220340616, 17.157326873762624], [80.3377385399849, 17.158391983281756], [80.33820114485263, 17.159182158219334], [80.33801647349468, 17.160732255431643], [80.33744299968451, 17.162732840849113], [80.3372501535143, 17.16406688344746], [80.33667604925853, 17.166310075550278], [80.33585006000493, 17.168249571773813], [80.3355928068944, 17.170068724441435], [80.33565089397439, 17.17207036993481], [80.33571021148045, 17.173586792810312], [80.33577029890975, 17.174799952879955], [80.33620552135572, 17.177530068237324], [80.3371479065677, 17.179533205460142], [80.33821679152267, 17.181475897440055], [80.33871858997492, 17.182871754842036], [80.33940973862546, 17.18432858094316], [80.33997548086188, 17.185421277760977], [80.34022433424812, 17.186938010380764], [80.34085127590069, 17.18881928966883], [80.34071931172036, 17.191063211341238], [80.34071504984567, 17.192761472666238], [80.34071337538168, 17.19342864703667], [80.34071048293077, 17.1945810376594], [80.3408963362523, 17.196037006226796], [80.34089344483473, 17.197189395696874], [80.34127033209198, 17.19803915825662], [80.34101613235394, 17.198645256706758], [80.34188668653573, 17.198662820170334], [80.34330755140051, 17.198847144404898], [80.34529739893404, 17.198850441962104], [80.34738233929818, 17.198717410845187], [80.34918267663791, 17.198720360745963], [80.35126805974895, 17.198405335128204], [80.35221638516171, 17.198088449377863], [80.35482412406813, 17.197273852386733], [80.35757353125582, 17.196641406737623], [80.35875828080383, 17.196506825645937], [80.36122209219576, 17.196419749345115], [80.36254676657516, 17.196846127846953], [80.36264230368853, 17.19687687827584], [80.36330372796628, 17.19765123434049], [80.36448532842373, 17.19883580359871], [80.36500278874455, 17.200383244512555], [80.3657583392591, 17.201430673206463], [80.36713089515649, 17.20202416476693], [80.36878912915653, 17.20202672836815], [80.37021154490967, 17.20157402641977], [80.37163342015502, 17.201348759597373], [80.37267765715487, 17.200531548665605], [80.37353194843087, 17.19989600084964], [80.37410356652518, 17.19857768230953], [80.37429552268036, 17.197531721681624], [80.37486638423638, 17.196531822901495], [80.37553114480534, 17.195895979190936], [80.37662013877318, 17.195062625293225], [80.37675820688858, 17.194998235728928], [80.37699776770067, 17.1949278699092], [80.37732472771606, 17.194888578627985], [80.377683861826, 17.194871436267942], [80.37816278714726, 17.19481468899283], [80.37835155181101, 17.194810551680952], [80.37848682240596, 17.19480642513031]]]}}, {"type": "Feature", "properties": {"mandal": "Yellandu", "district": "Khammam", "state": "Telangana"}, "geometry": {"type": "Polygon", "coordinates": [[[80.42881209279423, 17.736042682423474], [80.42901129248875, 17.73341123498538], [80.42693541974664, 17.73010343417315], [80.41551877028401, 17.715026665219163], [80.41167251954035, 17.709948396157642], [80.40839099615793, 17.70561844446068], [80.40656707819717, 17.70320212062879], [80.40534604641664, 17.701593146978418], [80.40038560221477, 17.69504109237263], [80.39022813699587, 17.681624710190945], [80.37730808206392, 17.664552427334673], [80.38292250035107, 17.66088194330647], [80.41051401517986, 17.642857634986004], [80.41168112710449, 17.642022138260415], [80.41380165847953, 17.640002651574726], [80.41467889105232, 17.63933506340028], [80.41573919962553, 17.63853204586958], [80.414968007914, 17.635535632394536], [80.41515818129974, 17.632869944355313], [80.41537136709823, 17.630800598838306], [80.41596596205812, 17.62845276128232], [80.41682758232015, 17.62609517544374], [80.41737645998865, 17.624027455966655], [80.418260944627, 17.621561248616683], [80.42028953052983, 17.617670821613146], [80.42148684236093, 17.615322482943856], [80.42204337066663, 17.613353834180028], [80.4228591530262, 17.6107066786143], [80.42372833727936, 17.608038520216912], [80.42335364075335, 17.603946222951787], [80.4226817322839, 17.60143748724019], [80.42157500997617, 17.599209192345164], [80.4201935281582, 17.59648384109565], [80.41996452913132, 17.595914342892986], [80.41897983045102, 17.593468742082113], [80.41799510737695, 17.590901201300138], [80.41696452581198, 17.58794501548018], [80.41606373785945, 17.585438374373968], [80.41580417965156, 17.58467456110259], [80.41490336577768, 17.582044074750574], [80.41407123874028, 17.579524040369044], [80.41405597336627, 17.579489756971796], [80.41291856826113, 17.576470784537385], [80.41220101462395, 17.574585123281732], [80.41144530505544, 17.57265757643363], [80.41067421117569, 17.570129869900125], [80.4103230248208, 17.569002217306693], [80.40988786317614, 17.567623134148178], [80.40943752073309, 17.566617504634387], [80.40891848016437, 17.565448075210217], [80.40811685686133, 17.56286132917587], [80.40785694316399, 17.560403693972447], [80.40642153059389, 17.555180524381353], [80.40655075150885, 17.552903570060206], [80.40580819225262, 17.540933117658316], [80.40577758761111, 17.540517785848273], [80.40567030036765, 17.538248649024652], [80.40564697376833, 17.53616044765919], [80.40560091925745, 17.53483438969921], [80.40692610685333, 17.523793915732558], [80.40927585640124, 17.523380414025553], [80.41148071819637, 17.523298558033808], [80.41190031979808, 17.523239143962567], [80.40594845725465, 17.515849074088287], [80.40358505008818, 17.512704053124263], [80.39150598252625, 17.499339407626923], [80.38284125546315, 17.493052641473525], [80.37155174828982, 17.489128297441336], [80.3603825224448, 17.486430200947442], [80.35668017189026, 17.485826096933714], [80.35146746498063, 17.48524164809634], [80.3491281875846, 17.48494920123386], [80.34815197500585, 17.484931613342077], [80.34883419826558, 17.488353346849042], [80.34916596521315, 17.489420240281678], [80.34955328254556, 17.491885446574365], [80.34977498739427, 17.495105168897854], [80.3498126688478, 17.49911622118277], [80.35007073206116, 17.50005437959905], [80.35021814573845, 17.500348647963133], [80.34981299318449, 17.500661776037138], [80.34951896166844, 17.503863527834238], [80.34920660835965, 17.507525280776974], [80.34898588126212, 17.508960622414964], [80.34854401424101, 17.509862563559782], [80.34756818570412, 17.511666522609172], [80.34535847919285, 17.51440988031552], [80.34349864208414, 17.516711359242713], [80.34283578556311, 17.517797478949678], [80.34198367915864, 17.519047000712757], [80.3417309843538, 17.51941755026775], [80.34154690669753, 17.519951287621563], [80.3416022763761, 17.52048482600761], [80.34173131761557, 17.520999904105242], [80.34230270196986, 17.522876174440103], [80.34254224521365, 17.5233359615879], [80.34298443405144, 17.523961176075638], [80.3431871129445, 17.524292197719216], [80.34364773471437, 17.524990994635406], [80.34440310427665, 17.52589194123615], [80.3444952300806, 17.526039060315643], [80.34462450027375, 17.52763970562948], [80.34468026025668, 17.530031590653323], [80.34480938282947, 17.530933056480844], [80.34530724141823, 17.53352696794161], [80.3453442695793, 17.534428510649967], [80.3454733068268, 17.53492518921086], [80.34772021461195, 17.533911350574087], [80.34897263053836, 17.53354231975871], [80.35040923231112, 17.53315473767561], [80.35269305104079, 17.532490458381414], [80.35517946024689, 17.531734013069457], [80.35639501469605, 17.531254616263503], [80.35716858203682, 17.53110677738232], [80.35801591878713, 17.53140046494463], [80.3583660504892, 17.532209749836777], [80.35914005875729, 17.534159450224568], [80.35937964581953, 17.534821631777653], [80.36031960687303, 17.53763596860643], [80.36131489173373, 17.540763050471575], [80.36266024893088, 17.54442342687614], [80.3634711574714, 17.546667487784617], [80.3640055834985, 17.547973405663885], [80.36476125866612, 17.550327909252513], [80.36581173375328, 17.55314215415047], [80.36621721871427, 17.554411380629872], [80.36653056227374, 17.55545988972078], [80.3675480975418, 17.558182788891614], [80.36526196940233, 17.558630963922933], [80.36249265964724, 17.55930202988619], [80.3603642533373, 17.56015356835248], [80.35806797633262, 17.56089283225078], [80.35495537468586, 17.56169564987119], [80.3523997196058, 17.562526583358025], [80.34958469307429, 17.563477767964024], [80.34725790173786, 17.564228489547624], [80.34681542806317, 17.56436032346395], [80.34634243902063, 17.564503614398507], [80.34465646035768, 17.565009923764865], [80.3444657389112, 17.56506343017464], [80.34154387314311, 17.565881331536577], [80.33866015428524, 17.566703011851846], [80.33664617191864, 17.56748014698593], [80.33621154269554, 17.568635126479556], [80.33560156058716, 17.57037137116425], [80.33509065142528, 17.57159119486894], [80.33462550534101, 17.57275001023052], [80.33428999558002, 17.573611489672796], [80.33393921353702, 17.574410105641228], [80.33351982496667, 17.57547933388656], [80.3333596738266, 17.57578812703834], [80.33294785475536, 17.576577268221104], [80.3322308948404, 17.577517182346888], [80.33197156031807, 17.577816531078028], [80.33081186150265, 17.577630774760173], [80.33066691788663, 17.57769758058337], [80.32943861797203, 17.5778148256926], [80.32829416909607, 17.57758713892504], [80.32518151752313, 17.578155602980047], [80.3239305776081, 17.579450348308388], [80.32303818926864, 17.580611423693455], [80.32293931405076, 17.58206525748851], [80.32234447107568, 17.583231802319034], [80.32104742013085, 17.582933746424075], [80.32081479457712, 17.582949505012223], [80.32055037296688, 17.583454195375356], [80.32036357412971, 17.58392109705134], [80.3195226853436, 17.58462191490498], [80.31872854085927, 17.58541604430978], [80.31807443053131, 17.585556611020323], [80.31732690129286, 17.585837280243698], [80.3170466146862, 17.5861175613036], [80.31690651113799, 17.586444400131942], [80.3168598558235, 17.586771161350125], [80.31625247013568, 17.586911689977754], [80.31606574948366, 17.587751988305346], [80.31573872948853, 17.5879856334147], [80.3149912201877, 17.58835965186991], [80.31405695148035, 17.589387269826915], [80.31387032918782, 17.590694315357826], [80.31387050542146, 17.591527441510216], [80.3144499697778, 17.592103771068814], [80.31483914105054, 17.592459741005968], [80.31499941309444, 17.592726351643574], [80.31556414935237, 17.59350705915198], [80.3156786275854, 17.593689874250252], [80.31582363681935, 17.593933633222917], [80.31607549733043, 17.594373551190657], [80.3163502648033, 17.59490299913089], [80.31671656726611, 17.59535044253461], [80.3170065756717, 17.595790328663767], [80.3173500329076, 17.59643975370559], [80.31720521750069, 17.59711816437378], [80.31661020943879, 17.597499720920805], [80.31599224181846, 17.597540245730087], [80.31545061117828, 17.59779029165497], [80.31513799757737, 17.598689857902322], [80.31503135216676, 17.599478745147067], [80.31510772764388, 17.599867364864348], [80.30890492504254, 17.599163742784974], [80.30496031096332, 17.598006686344192], [80.30339050590308, 17.596441526208345], [80.30051146997191, 17.593571009221037], [80.29932102036771, 17.592278292197186], [80.29935152432004, 17.592215392019668], [80.29774429766205, 17.59018478392641], [80.29242769618565, 17.58819774967694], [80.28921534737354, 17.58587705850498], [80.28799686932156, 17.58499298187214], [80.28367658520527, 17.580792395727055], [80.2807961009815, 17.57659061356555], [80.27924440546671, 17.57117072994139], [80.27724962433375, 17.565419306404387], [80.27603009684996, 17.559556601473986], [80.27425670736503, 17.55325181290066], [80.27422616968336, 17.54652785508206], [80.27338953822513, 17.546782529339566], [80.2742231309903, 17.546258616680625], [80.27379877871522, 17.54617002927322], [80.27153276318214, 17.545701300395177], [80.26825963789959, 17.54505621428787], [80.26494068131267, 17.544148233803988], [80.26203347460307, 17.542132925283926], [80.2604003805108, 17.540168002214454], [80.25811894454185, 17.538929541334678], [80.2560059634876, 17.54058129461855], [80.25445008435904, 17.542988994316058], [80.25338999070048, 17.544818972278094], [80.2520019484657, 17.54718651994249], [80.2506368511223, 17.549824603025062], [80.2505605865178, 17.549961848607484], [80.24928695168123, 17.552173066907717], [80.24802853332469, 17.554182308116797], [80.24636579489763, 17.55636145901517], [80.24352800056263, 17.557891874926604], [80.24207049042825, 17.556446955239746], [80.24179577687681, 17.556174724355998], [80.24083403928365, 17.554089208645216], [80.23978839872709, 17.55210093358326], [80.23880383687278, 17.55031838112113], [80.23865119022857, 17.55003461665132], [80.23266343997155, 17.55184978274168], [80.231479334707, 17.552103118418913], [80.2298216399139, 17.552703831434645], [80.22881120783319, 17.552941251184635], [80.22775344222894, 17.55333642904905], [80.22450113643188, 17.55420659049982], [80.22156460664178, 17.555076489399468], [80.22039630939378, 17.555424444094093], [80.21768079896682, 17.556183755798493], [80.21756749315247, 17.568150666520758], [80.21763626416197, 17.568655515942083], [80.21783491355392, 17.570013837047675], [80.21786547421497, 17.570219585310642], [80.21881220934155, 17.57351688978822], [80.21891911813363, 17.573977886135243], [80.21942310731315, 17.57612284606983], [80.21886057680611, 17.57945081967662], [80.21820712640428, 17.58271858604193], [80.21736687735185, 17.58645325436723], [80.21666647566619, 17.588647543100368], [80.21601320356733, 17.59275545262318], [80.214799091086, 17.596163709018867], [80.21367841852229, 17.599525211926156], [80.2134456644874, 17.60363277258475], [80.21335268859808, 17.60587323212929], [80.21279252937202, 17.60839412715046], [80.21248163146396, 17.61122079335744], [80.21168755501884, 17.612341643591485], [80.21037981751485, 17.614909833477878], [80.21023987148882, 17.61598346603918], [80.20879236480651, 17.62046543228285], [80.20827866445987, 17.62172607356829], [80.20827902877204, 17.62345303478336], [80.20799937309738, 17.626720490357794], [80.20804636428181, 17.62798066678132], [80.20818698987601, 17.630127582272582], [80.2078137379787, 17.63269499673766], [80.20809474491111, 17.635821963453587], [80.20795511417998, 17.63838918351624], [80.20758186235611, 17.640956598344502], [80.20786282931823, 17.643896866769538], [80.20795696790509, 17.64716401239882], [80.20809811674567, 17.651784683376622], [80.21150963895468, 17.654862376860905], [80.21277124374284, 17.655094702252722], [80.21389264590732, 17.655187121062973], [80.21576181359308, 17.65611906160293], [80.21711717209638, 17.657798222937682], [80.21823877099354, 17.65882413374187], [80.22052845653599, 17.659755725258638], [80.22202366254668, 17.659894507890503], [80.22403279570977, 17.659846166142497], [80.22529424230058, 17.659331697248145], [80.22655582688112, 17.65947067378256], [80.22809782603096, 17.65993614068409], [80.23048089093692, 17.660540932563368], [80.23122806529506, 17.65857997713113], [80.23155470144896, 17.65652602211481], [80.23244235401582, 17.656011864287002], [80.23398411642563, 17.655357139476855], [80.2356193473257, 17.654795686150766], [80.23669392639069, 17.65442139754023], [80.24572835666525, 17.659506617554552], [80.24820510652782, 17.6612315228121], [80.24960711958872, 17.6625839231538], [80.25194378551089, 17.664729015580615], [80.25365983235598, 17.666674757109078], [80.25394992196996, 17.66750142102915], [80.2546827724371, 17.669552831348515], [80.26039408989213, 17.675084876123627], [80.26052504079766, 17.675436123913407], [80.26092609906335, 17.67662059695869], [80.26117983125516, 17.67738029629573], [80.2617282394482, 17.679103937861697], [80.26202290536934, 17.680027024705975], [80.26286593776634, 17.682477646723136], [80.26340616738298, 17.684209465984427], [80.2636189428778, 17.684691383251746], [80.26372535757099, 17.685058992813758], [80.26397908024717, 17.685769666258448], [80.2640284984518, 17.687379326600905], [80.26406145330458, 17.688498736078003], [80.26414378075779, 17.691007188617228], [80.2641769640994, 17.693205179775042], [80.26426702036618, 17.69358097427387], [80.2642017976683, 17.69460241324805], [80.26430026518055, 17.696073124944878], [80.26430872486984, 17.69739683193367], [80.26446464913307, 17.69980716965024], [80.26444857008018, 17.701139068206192], [80.26448970204673, 17.70224212933346], [80.2641135052092, 17.702585626730833], [80.26335301958434, 17.703681182300823], [80.26293600021359, 17.704384240857525], [80.26287882096116, 17.704760157704808], [80.26216741718777, 17.70587201470387], [80.26174224158673, 17.706689475045515], [80.26163598982885, 17.707089945663665], [80.26094099325302, 17.708430579644975], [80.2604831594514, 17.709534054462758], [80.25994347650527, 17.71039246486364], [80.25937925506247, 17.71125089680628], [80.25892117815044, 17.711202249952887], [80.25849582874936, 17.71119443253244], [80.25829952864879, 17.711259964369603], [80.25807050024414, 17.71128466735558], [80.25747335343854, 17.71117076829001], [80.25708070431129, 17.711073041459976], [80.25641816835638, 17.711187986265795], [80.25618097641853, 17.711286235451055], [80.25601738808585, 17.71131905568591], [80.25557570882005, 17.711450159422732], [80.25523220010678, 17.711646550876004], [80.25499504943788, 17.71194090665609], [80.25463524180167, 17.712423298064046], [80.25430004947027, 17.713265197614852], [80.25416106761523, 17.71361666903229], [80.25370318794738, 17.714499524915205], [80.25349871241762, 17.714589576474804], [80.25344147153929, 17.714671334573953], [80.2533269978922, 17.714875706844417], [80.25322924323476, 17.71677964846808], [80.25309851376194, 17.71747429812436], [80.2529677203736, 17.71786661892473], [80.25282058507739, 17.718340662779134], [80.2525590297476, 17.71927238252274], [80.25233825340369, 17.719640263920947], [80.25207666395545, 17.72040856201988], [80.25143884589617, 17.721373278566407], [80.25105450982379, 17.72190471741274], [80.25079285917201, 17.72238702851748], [80.25072749929718, 17.722754780479256], [80.25084149633628, 17.723262857233667], [80.25034928903146, 17.723850153846325], [80.2501868411309, 17.724677304869754], [80.25009827829099, 17.725341945156632], [80.25005410748822, 17.72619853416476], [80.25000993429445, 17.72704035534644], [80.2498327967203, 17.728310562345587], [80.24978863863319, 17.729226224030906], [80.24981846812354, 17.730466723861174], [80.24980385846266, 17.731293751889982], [80.24968575955623, 17.73210609797639], [80.2496266961341, 17.732445814965462], [80.24949229464562, 17.733185026299257], [80.24919767622598, 17.733215456462023], [80.24905272217619, 17.733228913967004], [80.24870941011237, 17.7332711157127], [80.24837699056391, 17.73336324542714], [80.24849959538027, 17.73534025471861], [80.24862745986206, 17.73638859535254], [80.24897458871709, 17.73726989830219], [80.25022847770788, 17.737998760539618], [80.25142809421496, 17.738696064139795], [80.25144723528976, 17.73866327825084], [80.253330506157, 17.741143840690256], [80.25727605376326, 17.74634047203574], [80.26005920838803, 17.750005911690764], [80.259995874417, 17.751243681895993], [80.25988551017024, 17.753793457890346], [80.25898854174724, 17.753860323411978], [80.25868296451769, 17.75388310257726], [80.25860387785428, 17.75447632284191], [80.25841631766862, 17.75521534567024], [80.25829295087232, 17.75570143207418], [80.25792928239512, 17.757416777840568], [80.25766998589107, 17.75849491692484], [80.257507809786, 17.761240692069546], [80.25750178803693, 17.763153232685468], [80.25754648282476, 17.765213040022932], [80.25763478988253, 17.76967591567387], [80.25793881566925, 17.770657583483576], [80.25814076156885, 17.771540875093454], [80.25839066620877, 17.77345415702196], [80.25864350518677, 17.774435673971045], [80.25884346927586, 17.775956470906944], [80.25787070108142, 17.776344612669597], [80.2578567830396, 17.77635016591707], [80.25891735939588, 17.7773175559935], [80.26168671883057, 17.778946117111406], [80.26389206247124, 17.78114682601063], [80.26677602374212, 17.78148738817155], [80.27102549134527, 17.781140905825534], [80.27217751227666, 17.78110184297271], [80.27342086989161, 17.780039553257808], [80.27556444298031, 17.778759311165373], [80.27779201060616, 17.777818144725426], [80.28143115293955, 17.777575055251564], [80.28407855359853, 17.7776738393351], [80.28740495390919, 17.777720615812186], [80.29060926601537, 17.777677944505303], [80.29351609571036, 17.77793084381733], [80.29565222233934, 17.777513712383126], [80.30045111043805, 17.777688828383514], [80.30396822104377, 17.777626844100073], [80.30919427277263, 17.777424353511435], [80.31030814617748, 17.777381512412035], [80.31273424876167, 17.777259463565635], [80.31507646720335, 17.7773184891412], [80.31547319425495, 17.777327685895397], [80.31773147334538, 17.777306758417573], [80.32117224535106, 17.77703525320563], [80.32416297531921, 17.777181383777798], [80.32755810813376, 17.77755772180911], [80.33054878709386, 17.777465689358245], [80.33323428444177, 17.777331993962704], [80.33717092794316, 17.77689050331362], [80.34192383679508, 17.77610728476428], [80.34638660927224, 17.77427067046208], [80.34951436481602, 17.77298389410391], [80.35217644039483, 17.770323774653924], [80.35695923354099, 17.766533949886302], [80.35957553002773, 17.763854816085992], [80.36301580441686, 17.761224535052573], [80.3659602047823, 17.758747090544258], [80.36911816480907, 17.75597795648392], [80.37244421658262, 17.754374732713302], [80.3744810090195, 17.75324128673199], [80.37539642184694, 17.75273371361], [80.37589228191503, 17.752510379875186], [80.37650256977811, 17.752231697791334], [80.37792911814816, 17.751584612491683], [80.37985900198547, 17.749982548393884], [80.38565714546714, 17.749278483571015], [80.39498028363799, 17.74973182465036], [80.39622396951607, 17.750231887970635], [80.39858917625176, 17.750771031586265], [80.40737858804725, 17.752781454710565], [80.41168934143792, 17.753650506719097], [80.41309193001858, 17.753330544400935], [80.413909979345, 17.75117299848086], [80.41427673343699, 17.75041144730421], [80.41485529786213, 17.750255897667824], [80.41520808347794, 17.750171021370463], [80.41533495863595, 17.749536543888986], [80.41602606060404, 17.747675143988204], [80.41670312864628, 17.746180281235908], [80.41729551092357, 17.744629101191038], [80.41791612400569, 17.743106091879678], [80.41907264457667, 17.739905074637303], [80.41970752968919, 17.739143299594186], [80.41998967417335, 17.738677859053983], [80.42079383710013, 17.737591708722572], [80.42224696951, 17.735616898918437], [80.42289597907204, 17.734911501393388], [80.42406732269372, 17.73509379082551], [80.42608545091093, 17.735543223732524], [80.42797654519364, 17.735879984066706], [80.42881209279423, 17.736042682423474]]]}}, {"type": "Feature", "properties": {"mandal": "Yerrupalem", "district": "Khammam", "state": "Telangana"}, "geometry": {"type": "Polygon", "coordinates": [[[80.42802229040888, 16.838944080674935], [80.43154091054511, 16.840376510645665], [80.43331477025205, 16.840661430374823], [80.43554676515649, 16.841175664806055], [80.43802599712633, 16.842133455676926], [80.44029312614123, 16.84281817503068], [80.44302173881626, 16.843162438839553], [80.44479346891374, 16.843437337585133], [80.4462456570379, 16.843984629780095], [80.44947013563586, 16.844533986080947], [80.45241073519384, 16.845253457697925], [80.45345859856451, 16.845317671890967], [80.45282821743629, 16.846022899496763], [80.45147670286458, 16.84753485865562], [80.45016910920572, 16.849565778742672], [80.44872637355742, 16.851726261990105], [80.44687442613497, 16.856221389549805], [80.44615208302979, 16.857777293439135], [80.44489060413656, 16.859159582646075], [80.44371841843817, 16.86084467248404], [80.44187178391165, 16.862572188956843], [80.44052110959596, 16.86356515442429], [80.43822406989541, 16.865681281460162], [80.43709927547195, 16.866112338840324], [80.43538959420788, 16.8667588866088], [80.4344432994679, 16.86783879617337], [80.43349778540903, 16.868529514883566], [80.43282227606818, 16.86909083536131], [80.43238588843768, 16.86966506466485], [80.43214754277939, 16.870799898451956], [80.43248075938185, 16.87274625190985], [80.43301709038545, 16.874303668798834], [80.43321689676478, 16.87553634286125], [80.43378729089497, 16.87693163787239], [80.43445924793093, 16.87813246280746], [80.43502959254221, 16.879560185390975], [80.43533090629903, 16.880630819372154], [80.43563261677103, 16.881506861057098], [80.43651704456185, 16.882075776880246], [80.43625856700177, 16.882929242068737], [80.43585015823503, 16.88478818535572], [80.43589013453158, 16.887253078652567], [80.43602222192501, 16.88863701213154], [80.43650929605228, 16.892356493389357], [80.43659599208988, 16.89395658297321], [80.43659284910902, 16.89551331933662], [80.43668181599368, 16.895989098964638], [80.43501736470925, 16.896376236823873], [80.43398187613698, 16.89702359799182], [80.43321651838183, 16.89749831859821], [80.43294541140094, 16.89814662295583], [80.43280787449737, 16.89944373406494], [80.4326710409254, 16.90039490297668], [80.4331173424439, 16.9020386800325], [80.43338458093956, 16.903293049577613], [80.4337862817534, 16.90476379872918], [80.43436706235606, 16.90662395034489], [80.43499238183568, 16.908700368561476], [80.43539436785358, 16.910041383904602], [80.43396519081722, 16.91119701041628], [80.4332436880627, 16.912190694207375], [80.43238604016386, 16.913789601692116], [80.43197947351929, 16.91469718767131], [80.43184244869195, 16.915734837233632], [80.43183988660482, 16.916988866332535], [80.43188246992356, 16.918156467099735], [80.43187840512937, 16.920145614548105], [80.43147093981919, 16.921485621746328], [80.4332976493303, 16.9226459723769], [80.43681784279711, 16.923519860153213], [80.4404354532324, 16.923295432123467], [80.44248217958554, 16.923206363631444], [80.44619785143375, 16.92151745687489], [80.44838859332239, 16.92078778332329], [80.44915098401846, 16.920331018202084], [80.4498975433201, 16.919858884584716], [80.45030055970163, 16.920735012617566], [80.45141040267627, 16.92235788940791], [80.45218292415811, 16.92401280383664], [80.45339360776512, 16.925830375686434], [80.4551094275933, 16.92807012895271], [80.45635414106538, 16.929757993509376], [80.45712934209133, 16.93005075593198], [80.45827518963127, 16.93053852328405], [80.45932053586598, 16.93066942196038], [80.46009672958556, 16.930443267397575], [80.46080552676487, 16.93018460321183], [80.46131139680259, 16.930217596273263], [80.46225475959123, 16.930769980403277], [80.46265883307619, 16.9311271761448], [80.46373705942354, 16.931712133519177], [80.46444494226296, 16.931939931797622], [80.46488348043609, 16.9319079801697], [80.46535635594819, 16.931551747341906], [80.46633399225665, 16.93059043592798], [80.46674730419743, 16.93128855666107], [80.46722947532591, 16.932119640442618], [80.46746916937511, 16.933282686322382], [80.46781085295206, 16.935342846957564], [80.46839453377716, 16.937336821193618], [80.4686666966338, 16.93962945904932], [80.46880392125836, 16.94016116530565], [80.46876702494568, 16.941423575609566], [80.46876293722579, 16.941458378726985], [80.46876318382047, 16.941458178423172], [80.46921786267302, 16.941088636734584], [80.47156048098545, 16.939070647989162], [80.47562481845655, 16.935632584768214], [80.47897021746351, 16.933663872876284], [80.48135933133567, 16.932381809021784], [80.48241534112644, 16.93171450980468], [80.48274225655231, 16.931507102495786], [80.48346193587726, 16.931052839444963], [80.48390940555355, 16.931054794273464], [80.48421433830276, 16.930975089897977], [80.48495933345987, 16.93078201295076], [80.48646134134603, 16.930553011647067], [80.48731146026218, 16.930353334631544], [80.48775979844558, 16.92991212975694], [80.4912009650786, 16.92780547570114], [80.49272931157961, 16.92730289984445], [80.49272955311574, 16.92730431656118], [80.49281029520787, 16.92777737342053], [80.49281037510275, 16.927777841136265], [80.49287040354498, 16.92812954335428], [80.49262664058337, 16.93088637756373], [80.49228875719477, 16.932815519899663], [80.49236242959144, 16.93494388953689], [80.49237939130904, 16.9354339011027], [80.49285097627056, 16.938145665281976], [80.49337300747891, 16.93998477899734], [80.49351224178436, 16.941776853994487], [80.49365153414223, 16.943843636624095], [80.4942680156362, 16.946050322626412], [80.49407785692328, 16.947811280801503], [80.49402464218593, 16.94830068616714], [80.49426188946308, 16.949220196428637], [80.4944507167002, 16.950277538794825], [80.49583053704644, 16.9525771496511], [80.49639926650595, 16.95459946937124], [80.49687747540428, 16.954830938914366], [80.49722062590347, 16.954996661824502], [80.49722144267757, 16.9549970557794], [80.49744839588504, 16.955106660849143], [80.49773473518937, 16.955245088033234], [80.49797946449681, 16.955326529788174], [80.49926135119888, 16.9557531169278], [80.5009753372363, 16.956010153326105], [80.50112258671162, 16.956032235997917], [80.50369958388848, 16.95640415691707], [80.5036996579759, 16.956404235728044], [80.50412862708544, 16.956865012300156], [80.50413101376434, 16.956864095796362], [80.50461233336308, 16.95667932548054], [80.50473738711258, 16.956631436185], [80.50473822874709, 16.95663111387981], [80.50556152180478, 16.95631583024274], [80.50728118575498, 16.95567556528519], [80.50957464289388, 16.954714084140296], [80.5109583071753, 16.954092430723982], [80.51191581751173, 16.95366222344426], [80.51382630758617, 16.953022229908097], [80.51650135928432, 16.951785483652305], [80.51960727427577, 16.95032106571266], [80.5222822500384, 16.949085376192848], [80.52228463508935, 16.949086843449507], [80.52242597641019, 16.949173792420755], [80.52242734282956, 16.949173182414917], [80.5226075944679, 16.94909269845293], [80.52314161534014, 16.948994099891546], [80.52366746844882, 16.948535991928114], [80.52467069713678, 16.948123889878943], [80.5248967108254, 16.94817513304929], [80.52518476974998, 16.948012816143915], [80.5256882256518, 16.94792659713761], [80.52568883297506, 16.947928014408436], [80.52620641657771, 16.949137067770305], [80.52695219501437, 16.950842455912472], [80.52725226611553, 16.951528626731367], [80.52806556586289, 16.953701775225742], [80.52825008616344, 16.954194807181143], [80.52955765116639, 16.957356588587256], [80.52955767268905, 16.957356640172215], [80.53015136089324, 16.95879218349892], [80.5308193246274, 16.95902275344665], [80.53158219477527, 16.959391393381726], [80.53267624695567, 16.96182821495156], [80.532678594746, 16.96182638192432], [80.53268845263612, 16.961818688812066], [80.53269364223814, 16.96181463828428], [80.53278937893204, 16.961805580280732], [80.53296666814131, 16.96180586546751], [80.53306838285009, 16.961783005182706], [80.53314507709975, 16.96176576789372], [80.53314520495168, 16.961765739158853], [80.53314575529598, 16.961767555144423], [80.53314620939703, 16.961769055344803], [80.53314915078424, 16.961767937730652], [80.53314919498088, 16.96176792061839], [80.53348046008513, 16.96164202700406], [80.53506861255366, 16.96103845410905], [80.53614466403664, 16.96065354650577], [80.53743945573353, 16.96011636564991], [80.5392089702574, 16.959475922522326], [80.5398126740723, 16.959165992219678], [80.54107146456792, 16.958720301368356], [80.54217224576172, 16.95828339965984], [80.54319251835399, 16.957872367714987], [80.5441706379278, 16.95737874001725], [80.54536065122856, 16.95695778719367], [80.5460599736708, 16.956704511277916], [80.54681617216447, 16.956154003739524], [80.54839300717678, 16.955145778956567], [80.55173749979858, 16.95312845309675], [80.5571373208331, 16.949737224429743], [80.55791217442474, 16.949208618457092], [80.56143801514786, 16.9468032151423], [80.56535591714112, 16.944465456687688], [80.56551301042725, 16.944318413630672], [80.56703327690452, 16.9428953843535], [80.56731616593856, 16.94263125970164], [80.56868455082892, 16.941844154552857], [80.56946572534017, 16.94139421356103], [80.56996840014614, 16.941409631518837], [80.57056895399698, 16.941140929426368], [80.57102620713458, 16.94093634109872], [80.57108984419935, 16.940798513375945], [80.57395539418734, 16.93983828158967], [80.57428794705055, 16.939058244528315], [80.57447993155724, 16.938607921079537], [80.57429185839673, 16.938322771948506], [80.57481784295206, 16.937680266647035], [80.57534249759868, 16.93791049593998], [80.57534250316758, 16.937910541167387], [80.57540514906185, 16.938418173890398], [80.57551042296843, 16.938525683374216], [80.57562795960901, 16.938645715988148], [80.57562878252273, 16.93864460112782], [80.5757590418356, 16.93846818668742], [80.57605989451959, 16.938060729311083], [80.57616876106165, 16.93791278912602], [80.57601134925507, 16.937544029226927], [80.57663169630075, 16.937406978988427], [80.5766331580952, 16.937408992406358], [80.5769651481689, 16.937866426190883], [80.57711437375198, 16.938154740925558], [80.57711446181929, 16.938154910170113], [80.57715544995666, 16.938234101827927], [80.57715742127529, 16.93823284567613], [80.57737444668683, 16.93809459314784], [80.57758573467234, 16.937959995153964], [80.5787800005387, 16.937318413587906], [80.57916738106063, 16.93745574206822], [80.57968623544846, 16.937640733009225], [80.57990466485585, 16.937267974704774], [80.58011720401342, 16.93690651376801], [80.58044336541926, 16.93635528589695], [80.5807918944019, 16.935767913605925], [80.58131351043062, 16.934886852280975], [80.58074200712635, 16.93378270347326], [80.58067830185782, 16.93357912697496], [80.58041003310166, 16.932726365337828], [80.58103063686005, 16.932405034197043], [80.5816045324535, 16.93190049718273], [80.58146261638016, 16.930981211727925], [80.58256138056062, 16.93015633700478], [80.58337429290998, 16.929238362410487], [80.58461591735917, 16.928688381302788], [80.58503280767258, 16.928716082008194], [80.5860480265473, 16.92878190202076], [80.58606280192983, 16.928779470285793], [80.58700191289044, 16.928624927124545], [80.58743245314466, 16.928554288769877], [80.58876971207748, 16.92805076282233], [80.58895529311653, 16.92792061428612], [80.59001177931775, 16.927179690668197], [80.59025151849123, 16.926260920976404], [80.58996673860403, 16.925434148793027], [80.5906359956616, 16.924331683002716], [80.59101946129866, 16.92350580434536], [80.59154432738973, 16.923576595292733], [80.59240325419249, 16.92369078794409], [80.59240350602562, 16.92369207252004], [80.5925927139249, 16.924656481448253], [80.59259562551765, 16.924655863091395], [80.59341741495521, 16.92448121900585], [80.59388204159333, 16.924382349404713], [80.59443402171912, 16.924383078423887], [80.5951228224563, 16.92438398613704], [80.59579113643046, 16.924338514473103], [80.59631675384601, 16.923880223463403], [80.5961743845547, 16.923236785690907], [80.59669206625387, 16.92257386281259], [80.59717856518785, 16.921951597422968], [80.59799609852048, 16.921850919479184], [80.59908924413925, 16.920759152209587], [80.59947253167468, 16.9196110660737], [80.6003318586768, 16.919429037572197], [80.60081309646975, 16.91919790708286], [80.60147824813669, 16.91887883348799], [80.60143504182173, 16.91880970190795], [80.60134882520389, 16.918671753699485], [80.60134866865309, 16.918671502980164], [80.60133470373005, 16.918649159073784], [80.60119233405088, 16.91841948425036], [80.60028743379337, 16.917178162966785], [80.59818976854446, 16.915658316230694], [80.59782677692417, 16.915318694323634], [80.59735309611769, 16.914874901633944], [80.59656892521122, 16.9141402034856], [80.59485265963784, 16.912851443008858], [80.59390072175135, 16.91128896893527], [80.59299623522733, 16.909403230130383], [80.5927174686372, 16.908782323895476], [80.59190231630373, 16.906966680047436], [80.59114091502697, 16.90618702273546], [80.59113954356482, 16.906185619084457], [80.59033227390567, 16.906133667298906], [80.58894435758953, 16.906044756045226], [80.58770663753471, 16.905676388268017], [80.5877042279428, 16.90567567144045], [80.58703678327132, 16.905168304410992], [80.58600840405856, 16.903769917896547], [80.58598903658573, 16.903743582556004], [80.58599257441647, 16.90373341285754], [80.5859926291336, 16.90373325647059], [80.58627677895892, 16.902916446785696], [80.58670766521965, 16.90176844306988], [80.58728112197093, 16.901493376592427], [80.58728381084462, 16.901495159188404], [80.5875169265226, 16.901649704774204], [80.58751775737781, 16.901649433672905], [80.58789581631584, 16.90152586157716], [80.58906486747783, 16.901495782948032], [80.58939536875232, 16.901133336150387], [80.58952474670514, 16.90099106578706], [80.59024073889167, 16.900808885561506], [80.590243619681, 16.900810492019104], [80.59055578248875, 16.900984535043442], [80.59055621018088, 16.90098436106618], [80.59114091975266, 16.900746781192378], [80.5924473976366, 16.900688604852853], [80.59257972338412, 16.90053616292064], [80.5933199195016, 16.89943829689383], [80.59363176382342, 16.898975203880994], [80.59444632759691, 16.896770669522184], [80.59449538819199, 16.895714844223445], [80.5939181835994, 16.895189872852537], [80.5936850286527, 16.89497781572045], [80.59426061638186, 16.892774093685734], [80.59474461866797, 16.890920981302106], [80.59474469045453, 16.89092070464912], [80.59526830760866, 16.888915877804774], [80.59520920673636, 16.886295286945394], [80.59517880560978, 16.88496464052015], [80.59494367018235, 16.884759709139367], [80.59422536743226, 16.884135851365954], [80.59303430085285, 16.883032335951984], [80.59303397157937, 16.883032030730448], [80.59166955480958, 16.882558924335786], [80.59073313934545, 16.88223421971469], [80.58928936609814, 16.881914611552983], [80.58912268511614, 16.881878211223363], [80.58531154584085, 16.881945949107337], [80.58480806701675, 16.881954892566238], [80.5843507133421, 16.881963311843215], [80.5835578019506, 16.8817983026571], [80.58301546165691, 16.88168575122258], [80.58301491325162, 16.881685637418553], [80.58200275359975, 16.8813055246183], [80.58130080632277, 16.88104104810976], [80.58129805936827, 16.881040013291184], [80.58069412244507, 16.88092386622282], [80.57992057002531, 16.880773567724706], [80.57867625573991, 16.88053136604725], [80.5786745551042, 16.88053103537715], [80.57662409276038, 16.87961019434914], [80.57519872232986, 16.878162579938248], [80.57519844378237, 16.878162296465902], [80.57476592202146, 16.877723019482662], [80.57444560003468, 16.8773046382865], [80.57314648631015, 16.87560780338042], [80.57157395299951, 16.874319043894477], [80.5708124706014, 16.87321570765521], [80.57050763831553, 16.87280096157306], [80.56976442670779, 16.871789761326024], [80.56804999218352, 16.869673235737817], [80.56781301027723, 16.86880013796799], [80.56819566269976, 16.868112207569567], [80.56824587491869, 16.866779406333194], [80.56858031439296, 16.86613662671172], [80.56943401615096, 16.86443356489228], [80.56977687846084, 16.863749572924302], [80.57073805856179, 16.85943238397678], [80.57057296558195, 16.857998655667288], [80.57057294426893, 16.857998468423315], [80.57026713398248, 16.855342633939483], [80.56931980296052, 16.851114269475463], [80.5695157747272, 16.84776030280972], [80.56866108556663, 16.8451407896819], [80.5669002006521, 16.842105058422632], [80.56657588201571, 16.84155402437461], [80.56414062413666, 16.83741502843128], [80.56331991158994, 16.835282791327476], [80.56278994156696, 16.83390565397456], [80.56247758959896, 16.83309399092662], [80.56367562308088, 16.829695133432764], [80.56400114952345, 16.82859283730481], [80.56429934006005, 16.82758309494028], [80.56492860322854, 16.82739452703525], [80.56500515650812, 16.82737158684439], [80.56530186124718, 16.82680223457551], [80.56563240307008, 16.82673601497627], [80.5660574709583, 16.826649582829976], [80.56673304607203, 16.82663247539404], [80.56794568599317, 16.826595792959452], [80.56794821350107, 16.826596105018496], [80.56827466293316, 16.826636452303987], [80.568880474643, 16.826711324532948], [80.57003307117864, 16.826789857300415], [80.57079089308142, 16.826721981320883], [80.57130569498867, 16.82667636602456], [80.5721739537254, 16.82654646398695], [80.57317471698828, 16.826507188665317], [80.5740890523097, 16.82656614200338], [80.57492362018536, 16.82658993250372], [80.57541723795434, 16.825807174608013], [80.57613422471077, 16.824797493901222], [80.57613645280775, 16.823327812848994], [80.57680519296389, 16.822777055230564], [80.57680728778263, 16.821392162725566], [80.57680728822177, 16.821391872406828], [80.57680769477257, 16.821123097836225], [80.57717553801226, 16.82088669764349], [80.5778187403528, 16.82047333032378], [80.5785751779584, 16.81974745847986], [80.57949371111137, 16.819272650762898], [80.57949397988547, 16.819272511855566], [80.57981626330654, 16.819105915672754], [80.58029595419025, 16.81740626634793], [80.58067901257911, 16.816349753105097], [80.58230329529457, 16.81492753011649], [80.58354508525878, 16.81378061914924], [80.58397545216165, 16.812863218999624], [80.58437051274963, 16.812932729185338], [80.5844999885632, 16.81295550957082], [80.58450097073174, 16.81295489771417], [80.58545513369597, 16.812359894314692], [80.58607634146266, 16.811762688594488], [80.58631696771414, 16.810155401689443], [80.58684237047457, 16.809650768542724], [80.5873208378793, 16.808732294427504], [80.58860961510189, 16.808320260865454], [80.5893263380103, 16.80740210378774], [80.59007190779118, 16.8076348636405], [80.59042345203774, 16.80722042974385], [80.59085475772923, 16.806026035149202], [80.59176159707036, 16.805521899003434], [80.59233536481034, 16.804420393446208], [80.59314784411791, 16.803410776805176], [80.5935789290375, 16.80235430021336], [80.59577465618332, 16.8013001485223], [80.59672381130952, 16.801558024568447], [80.59697557526023, 16.801545052713564], [80.59700199755153, 16.80154369175154], [80.5970028888901, 16.801542835521467], [80.59731109787239, 16.801246765732117], [80.59749209154444, 16.801072900086844], [80.59835129077824, 16.800615023951874], [80.5988776021927, 16.79942073384069], [80.60002317050005, 16.798963223583815], [80.60169296978621, 16.798367325436782], [80.60336315517274, 16.79791047025905], [80.60386024590441, 16.79788171123134], [80.60493717545481, 16.797820903266487], [80.60589325238136, 16.796442864535265], [80.60718278364446, 16.795388574480658], [80.60794566103961, 16.79538953460534], [80.60865401637409, 16.795196187853396], [80.6090134975904, 16.795098065455566], [80.60970503490285, 16.794910130651136], [80.6112864375931, 16.794107157383294], [80.6116622851153, 16.793679692459705], [80.61166375299842, 16.793678022895705], [80.61164699030485, 16.793674631317902], [80.6116464928125, 16.793674530309843], [80.61164306480488, 16.793673836887006], [80.61128928745099, 16.79360224948406], [80.61128711350223, 16.793601809947308], [80.6103334317717, 16.793233200297667], [80.60994233493605, 16.792911376688295], [80.6099412807612, 16.79291050893105], [80.60957099646026, 16.792910046720575], [80.6086166385346, 16.79304677777379], [80.60837801492467, 16.793322329108346], [80.60894917634057, 16.79405789284251], [80.60873826653979, 16.794235122664976], [80.60856730482179, 16.794379616849625], [80.60817835255557, 16.7942954692217], [80.6077122368478, 16.79419495317236], [80.60770902948887, 16.794194261772635], [80.607296870966, 16.79381596694715], [80.60729583099966, 16.793815012369812], [80.60633654760467, 16.793862526828946], [80.60578230674363, 16.793889976583266], [80.60395381509659, 16.793849213909088], [80.60270097204896, 16.79382839304416], [80.6016877540496, 16.79382709223598], [80.60168752683131, 16.793827091943733], [80.6008595860843, 16.793631223347575], [80.6008562690347, 16.793630438546604], [80.60065035193557, 16.7937261787397], [80.60065016027167, 16.793726268030625], [80.59974442631503, 16.793494467514165], [80.59869608902743, 16.7928498323181], [80.59822129310193, 16.792666848178182], [80.59821925863545, 16.79266606410206], [80.5968839041524, 16.79275586858845], [80.59688352761113, 16.792755894324035], [80.59607279836239, 16.792571684906193], [80.59545565757324, 16.790778974621208], [80.5937405382655, 16.789443809032147], [80.59226223492225, 16.78912077474562], [80.5922638171552, 16.788017372966298], [80.59126312877157, 16.78732754383402], [80.59074461200326, 16.78724881571067], [80.5907348205954, 16.78724732929575], [80.59061304613691, 16.787228839889504], [80.5906095701947, 16.78722831066803], [80.5897969229123, 16.78710400738001], [80.5897371834046, 16.78709486932331], [80.58811784906666, 16.785714564050384], [80.58773718233866, 16.7847949225491], [80.58697528310827, 16.784151745555786], [80.58630798187224, 16.783828636588712], [80.58577344404308, 16.783406218882973], [80.58548859202473, 16.78318085472516], [80.58526160044546, 16.783002040539458], [80.58526000808882, 16.78300078663596], [80.58411443176468, 16.783504572082855], [80.58364044388505, 16.78354884663969], [80.58363730198802, 16.783549139889093], [80.58320951109842, 16.782767350808463], [80.58216192546628, 16.781296209240814], [80.58141594179254, 16.78102045883427], [80.5811614148601, 16.780927402794305], [80.580304184319, 16.78009866088976], [80.57949817638529, 16.779942657571702], [80.57924480491639, 16.77989324506124], [80.57887343449592, 16.77982082098169], [80.5785507705099, 16.779776279100368], [80.57787200492109, 16.779681496220505], [80.5771096034841, 16.779405708509074], [80.57658606488293, 16.778715343771196], [80.57606301670396, 16.77770390584962], [80.57506453531744, 16.77563474039244], [80.57352004811074, 16.772240576499783], [80.57349550071486, 16.77218663020564], [80.57216273916674, 16.770806604220553], [80.57030499705495, 16.769333112657584], [80.56916185625224, 16.768596919586393], [80.56916138544405, 16.768596616827665], [80.56806460926096, 16.768686609161627], [80.56761973423482, 16.769514653725647], [80.56690197016034, 16.76962101472747], [80.5658877917063, 16.769792515529286], [80.56564180603728, 16.769859356945997], [80.56563948901413, 16.769859986676042], [80.56548763967531, 16.7697865642572], [80.56548704867605, 16.769786278499556], [80.56453343184877, 16.769876461996617], [80.56329275138064, 16.77042634916828], [80.56166994037358, 16.77106724155174], [80.56052481303993, 16.771295049751796], [80.55972262515525, 16.77135151854965], [80.55861704518375, 16.771430143596028], [80.55775714060249, 16.77234799192159], [80.55479896640108, 16.773261554189105], [80.55212629185154, 16.774314565716317], [80.55115883024416, 16.77495750179149], [80.55020507385385, 16.775113191169996], [80.5491088792205, 16.775184761746964], [80.54910534883169, 16.775184992388933], [80.54843541473129, 16.775090127957696], [80.54737753010954, 16.77510880298424], [80.5473750909535, 16.775108846253627], [80.54631595050563, 16.775265188631025], [80.54631395030067, 16.775265483999593], [80.54530030448292, 16.775237932766856], [80.5452994708385, 16.775237909766886], [80.54353769526169, 16.775411532133216], [80.54273229628087, 16.77549651272803], [80.54207129055003, 16.775566255294642], [80.541228842929, 16.77565513897506], [80.54122540618225, 16.775655501680447], [80.54028032067316, 16.77553530722455], [80.5399081119905, 16.775485946282945], [80.53963325917931, 16.775449496307342], [80.53924724978717, 16.77539914287081], [80.53823393257925, 16.775378319985904], [80.53696835149239, 16.775329958092083], [80.53578886559973, 16.77537443049575], [80.5347407861009, 16.775437195488767], [80.53371058201672, 16.775341708275246], [80.53362223521876, 16.77534865800489], [80.5334852314736, 16.77535943483595], [80.53260436777573, 16.775429241245988], [80.53118491433857, 16.775460864395875], [80.52981959362008, 16.7754066457949], [80.52940074571305, 16.775353479776925], [80.52798810481802, 16.775174163515896], [80.52780147468741, 16.775195339813017], [80.527039001053, 16.775009813363514], [80.52665766431541, 16.774641762584427], [80.52596058551254, 16.77464061858964], [80.52576988634648, 16.774640305229646], [80.52498890086086, 16.77463902011589], [80.52422897155662, 16.77473003173273], [80.52422535159633, 16.774730465310927], [80.5239263592182, 16.774935299496786], [80.52392573413267, 16.774935728069597], [80.52280842375681, 16.77499266800555], [80.52199915574616, 16.775055765875678], [80.51976666510156, 16.775288328195312], [80.51919387086933, 16.7753472884465], [80.51860232719197, 16.775391518667988], [80.5181387144873, 16.775425787279577], [80.51801468356464, 16.775446415251132], [80.51676584290549, 16.775654107409146], [80.51559576544463, 16.7756849170913], [80.51535405516663, 16.775633868890644], [80.51535293463091, 16.775633631841345], [80.5141616280179, 16.776043128970837], [80.51349169672656, 16.77627375109506], [80.51206161812733, 16.776653435943455], [80.51005620913473, 16.777187007821954], [80.50858975939762, 16.777554171719654], [80.508052021749, 16.777688907689885], [80.50590523731836, 16.778190540945193], [80.50428260743101, 16.778601493859565], [80.50355079974452, 16.77899308850576], [80.50355056009656, 16.778993216516128], [80.50179977269299, 16.779930055291423], [80.50067625465991, 16.780765808152204], [80.49945988215836, 16.781671485176908], [80.49826656359953, 16.782174723895285], [80.49650409317583, 16.782629688941558], [80.49650062234078, 16.782630584476998], [80.4936898870669, 16.782901071431116], [80.49368642856855, 16.782901404386358], [80.49249130574184, 16.784323735547567], [80.49057807982466, 16.78716923887828], [80.48950210133137, 16.788255998464113], [80.4891975304696, 16.78856408248832], [80.48874008809699, 16.78902564223359], [80.48855546438115, 16.789211844333025], [80.4878540062166, 16.789920544949883], [80.48498835608295, 16.791845097803826], [80.48498830719532, 16.791845130273508], [80.48209676372836, 16.792575783652772], [80.48174331781247, 16.79266557275096], [80.48086822465238, 16.792846584620328], [80.47792973189823, 16.793454378420922], [80.47776652693949, 16.793487989478397], [80.47743483317117, 16.79355633186725], [80.47717300075303, 16.79361010757095], [80.47688298927322, 16.7936694828398], [80.47645032405019, 16.79375838299627], [80.47644679693677, 16.7937591080639], [80.47612298701792, 16.794006742725493], [80.47612236636931, 16.794007217290144], [80.47547072917976, 16.794136004743187], [80.47454461816201, 16.7942238216203], [80.47447704024029, 16.794230229658375], [80.47377865214285, 16.794261697682277], [80.47284727128924, 16.794304027950353], [80.47213428366027, 16.79437209864265], [80.47167456156974, 16.794415988553432], [80.47064041785906, 16.794490900526572], [80.46944755603761, 16.794698906964122], [80.46905783137815, 16.79473320941915], [80.46859297884002, 16.79477415070226], [80.46797197194037, 16.794843055316075], [80.46757870475471, 16.79488752309705], [80.46604818124908, 16.794923021281562], [80.46519714624232, 16.79498695281911], [80.46404697826226, 16.794929527931153], [80.46404297321935, 16.794929327542203], [80.4637505816259, 16.797815018544803], [80.46365955492017, 16.799254824737535], [80.46365953645952, 16.799255122258568], [80.46360250511447, 16.800157201149922], [80.46357075069005, 16.800588718049877], [80.46353097822572, 16.801129189310206], [80.46352275448827, 16.80124093709843], [80.46330836653567, 16.804154199615454], [80.46352059378094, 16.805944243669575], [80.46358056789546, 16.80645196990563], [80.46377665079615, 16.808106318395975], [80.46462815960088, 16.811507473177826], [80.46536984187532, 16.814415908287145], [80.46590596019517, 16.81651818557554], [80.46585837030445, 16.816714952629], [80.46561707594977, 16.817712599825864], [80.46446966528573, 16.81913485307057], [80.46403798623008, 16.820144623691416], [80.46403794848548, 16.820144711347417], [80.46297352368722, 16.820008774973807], [80.46296023034326, 16.820007077827334], [80.46294520398511, 16.820005158449696], [80.46294131737142, 16.820004662525584], [80.46119204136006, 16.8195897521104], [80.46098732693359, 16.819541021038784], [80.46098614151497, 16.819540738358324], [80.46027032280392, 16.819723618849622], [80.45884060519587, 16.820454283832547], [80.4588379090958, 16.820455662319993], [80.45837996581541, 16.82042923051007], [80.45802899908242, 16.820408972297734], [80.45802690338289, 16.82040885151544], [80.45764457739014, 16.820812113032346], [80.45741162046951, 16.82105782571712], [80.45741152353115, 16.821057927726457], [80.45659223144982, 16.82192207031308], [80.45545989292296, 16.822043628111295], [80.45535997146135, 16.822054354449122], [80.45449506266213, 16.822147198631086], [80.45449296245121, 16.822147424198857], [80.45248788099033, 16.822786717846345], [80.45086367891886, 16.82397845043576], [80.44966829908579, 16.82526147107838], [80.44842397680533, 16.82691293807035], [80.44675277446638, 16.827828695256894], [80.4441083311588, 16.829056754423686], [80.4436007056575, 16.82929313511551], [80.44140405748291, 16.830253003570995], [80.44064013451568, 16.83066521609385], [80.44001257215722, 16.833925379107193], [80.44001254935714, 16.8339254975395], [80.43883243531138, 16.83382020125282], [80.43868940775879, 16.833807406795035], [80.43820749092495, 16.83376429720613], [80.4380815659813, 16.833753032492233], [80.43791953749246, 16.833738537939656], [80.43791404853374, 16.83373804730916], [80.4367673939378, 16.834424175593245], [80.43437784056036, 16.836303819052507], [80.4328017866681, 16.837126958785433], [80.43117810538507, 16.837721621474465], [80.43099933505489, 16.83794270318495], [80.43099740634204, 16.83794508772585], [80.42985515190635, 16.837960786850793], [80.42896697958636, 16.83800753733093], [80.42870871949809, 16.838006995198985], [80.42847276857486, 16.838017610408343], [80.42846862939885, 16.838017796162436], [80.42833777109078, 16.83803338651539], [80.42831010805847, 16.838036681964], [80.42823022931447, 16.8380412025786], [80.42800191575573, 16.83805412240308], [80.42800278989098, 16.83809231061149], [80.42800280526527, 16.83809298534021], [80.42800287022999, 16.838095811785532], [80.42801437775302, 16.83859845040998], [80.4280222870133, 16.838943921490106], [80.42802229040888, 16.838944080674935]]]}}]}